Time,Southern Oscillation Index,NINO3 SST
1866.002894179598,-0.62,
1866.0877693668122,-0.12,
1866.1644308262314,-0.62,
1866.2493060134457,-0.65,
1866.331443291395,0.04,
1866.4163184786094,-0.82,
1866.4984557565585,-0.34,
1866.5833309437728,0.36,
1866.668206130987,-0.18,
1866.7503434089363,0.07,
1866.8352185961505,1.1,
1866.9173558741,-0.16,
1867.0022310613142,0.09,
1867.0871062485285,-0.01,
1867.1637677079477,-0.09,
1867.248642895162,0.83,
1867.3307801731112,0.5,
1867.4156553603254,-0.48,
1867.4977926382749,0.44,
1867.5826678254891,0.34,
1867.6675430127034,0.12,
1867.7496802906526,-0.56,
1867.8345554778668,-0.65,
1867.9166927558163,-0.89,
1868.0015679430305,-0.16,
1868.0864431302448,-0.34,
1868.165842498929,-1.56,
1868.2507176861432,0.3,
1868.3328549640926,-1.34,
1868.4177301513068,-2.2,
1868.499867429256,-0.4,
1868.5847426164703,-1.41,
1868.6696178036846,-1.23,
1868.751755081634,-1.24,
1868.8366302688482,-1.49,
1868.9187675467974,0.52,
1869.0036427340117,-1.9,
1869.088517921226,-0.26,
1869.1651793806452,-0.59,
1869.2500545678595,2.12,
1869.332191845809,1.4,
1869.4170670330232,1.53,
1869.4992043109723,1.42,
1869.5840794981866,0.94,
1869.6689546854009,0.12,
1869.75109196335,0.85,
1869.8359671505643,0.56,
1869.9181044285137,0.42,
1870.002979615728,1.06,
1870.0878548029423,0.18,
1870.1645162623615,-0.75,
1870.2493914495758,0.47,
1870.331528727525,-0.11,
1870.4164039147392,-1.1,
1870.4985411926887,0.17,
1870.583416379903,0.98,
1870.6682915671172,0.0,
1870.7504288450664,-0.58,
1870.8353040322806,-0.86,
1870.91744131023,-1.29,
1871.0,,-0.35825
1871.0023164974443,-1.13,
1871.083333,,-0.2924584
1871.0871916846584,-0.13,
1871.1638531440778,-2.0,
1871.166667,,-0.1435833
1871.248728331292,-0.46,
1871.25,,-0.149625
1871.3308656092413,-0.47,
1871.333333,,-0.27425
1871.4157407964556,0.24,
1871.416667,,-0.3724167
1871.497878074405,0.31,
1871.5,,-0.2715
1871.5827532616192,0.38,
1871.583333,,-0.3378333
1871.666667,,-0.175625
1871.6676284488335,0.58,
1871.7497657267827,-0.14,
1871.75,,-0.052208334
1871.833333,,-0.005000001
1871.834640913997,-0.02,
1871.916667,,-0.218875
1871.9167781919462,0.97,
1872.0,,-0.5075001
1872.0016533791604,2.69,
1872.083333,,-0.533375
1872.0865285663747,1.12,
1872.165927935059,1.69,
1872.166667,,-0.5465834
1872.25,,-0.598875
1872.2508031222733,-0.54,
1872.3329404002227,1.35,
1872.333333,,-0.6535
1872.416667,,-0.5886667
1872.417815587437,2.45,
1872.4999528653861,2.3,
1872.5,,-0.5147501
1872.583333,,-0.6217501
1872.5848280526004,0.99,
1872.666667,,-1.00625
1872.6697032398147,3.14,
1872.75,,-0.9237084
1872.7518405177639,1.9,
1872.833333,,-0.8687084
1872.8367157049781,3.09,
1872.916667,,-0.783375
1872.9188529829275,2.8,
1873.0,,-0.7317083
1873.0037281701418,2.47,
1873.083333,,-0.8480834
1873.088603357356,1.12,
1873.1652648167753,1.63,
1873.166667,,-0.8297084
1873.25,,-0.6962501
1873.2501400039896,2.29,
1873.3322772819388,1.19,
1873.333333,,-0.4467084
1873.416667,,-0.3306667
1873.417152469153,-3.09,
1873.4992897471025,-1.14,
1873.5,,-0.151875
1873.583333,,-0.3927917
1873.5841649343167,-0.59,
1873.666667,,-0.3576667
1873.669040121531,-2.13,
1873.75,,-0.6431251
1873.7511773994802,-1.78,
1873.833333,,-1.021875
1873.8360525866944,-0.36,
1873.916667,,-1.1575
1873.9181898646439,1.33,
1874.0,,-0.977125
1874.003065051858,0.9,
1874.083333,,-1.094875
1874.0879402390722,-0.28,
1874.1646016984917,-0.52,
1874.166667,,-0.9694167
1874.249476885706,0.98,
1874.25,,-0.838
1874.331614163655,1.29,
1874.333333,,-0.7487084
1874.4164893508694,-1.92,
1874.416667,,-0.7400834
1874.4986266288188,-0.14,
1874.5,,-0.8526251
1874.583333,,-1.169375
1874.583501816033,0.75,
1874.666667,,-1.00825
1874.668377003247,2.03,
1874.75,,-1.027667
1874.7505142811965,2.19,
1874.833333,,-1.241292
1874.8353894684108,0.53,
1874.916667,,-0.78575
1874.91752674636,1.28,
1875.0,,-0.5002084
1875.0024019335742,0.65,
1875.083333,,-0.7718334
1875.0872771207885,-0.11,
1875.163938580208,-1.0,
1875.166667,,-0.4692917
1875.2488137674222,1.4,
1875.25,,-0.7503334
1875.3309510453714,0.75,
1875.333333,,-0.6111667
1875.4158262325857,2.57,
1875.416667,,-0.5960833
1875.4979635105349,-0.49,
1875.5,,-0.4154584
1875.5828386977491,-0.21,
1875.583333,,-0.7095
1875.666667,,-0.5875417
1875.6677138849634,0.83,
1875.7498511629128,0.93,
1875.75,,-0.87975
1875.833333,,-0.7973334
1875.834726350127,-1.54,
1875.916667,,-0.64225
1875.9168636280763,-0.54,
1876.0,,-0.9426667
1876.0017388152905,1.16,
1876.083333,,-0.9870834
1876.0866140025048,0.98,
1876.1660133711891,-0.1,
1876.166667,,-0.9531251
1876.25,,-0.9444584
1876.2508885584034,0.94,
1876.3330258363526,0.75,
1876.333333,,-0.48925
1876.416667,,-0.2585834
1876.4179010235669,1.98,
1876.5,,-0.022625001
1876.5000383015163,-0.51,
1876.583333,,-0.039333332
1876.5849134887305,1.08,
1876.666667,,-0.065291673
1876.6697886759448,0.98,
1876.75,,0.4621667
1876.751925953894,-1.0,
1876.833333,,0.44225
1876.8368011411083,-0.46,
1876.916667,,0.3955834
1876.9189384190574,-0.45,
1877.0,,0.6929584
1877.0038136062717,-0.88,
1877.083333,,0.644125
1877.088688793486,-1.44,
1877.1653502529055,-1.07,
1877.166667,,0.7826667
1877.25,,1.152708
1877.2502254401197,-3.87,
1877.332362718069,-1.71,
1877.333333,,1.144458
1877.416667,,1.700083
1877.4172379052832,-4.34,
1877.4993751832326,-0.96,
1877.5,,1.855333
1877.583333,,2.149458
1877.5842503704466,-1.06,
1877.666667,,2.492959
1877.669125557661,-1.71,
1877.75,,2.531792
1877.7512628356103,-1.7,
1877.833333,,2.617208
1877.8361380228246,-1.31,
1877.916667,,2.767667
1877.9182753007738,-1.52,
1878.0,,2.706458
1878.003150487988,-0.98,
1878.083333,,2.489792
1878.0880256752023,-2.22,
1878.1646871346218,-1.86,
1878.166667,,2.063375
1878.2495623218358,-1.07,
1878.25,,1.616333
1878.3316995997852,0.1,
1878.333333,,1.422458
1878.4165747869995,-0.59,
1878.416667,,1.187625
1878.4987120649487,1.6,
1878.5,,0.8755417
1878.583333,,0.4312917
1878.583587252163,1.12,
1878.666667,,-0.079916663
1878.6684624393772,1.7,
1878.75,,-0.3452917
1878.7505997173266,0.94,
1878.833333,,-0.3299583
1878.835474904541,1.39,
1878.916667,,-0.3771667
1878.91761218249,1.89,
1879.0,,-0.085000001
1879.0024873697043,1.28,
1879.083333,,0.125875
1879.0873625569186,1.33,
1879.1640240163379,1.3,
1879.166667,,-0.037000004
1879.2488992035521,1.59,
1879.25,,-0.050875004
1879.3310364815015,0.1,
1879.333333,,-0.064750001
1879.4159116687158,1.85,
1879.416667,,-0.211625
1879.498048946665,2.19,
1879.5,,-0.340875
1879.5829241338793,2.2,
1879.583333,,-0.7759584
1879.666667,,-0.5237917
1879.6677993210935,1.8,
1879.7499365990427,1.53,
1879.75,,-0.5384583
1879.833333,,-0.6566667
1879.834811786257,0.76,
1879.916667,,-0.9757084
1879.9169490642064,-0.71,
1880.0,,-1.141333
1880.0018242514207,1.14,
1880.083333,,-0.3616667
1880.086699438635,0.7,
1880.1660988073193,1.43,
1880.166667,,-0.1692917
1880.25,,-0.081583336
1880.2509739945335,0.79,
1880.3331112724827,1.22,
1880.333333,,-0.120875
1880.416667,,-0.2335833
1880.417986459697,0.97,
1880.5,,-0.4069167
1880.5001237376462,0.21,
1880.583333,,-0.106875
1880.5849989248604,1.26,
1880.666667,,0.198125
1880.6698741120747,0.73,
1880.75,,0.4769167
1880.752011390024,0.56,
1880.833333,,0.3572083
1880.8368865772384,0.74,
1880.916667,,0.441
1880.9190238551876,-0.33,
1881.0,,0.424375
1881.0038990424018,-0.84,
1881.083333,,0.2991667
1881.088774229616,-0.67,
1881.1654356890353,0.02,
1881.166667,,0.3142917
1881.25,,0.4110417
1881.2503108762496,0.43,
1881.332448154199,-0.56,
1881.333333,,0.3185
1881.416667,,0.120375
1881.4173233414133,-0.78,
1881.4994606193625,-0.51,
1881.5,,-0.039375
1881.583333,,0.093166672
1881.5843358065767,-1.39,
1881.666667,,0.010208331
1881.669210993791,-1.35,
1881.75,,-0.1216667
1881.7513482717404,-2.6,
1881.833333,,-0.3246667
1881.8362234589547,0.49,
1881.916667,,-0.3718334
1881.9183607369039,0.7,
1882.0,,-0.4365
1882.0032359241181,-0.76,
1882.083333,,-0.3974583
1882.0881111113324,-0.26,
1882.1647725707517,0.41,
1882.166667,,-0.2572917
1882.249647757966,-0.06,
1882.25,,-0.1872917
1882.3317850359153,0.35,
1882.333333,,-0.3114583
1882.4166602231296,-1.75,
1882.416667,,-0.772375
1882.4987975010788,-2.13,
1882.5,,-0.9150833
1882.583333,,-0.6934167
1882.583672688293,-2.74,
1882.666667,,-0.3923334
1882.6685478755073,-1.44,
1882.75,,-0.5960417
1882.7506851534565,-0.09,
1882.833333,,-0.71075
1882.8355603406708,0.21,
1882.916667,,-0.63225
1882.9176976186202,1.04,
1883.0,,-0.5949167
1883.0025728058345,0.48,
1883.083333,,-0.4695417
1883.0874479930487,-0.95,
1883.164109452468,-2.94,
1883.166667,,-0.059458334
1883.2489846396822,1.63,
1883.25,,0.1316667
1883.3311219176314,1.47,
1883.333333,,0.1386667
1883.4159971048457,0.26,
1883.416667,,0.1852083
1883.4981343827951,-1.01,
1883.5,,0.232125
1883.5830095700094,0.06,
1883.583333,,0.2109167
1883.666667,,0.088708334
1883.6678847572236,-0.81,
1883.75,,-0.1018333
1883.7500220351728,0.36,
1883.833333,,0.052208338
1883.834897222387,0.19,
1883.916667,,-0.172625
1883.9170345003365,-1.77,
1884.0,,-0.2718334
1884.0019096875508,-1.4,
1884.083333,,-0.246375
1884.086784874765,-0.61,
1884.1661842434492,0.88,
1884.166667,,0.100625
1884.25,,0.518
1884.2510594306634,-1.6,
1884.3331967086128,0.18,
1884.333333,,0.463625
1884.416667,,0.2621667
1884.418071895827,0.98,
1884.5,,0.2916667
1884.5002091737763,-0.28,
1884.583333,,0.4677917
1884.5850843609905,-0.63,
1884.666667,,0.4278334
1884.6699595482048,-0.7,
1884.75,,0.7608334
1884.7520968261542,0.38,
1884.833333,,0.751875
1884.8369720133685,-0.26,
1884.916667,,0.8725833
1884.9191092913177,-1.5,
1885.0,,0.7250001
1885.003984478532,-1.78,
1885.083333,,0.2949167
1885.0888596657462,0.04,
1885.1655211251655,0.39,
1885.166667,,0.4200417
1885.25,,0.3786667
1885.2503963123797,0.16,
1885.3325335903291,0.01,
1885.333333,,0.16825
1885.416667,,0.1327917
1885.4174087775434,-1.91,
1885.4995460554926,-0.45,
1885.5,,-0.04025
1885.583333,,0.1744583
1885.5844212427069,-1.13,
1885.666667,,0.5649583
1885.6692964299211,-0.43,
1885.75,,0.7364167
1885.7514337078703,-1.92,
1885.833333,,0.7877501
1885.8363088950846,-1.55,
1885.916667,,0.6388751
1885.918446173034,0.47,
1886.0,,0.071375005
1886.0033213602483,-0.22,
1886.083333,,-0.4070834
1886.0881965474625,0.0,
1886.1648580068818,0.15,
1886.166667,,-0.3071667
1886.249733194096,0.49,
1886.25,,-0.3339584
1886.3318704720452,0.54,
1886.333333,,-0.5292084
1886.416667,,-0.9582917
1886.4167456592595,0.43,
1886.498882937209,0.74,
1886.5,,-0.9317084
1886.583333,,-0.8658334
1886.5837581244232,1.33,
1886.666667,,-0.66
1886.6686333116374,1.28,
1886.75,,-0.9444167
1886.7507705895866,1.3,
1886.833333,,-0.9131667
1886.835645776801,0.88,
1886.916667,,-1.1235
1886.9177830547503,1.51,
1887.0,,-0.9293334
1887.0026582419646,1.2,
1887.083333,,-0.8668334
1887.0875334291788,0.95,
1887.164194888598,0.95,
1887.166667,,-0.668875
1887.2490700758124,1.0,
1887.25,,-0.5621667
1887.3312073537616,-0.58,
1887.333333,,-0.1482917
1887.4160825409758,0.46,
1887.416667,,-0.018666666
1887.4982198189252,0.53,
1887.5,,-0.004416665
1887.5830950061395,0.33,
1887.583333,,-0.3265834
1887.666667,,-0.013166666
1887.6679701933538,0.45,
1887.75,,0.003291665
1887.750107471303,0.51,
1887.833333,,0.2019167
1887.8349826585172,-0.63,
1887.916667,,0.29225
1887.9171199364664,0.45,
1888.0,,0.5075834
1888.0019951236807,-0.32,
1888.083333,,0.6724584
1888.086870310895,-0.33,
1888.1662696795793,-1.47,
1888.166667,,0.5879584
1888.25,,0.4784167
1888.2511448667935,-2.8,
1888.333282144743,-1.12,
1888.333333,,0.8720834
1888.416667,,0.8656251
1888.4181573319572,-2.16,
1888.5,,0.8955417
1888.5002946099064,-1.64,
1888.583333,,0.9285834
1888.5851697971207,-1.09,
1888.666667,,1.491667
1888.670044984335,-0.94,
1888.75,,1.800875
1888.7521822622841,-1.61,
1888.833333,,1.976417
1888.8370574494984,-1.37,
1888.916667,,2.133417
1888.9191947274478,-0.4,
1889.0,,2.080333
1889.004069914662,-2.84,
1889.083333,,1.609333
1889.0889451018763,-0.21,
1889.1656065612956,-3.2,
1889.166667,,1.285208
1889.25,,0.9745001
1889.2504817485099,0.07,
1889.332619026459,-0.19,
1889.333333,,0.7251667
1889.416667,,0.213875
1889.4174942136733,2.49,
1889.4996314916227,0.18,
1889.5,,-0.2727083
1889.583333,,-0.9476667
1889.584506678837,0.05,
1889.666667,,-0.734125
1889.6693818660513,1.05,
1889.75,,-1.057833
1889.7515191440004,0.29,
1889.833333,,-1.149708
1889.8363943312147,1.92,
1889.916667,,-1.107625
1889.9185316091641,2.35,
1890.0,,-1.387458
1890.0034067963782,2.16,
1890.083333,,-0.8440834
1890.0882819835924,1.03,
1890.164943443012,1.43,
1890.166667,,-0.8429584
1890.2498186302262,0.75,
1890.25,,-0.5572917
1890.3319559081754,0.35,
1890.333333,,-0.4417084
1890.416667,,-0.573
1890.4168310953896,0.45,
1890.498968373339,-0.23,
1890.5,,-0.6245
1890.583333,,-0.6909584
1890.5838435605533,-0.42,
1890.666667,,-0.630625
1890.6687187477676,0.88,
1890.75,,-0.972875
1890.7508560257168,0.17,
1890.833333,,-0.8632084
1890.835731212931,0.16,
1890.916667,,-0.2230833
1890.9178684908802,-0.04,
1891.0,,0.008083332
1891.0027436780945,1.56,
1891.083333,,0.1995
1891.0876188653087,-0.49,
1891.1642803247282,-1.22,
1891.166667,,0.1517917
1891.2491555119425,0.7,
1891.25,,0.5333334
1891.3312927898917,0.28,
1891.333333,,0.6607917
1891.416167977106,-0.28,
1891.416667,,0.6017917
1891.4983052550551,-0.58,
1891.5,,0.4714167
1891.5831804422694,-1.2,
1891.583333,,0.3405834
1891.666667,,-0.080291674
1891.6680556294837,-1.08,
1891.75,,0.081125006
1891.750192907433,0.05,
1891.833333,,0.1595833
1891.8350680946473,-0.49,
1891.916667,,-0.014874998
1891.9172053725965,-0.62,
1892.0,,0.016916668
1892.0020805598108,0.2,
1892.083333,,-0.042416666
1892.086955747025,-1.13,
1892.1663551157094,1.09,
1892.166667,,-0.1315833
1892.25,,-0.3770834
1892.2512303029237,0.96,
1892.333333,,-0.427375
1892.3333675808728,1.37,
1892.416667,,-0.6754584
1892.418242768087,2.25,
1892.5,,-0.8216251
1892.5003800460365,0.78,
1892.583333,,-0.9602084
1892.5852552332508,0.48,
1892.666667,,-1.269583
1892.670130420465,0.01,
1892.75,,-1.720042
1892.7522676984142,0.85,
1892.833333,,-1.53575
1892.8371428856285,-0.88,
1892.916667,,-1.372083
1892.9192801635777,0.3,
1893.0,,-1.338
1893.004155350792,0.91,
1893.083333,,-1.46625
1893.0890305380062,0.65,
1893.1656919974257,0.32,
1893.166667,,-1.1235
1893.25,,-1.090375
1893.25056718464,1.44,
1893.3327044625892,1.76,
1893.333333,,-1.163208
1893.416667,,-1.078
1893.4175796498034,2.15,
1893.4997169277528,1.88,
1893.5,,-0.8739167
1893.583333,,-0.8139584
1893.5845921149669,0.6,
1893.666667,,-0.7962084
1893.6694673021811,1.21,
1893.75,,-0.8024583
1893.7516045801306,0.63,
1893.833333,,-0.787375
1893.8364797673448,0.83,
1893.916667,,-0.6128334
1893.918617045294,-0.5,
1894.0,,-0.7223334
1894.0034922325083,2.15,
1894.083333,,-0.7022917
1894.0883674197225,0.97,
1894.165028879142,0.82,
1894.166667,,-0.7405417
1894.2499040663563,1.1,
1894.25,,-0.544875
1894.3320413443055,-0.86,
1894.333333,,-0.5567917
1894.416667,,-0.2485417
1894.4169165315197,-0.01,
1894.499053809469,0.47,
1894.5,,-0.1227083
1894.583333,,-0.3525833
1894.5839289966832,-1.4,
1894.666667,,-0.19175
1894.6688041838975,-0.24,
1894.75,,-0.3084584
1894.7509414618469,0.31,
1894.833333,,-0.257
1894.8358166490611,-0.89,
1894.916667,,-0.4374584
1894.9179539270103,0.07,
1895.0,,-0.29525
1895.0028291142246,0.54,
1895.083333,,-0.3299583
1895.0877043014389,0.62,
1895.1643657608581,-0.26,
1895.166667,,-0.036875002
1895.2492409480724,1.34,
1895.25,,0.1225417
1895.3313782260218,0.65,
1895.333333,,0.2082084
1895.416253413236,-1.26,
1895.416667,,0.071833342
1895.4983906911853,-0.75,
1895.5,,0.034249999
1895.5832658783995,-1.02,
1895.583333,,0.1906667
1895.666667,,0.5338334
1895.6681410656138,-0.52,
1895.75,,0.4949583
1895.750278343563,-0.82,
1895.833333,,0.8026667
1895.8351535307772,-0.47,
1895.916667,,0.6525834
1895.9172908087266,-1.0,
1896.0,,0.4958333
1896.002165995941,0.07,
1896.083333,,0.4000417
1896.0870411831552,0.37,
1896.1664405518395,-0.84,
1896.166667,,0.4307083
1896.25,,0.3883334
1896.2513157390538,-1.19,
1896.333333,,0.3617917
1896.333453017003,-3.23,
1896.416667,,0.4791667
1896.4183282042172,-2.99,
1896.5,,0.8193334
1896.5004654821664,-1.39,
1896.583333,,1.329792
1896.5853406693807,-2.55,
1896.666667,,1.171667
1896.670215856595,-1.88,
1896.75,,1.297125
1896.7523531345444,-2.01,
1896.833333,,1.748625
1896.8372283217586,-1.26,
1896.916667,,2.118833
1896.9193655997078,-1.69,
1897.0,,1.829625
1897.004240786922,-1.42,
1897.083333,,1.48775
1897.0891159741363,-0.86,
1897.1657774335556,-2.01,
1897.166667,,0.8815417
1897.25,,0.4305
1897.2506526207699,-2.0,
1897.3327898987193,-1.59,
1897.333333,,0.2119583
1897.416667,,0.096708342
1897.4176650859335,-0.16,
1897.4998023638827,-0.19,
1897.5,,0.053416669
1897.583333,,-0.176
1897.584677551097,-0.11,
1897.666667,,-0.033958334
1897.6695527383113,0.0,
1897.75,,-0.2251667
1897.7516900162607,0.1,
1897.833333,,-0.44
1897.836565203475,-0.96,
1897.916667,,-0.3957084
1897.9187024814241,1.04,
1898.0,,-0.2940833
1898.0035776686384,0.65,
1898.083333,,-0.4296667
1898.0884528558527,0.47,
1898.165114315272,2.02,
1898.166667,,-0.491375
1898.2499895024862,1.34,
1898.25,,-0.1282083
1898.3321267804356,-0.11,
1898.333333,,-0.178375
1898.416667,,-0.2380833
1898.4170019676499,-0.51,
1898.499139245599,0.65,
1898.5,,-0.38575
1898.583333,,-0.5320417
1898.5840144328133,0.72,
1898.666667,,-0.4879167
1898.6688896200276,0.88,
1898.75,,-0.5490834
1898.7510268979768,0.34,
1898.833333,,-0.6995834
1898.835902085191,0.02,
1898.916667,,-0.7157084
1898.9180393631405,0.42,
1899.0,,-0.5652917
1899.0029145503547,1.31,
1899.083333,,-0.3799584
1899.087789737569,0.87,
1899.1644511969882,1.38,
1899.166667,,-0.1103333
1899.2493263842025,0.49,
1899.25,,0.2863334
1899.3314636621517,-0.76,
1899.333333,,0.5398334
1899.416338849366,-1.43,
1899.416667,,0.604625
1899.4984761273154,-0.53,
1899.5,,0.7571667
1899.583333,,1.064542
1899.5833513145296,-1.18,
1899.666667,,1.128333
1899.668226501744,-0.19,
1899.75,,1.298375
1899.750363779693,0.74,
1899.833333,,1.327333
1899.8352389669074,1.66,
1899.916667,,1.540083
1899.9173762448568,-0.44,
1900.0,,1.431417
1900.002251432071,-0.89,
1900.083333,,1.351583
1900.0871266192853,-0.73,
1900.1637880787046,-2.95,
1900.166667,,1.038333
1900.2486632659188,-2.1,
1900.25,,1.026667
1900.330800543868,-0.76,
1900.333333,,0.9553334
1900.4156757310823,3.1,
1900.416667,,0.8507084
1900.4978130090317,1.02,
1900.5,,0.7727084
1900.582688196246,0.75,
1900.583333,,0.622875
1900.666667,,0.4963334
1900.6675633834602,-1.61,
1900.7497006614094,-2.13,
1900.75,,0.5059167
1900.833333,,0.2985
1900.8345758486237,-0.75,
1900.916667,,0.5063334
1900.9167131265729,-0.73,
1901.0,,0.327375
1901.0015883137871,-0.09,
1901.083333,,0.136125
1901.0864635010014,0.21,
1901.1631249604209,0.88,
1901.166667,,-0.112375
1901.2480001476351,0.64,
1901.25,,0.012583335
1901.3301374255843,0.08,
1901.333333,,-0.098666668
1901.4150126127986,2.3,
1901.416667,,-0.2424167
1901.4971498907478,1.51,
1901.5,,-0.394125
1901.582025077962,0.8,
1901.583333,,-0.31425
1901.666667,,-0.2810833
1901.6669002651763,-1.58,
1901.7490375431257,-2.69,
1901.75,,-0.098124996
1901.833333,,-0.093250006
1901.83391273034,-0.95,
1901.9160500082892,-0.32,
1901.916667,,-0.001625003
1902.0,,0.2580833
1902.0009251955034,1.68,
1902.083333,,0.4116667
1902.0858003827177,-0.28,
1902.162461842137,1.1,
1902.166667,,0.491125
1902.2473370293512,1.15,
1902.25,,0.6415
1902.3294743073006,1.41,
1902.333333,,0.8915833
1902.414349494515,0.24,
1902.416667,,1.180208
1902.496486772464,0.21,
1902.5,,1.549333
1902.5813619596784,-1.09,
1902.583333,,1.597583
1902.6662371468926,-1.76,
1902.666667,,1.634208
1902.748374424842,-0.77,
1902.75,,1.550208
1902.8332496120563,-0.26,
1902.833333,,1.778667
1902.9153868900055,-0.45,
1902.916667,,1.554833
1903.0,,1.133708
1903.0002620772198,-1.1,
1903.083333,,0.8522917
1903.085137264434,-1.11,
1903.1617987238533,1.8,
1903.166667,,0.5903333
1903.2466739110675,2.18,
1903.25,,0.23875
1903.328811189017,0.92,
1903.333333,,-0.022041667
1903.4136863762312,-0.22,
1903.416667,,-0.297875
1903.4958236541804,0.6,
1903.5,,-0.4165
1903.5806988413947,-0.15,
1903.583333,,-0.4931667
1903.665574028609,0.81,
1903.666667,,-0.570875
1903.7477113065581,0.3,
1903.75,,-0.5977917
1903.8325864937724,-0.05,
1903.833333,,-0.7731667
1903.9147237717218,1.66,
1903.916667,,-0.9750417
1903.999598958936,1.39,
1904.0,,-0.6440833
1904.083333,,-0.428
1904.0844741461503,1.53,
1904.1638735148347,0.89,
1904.166667,,-0.2572083
1904.248748702049,3.64,
1904.25,,0.010875
1904.3308859799981,1.0,
1904.333333,,0.2477084
1904.4157611672124,-1.01,
1904.416667,,0.3547917
1904.4978984451616,-0.87,
1904.5,,0.6286667
1904.5827736323758,-0.11,
1904.583333,,0.7090834
1904.666667,,0.5278333
1904.66764881959,-0.01,
1904.7497860975395,-0.11,
1904.75,,0.7075
1904.833333,,0.7598334
1904.8346612847538,-1.81,
1904.916667,,0.9316251
1904.916798562703,0.18,
1905.0,,1.019167
1905.0016737499172,-1.08,
1905.083333,,0.8944167
1905.0865489371315,-1.84,
1905.1632103965508,-3.51,
1905.166667,,1.034833
1905.248085583765,-3.05,
1905.25,,1.164208
1905.3302228617144,-1.68,
1905.333333,,1.537708
1905.4150980489287,-2.29,
1905.416667,,1.602917
1905.497235326878,-2.11,
1905.5,,1.505667
1905.5821105140922,-0.96,
1905.583333,,1.491333
1905.666667,,1.676708
1905.6669857013064,-0.7,
1905.7491229792558,-0.83,
1905.75,,1.574875
1905.833333,,1.520417
1905.83399816647,-1.81,
1905.9161354444193,-1.57,
1905.916667,,1.506417
1906.0,,1.362167
1906.0010106316336,-0.43,
1906.083333,,0.9341251
1906.0858858188478,-0.88,
1906.162547278267,-0.56,
1906.166667,,0.4799584
1906.2474224654813,-0.84,
1906.25,,0.6007917
1906.3295597434308,-1.03,
1906.333333,,0.1574167
1906.414434930645,-0.71,
1906.416667,,0.054291662
1906.4965722085942,0.68,
1906.5,,-0.241875
1906.5814473958085,1.43,
1906.583333,,-0.7842917
1906.6663225830227,1.75,
1906.666667,,-0.5009583
1906.748459860972,0.81,
1906.75,,-0.559125
1906.833333,,-0.5752917
1906.8333350481862,1.95,
1906.9154723261356,0.3,
1906.916667,,-0.4164167
1907.0,,-0.406125
1907.0003475133499,0.56,
1907.083333,,-0.383875
1907.0852227005641,-0.23,
1907.1618841599834,-0.32,
1907.166667,,-0.182625
1907.2467593471977,-0.84,
1907.25,,0.027749997
1907.3288966251469,-0.57,
1907.333333,,0.195625
1907.4137718123611,0.45,
1907.416667,,0.424625
1907.4959090903105,-0.03,
1907.5,,0.414
1907.5807842775248,-1.05,
1907.583333,,0.16975
1907.665659464739,-0.07,
1907.666667,,0.093208335
1907.7477967426883,-0.43,
1907.75,,-0.013416667
1907.8326719299025,-0.58,
1907.833333,,-0.2274167
1907.914809207852,0.65,
1907.916667,,0.1665833
1907.9996843950662,-0.99,
1908.0,,-0.076125003
1908.083333,,-0.1080833
1908.0845595822805,0.84,
1908.1639589509646,-0.41,
1908.166667,,-0.3264167
1908.2488341381788,1.02,
1908.25,,-0.5873333
1908.3309714161282,0.18,
1908.333333,,-0.5269583
1908.4158466033425,-0.63,
1908.416667,,-0.3969167
1908.4979838812917,1.43,
1908.5,,-0.6345834
1908.582859068506,0.2,
1908.583333,,-0.4517917
1908.666667,,-0.597125
1908.6677342557202,1.67,
1908.7498715336696,0.72,
1908.75,,-0.6689584
1908.833333,,-0.84425
1908.834746720884,0.09,
1908.916667,,-1.075167
1908.916883998833,-0.71,
1909.0,,-0.8266667
1909.0017591860474,-0.3,
1909.083333,,-0.6670001
1909.0866343732616,-0.4,
1909.163295832681,-0.15,
1909.166667,,-0.511
1909.2481710198952,-1.78,
1909.25,,-0.3935
1909.3303082978446,0.07,
1909.333333,,-0.331875
1909.4151834850588,2.63,
1909.416667,,-0.4347917
1909.497320763008,1.08,
1909.5,,-0.4260834
1909.5821959502223,0.89,
1909.583333,,-0.4435417
1909.666667,,-0.5923334
1909.6670711374366,0.06,
1909.7492084153857,0.2,
1909.75,,-0.9321667
1909.833333,,-1.226875
1909.8340836026,0.74,
1909.9162208805494,0.41,
1909.916667,,-1.02675
1910.0,,-0.9135417
1910.0010960677637,0.6,
1910.083333,,-0.9789167
1910.085971254978,1.42,
1910.1626327143972,1.25,
1910.166667,,-0.96975
1910.2475079016115,0.39,
1910.25,,-1.154583
1910.3296451795607,0.09,
1910.333333,,-1.004042
1910.414520366775,2.49,
1910.416667,,-0.649875
1910.4966576447243,2.07,
1910.5,,-0.61075
1910.5815328319386,0.89,
1910.583333,,-0.8955
1910.6664080191529,1.46,
1910.666667,,-0.5580417
1910.748545297102,1.04,
1910.75,,-0.5992084
1910.833333,,-0.6202917
1910.8334204843163,1.74,
1910.9155577622657,1.66,
1910.916667,,-0.5151667
1911.0,,-0.4992917
1911.00043294948,0.3,
1911.083333,,-0.835375
1911.085308136694,0.01,
1911.1619695961135,0.22,
1911.166667,,-0.7784167
1911.2468447833278,0.05,
1911.25,,-0.6631667
1911.328982061277,-0.74,
1911.333333,,-0.213125
1911.4138572484912,-1.55,
1911.416667,,0.1304583
1911.4959945264407,-1.26,
1911.5,,0.3517084
1911.580869713655,-1.41,
1911.583333,,0.5590417
1911.6657449008692,-0.88,
1911.666667,,0.7210833
1911.7478821788184,-1.3,
1911.75,,0.984875
1911.8327573660326,-0.81,
1911.833333,,1.256125
1911.9148946439818,-0.27,
1911.916667,,1.547542
1911.999769831196,-1.11,
1912.0,,1.391042
1912.083333,,1.138958
1912.0846450184104,-1.83,
1912.1640443870947,-1.14,
1912.166667,,0.8085417
1912.248919574309,-2.27,
1912.25,,0.7455834
1912.3310568522584,-1.12,
1912.333333,,0.471375
1912.4159320394726,-0.99,
1912.416667,,0.2027917
1912.4980693174218,-0.05,
1912.5,,-0.159
1912.582944504636,-0.94,
1912.583333,,-0.2946667
1912.666667,,-0.1462917
1912.6678196918504,-0.4,
1912.7499569697995,-0.97,
1912.75,,-0.017583333
1912.833333,,0.027333332
1912.8348321570138,0.12,
1912.916667,,-0.034875002
1912.9169694349632,-1.01,
1913.0,,0.33625
1913.0018446221775,-0.41,
1913.083333,,0.3775834
1913.0867198093918,-0.63,
1913.163381268811,0.01,
1913.166667,,-0.047041669
1913.2482564560253,-0.79,
1913.25,,-0.2415833
1913.3303937339745,-0.56,
1913.333333,,-0.1526667
1913.4152689211887,-0.6,
1913.416667,,0.1026667
1913.4974061991381,-0.12,
1913.5,,0.2762917
1913.5822813863524,-0.92,
1913.583333,,0.3826667
1913.666667,,0.4737084
1913.6671565735667,-0.95,
1913.7492938515159,-1.02,
1913.75,,0.6095001
1913.833333,,0.827
1913.8341690387301,-1.25,
1913.9163063166793,-0.89,
1913.916667,,1.058167
1914.0,,1.061042
1914.0011815038936,-0.74,
1914.083333,,0.7104584
1914.0860566911078,0.18,
1914.1627181505273,0.88,
1914.166667,,0.7070417
1914.2475933377416,-2.27,
1914.25,,1.0035
1914.3297306156908,-1.21,
1914.333333,,0.8069584
1914.414605802905,-2.64,
1914.416667,,0.4959167
1914.4967430808545,-0.97,
1914.5,,0.7023751
1914.5816182680687,-1.84,
1914.583333,,1.031
1914.6664934552828,-1.47,
1914.666667,,1.057417
1914.7486307332322,-0.73,
1914.75,,1.202125
1914.833333,,1.358708
1914.8335059204464,-0.47,
1914.9156431983956,0.17,
1914.916667,,1.464042
1915.0,,1.508792
1915.00051838561,-2.71,
1915.083333,,1.496
1915.0853935728242,-0.59,
1915.1620550322436,-2.49,
1915.166667,,1.468292
1915.246930219458,-1.49,
1915.25,,1.344417
1915.329067497407,1.22,
1915.333333,,1.323167
1915.4139426846214,2.68,
1915.416667,,1.216
1915.4960799625705,2.53,
1915.5,,1.066542
1915.5809551497848,1.3,
1915.583333,,0.5688334
1915.665830336999,1.34,
1915.666667,,0.2486667
1915.7479676149485,0.95,
1915.75,,0.1170833
1915.8328428021628,-1.74,
1915.833333,,-0.058958333
1915.914980080112,0.99,
1915.916667,,-0.317
1915.9998552673262,0.56,
1916.0,,-0.5287501
1916.083333,,-0.6020417
1916.0847304545405,-0.52,
1916.1641298232248,-0.83,
1916.166667,,-0.582625
1916.249005010439,0.01,
1916.25,,-0.6352084
1916.3311422883883,0.43,
1916.333333,,-0.8247917
1916.4160174756025,0.75,
1916.416667,,-0.9106667
1916.498154753552,2.57,
1916.5,,-0.9301667
1916.5830299407662,1.51,
1916.583333,,-1.302542
1916.666667,,-1.20875
1916.6679051279805,0.42,
1916.75,,-1.114375
1916.7500424059297,0.36,
1916.833333,,-1.212958
1916.834917593144,0.77,
1916.916667,,-1.279917
1916.9170548710931,1.62,
1917.0,,-1.413417
1917.0019300583074,0.46,
1917.083333,,-1.187125
1917.0868052455216,0.98,
1917.1634667049411,1.86,
1917.166667,,-1.308708
1917.2483418921554,2.58,
1917.25,,-0.6171667
1917.3304791701046,2.4,
1917.333333,,-0.2916667
1917.4153543573188,2.39,
1917.416667,,0.1084167
1917.497491635268,2.83,
1917.5,,0.1105
1917.5823668224823,3.48,
1917.583333,,-0.1784167
1917.666667,,-0.4289167
1917.6672420096966,2.84,
1917.749379287646,1.51,
1917.75,,-0.7699167
1917.833333,,-1.043167
1917.8342544748602,1.93,
1917.9163917528094,2.4,
1917.916667,,-1.0985
1918.0,,-1.100208
1918.0012669400237,1.46,
1918.083333,,-0.776625
1918.086142127238,1.58,
1918.1628035866574,-0.39,
1918.166667,,-0.2953333
1918.2476787738715,2.07,
1918.25,,0.1034167
1918.329816051821,1.09,
1918.333333,,0.5635417
1918.4146912390352,-0.78,
1918.416667,,0.841
1918.4968285169844,-1.38,
1918.5,,1.06325
1918.5817037041986,-0.64,
1918.583333,,1.173333
1918.6665788914129,-0.85,
1918.666667,,1.415042
1918.7487161693623,-0.62,
1918.75,,1.760667
1918.833333,,1.932667
1918.8335913565766,0.02,
1918.9157286345257,-1.0,
1918.916667,,1.797208
1919.0,,1.730833
1919.00060382174,-1.62,
1919.083333,,1.558167
1919.0854790089543,-1.19,
1919.1621404683735,-1.57,
1919.166667,,1.312458
1919.2470156555878,-0.37,
1919.25,,1.159042
1919.3291529335372,-0.96,
1919.333333,,0.8925417
1919.4140281207515,-1.46,
1919.416667,,0.599875
1919.4961653987007,-0.87,
1919.5,,0.3899584
1919.581040585915,-0.9,
1919.583333,,0.6140833
1919.6659157731292,-0.59,
1919.666667,,0.5985417
1919.7480530510784,-1.25,
1919.75,,0.4863333
1919.8329282382927,-1.23,
1919.833333,,0.589
1919.915065516242,-1.12,
1919.916667,,0.9495417
1919.9999407034563,0.18,
1920.0,,1.106708
1920.083333,,1.144208
1920.0848158906706,-0.29,
1920.164215259355,-0.63,
1920.166667,,0.9491251
1920.2490904465692,-0.1,
1920.25,,0.964875
1920.3312277245184,-0.4,
1920.333333,,1.019875
1920.4161029117327,0.4,
1920.416667,,0.74275
1920.4982401896818,0.92,
1920.5,,0.2820417
1920.583115376896,0.44,
1920.583333,,0.163
1920.666667,,0.142375
1920.6679905641104,0.47,
1920.75,,-0.1117083
1920.7501278420598,-0.69,
1920.833333,,-0.144125
1920.835003029274,-0.19,
1920.916667,,-0.055499997
1920.9171403072232,0.99,
1921.0,,-0.188375
1921.0020154944375,1.09,
1921.083333,,-0.5710417
1921.0868906816518,0.58,
1921.163552141071,1.07,
1921.166667,,-1.287125
1921.2484273282853,-1.28,
1921.25,,-0.5607083
1921.3305646062347,-0.01,
1921.333333,,-0.2544583
1921.415439793449,4.07,
1921.416667,,-0.1210417
1921.4975770713982,0.29,
1921.5,,-0.1094583
1921.5824522586124,-0.88,
1921.583333,,-0.1855417
1921.666667,,-0.072791673
1921.6673274458267,0.46,
1921.749464723776,0.97,
1921.75,,-0.08754167
1921.833333,,-0.1747083
1921.8343399109904,0.76,
1921.9164771889396,0.81,
1921.916667,,-0.3365
1922.0,,-0.425
1922.0013523761538,0.78,
1922.083333,,0.2158334
1922.086227563368,0.77,
1922.1628890227873,0.48,
1922.166667,,0.3493333
1922.2477642100016,-0.69,
1922.25,,0.214
1922.329901487951,-0.76,
1922.333333,,0.1818333
1922.4147766751653,0.45,
1922.416667,,-0.095083341
1922.4969139531145,0.23,
1922.5,,-0.6167084
1922.5817891403287,-0.28,
1922.583333,,-1.315792
1922.666664327543,0.46,
1922.666667,,-0.9475417
1922.7488016054922,0.55,
1922.75,,-0.644
1922.833333,,-0.5449584
1922.8336767927065,0.76,
1922.9158140706559,1.21,
1922.916667,,-0.4859584
1923.0,,-0.4077083
1923.0006892578701,0.56,
1923.083333,,-0.2070834
1923.0855644450844,0.34,
1923.1622259045037,0.84,
1923.166667,,0.021666668
1923.247101091718,0.81,
1923.25,,0.3290834
1923.329238369667,-0.01,
1923.333333,,0.6767917
1923.4141135568814,-0.17,
1923.416667,,0.7594167
1923.4962508348308,-1.11,
1923.5,,0.5658334
1923.581126022045,-2.14,
1923.583333,,0.8487917
1923.6660012092593,-1.46,
1923.666667,,0.7702084
1923.7481384872085,-0.72,
1923.75,,0.5781251
1923.8330136744228,-1.41,
1923.833333,,0.94575
1923.9151509523722,0.13,
1923.916667,,1.034917
1924.0,,0.7594167
1924.0000261395865,-0.68,
1924.083333,,0.6881667
1924.0849013268007,0.01,
1924.1643006954848,0.11,
1924.166667,,0.6669584
1924.249175882699,-1.95,
1924.25,,0.1530417
1924.3313131606485,1.19,
1924.333333,,-0.5044584
1924.4161883478628,0.84,
1924.416667,,-0.7379584
1924.498325625812,0.78,
1924.5,,-0.7727084
1924.5832008130262,0.88,
1924.583333,,-0.8528334
1924.666667,,-0.8373334
1924.6680760002405,0.74,
1924.75,,-0.6697917
1924.75021327819,0.63,
1924.833333,,-0.798375
1924.8350884654042,1.02,
1924.916667,,-0.691
1924.9172257433534,0.48,
1925.0,,-1.075708
1925.0021009305676,0.54,
1925.083333,,-0.4490834
1925.086976117782,1.22,
1925.1636375772011,1.52,
1925.166667,,0.1318333
1925.2485127644154,1.48,
1925.25,,0.4714167
1925.3306500423648,-0.3,
1925.333333,,0.315
1925.415525229579,-0.82,
1925.416667,,0.572375
1925.4976625075283,-1.31,
1925.5,,0.8339167
1925.5825376947425,-1.24,
1925.583333,,0.920375
1925.666667,,0.904375
1925.6674128819568,-0.66,
1925.749550159906,-1.5,
1925.75,,0.822625
1925.833333,,1.438417
1925.8344253471203,-0.97,
1925.9165626250697,-0.89,
1925.916667,,1.619417
1926.0,,1.501083
1926.001437812284,-0.62,
1926.083333,,1.119333
1926.0863129994982,-1.56,
1926.1629744589175,-1.65,
1926.166667,,1.224417
1926.2478496461317,-0.75,
1926.25,,1.195833
1926.329986924081,-0.28,
1926.333333,,0.8802084
1926.4148621112952,-1.05,
1926.416667,,0.5204583
1926.4969993892446,-0.09,
1926.5,,0.6054584
1926.5818745764589,-0.92,
1926.583333,,0.3292917
1926.666667,,-0.116875
1926.6667497636731,0.12,
1926.7488870416223,0.24,
1926.75,,-0.1063333
1926.833333,,0.03804167
1926.8337622288366,0.07,
1926.915899506786,0.59,
1926.916667,,-0.005708335
1927.0,,-0.058333337
1927.0007746940003,0.51,
1927.083333,,0.49525
1927.0856498812143,0.01,
1927.1623113406338,1.84,
1927.166667,,0.1548333
1927.247186527848,0.75,
1927.25,,-0.094208337
1927.3293238057972,0.62,
1927.333333,,0.17325
1927.4141989930115,0.91,
1927.416667,,0.126875
1927.496336270961,0.17,
1927.5,,-0.3045
1927.5812114581752,-0.75,
1927.583333,,-0.1492917
1927.6660866453894,-0.07,
1927.666667,,0.1732083
1927.7482239233386,-0.55,
1927.75,,0.379625
1927.833099110553,-0.91,
1927.833333,,0.34025
1927.915236388502,0.75,
1927.916667,,0.17675
1928.0,,-0.018541668
1928.0001115757163,-1.22,
1928.083333,,-0.050083335
1928.0849867629306,0.95,
1928.164386131615,1.38,
1928.166667,,-0.006875001
1928.2492613188292,1.44,
1928.25,,0.1599583
1928.3313985967786,-0.09,
1928.333333,,0.4234167
1928.416273783993,-1.15,
1928.416667,,0.004416665
1928.498411061942,-0.02,
1928.5,,0.029791664
1928.5832862491563,0.8,
1928.583333,,0.039375003
1928.666667,,0.072374992
1928.6681614363706,0.74,
1928.75,,-0.184
1928.7502987143198,0.77,
1928.833333,,-0.2445417
1928.835173901534,0.21,
1928.916667,,-0.1870833
1928.9173111794835,1.2,
1929.0,,-0.2834584
1929.0021863666977,1.74,
1929.083333,,0.093500003
1929.087061553912,1.69,
1929.1637230133313,0.41,
1929.166667,,0.081500001
1929.2485982005455,0.58,
1929.25,,0.3543333
1929.3307354784947,-1.2,
1929.333333,,0.3577917
1929.415610665709,0.06,
1929.416667,,0.41175
1929.4977479436584,0.21,
1929.5,,0.3048334
1929.5826231308727,-0.17,
1929.583333,,0.4515
1929.666667,,0.5615833
1929.667498318087,-0.07,
1929.7496355960361,0.8,
1929.75,,0.531375
1929.833333,,0.7834167
1929.8345107832504,0.95,
1929.9166480611996,0.53,
1929.916667,,0.5436251
1930.0,,0.1510833
1930.0015232484138,1.31,
1930.083333,,0.003666665
1930.086398435628,0.68,
1930.1630598950476,0.04,
1930.166667,,0.193
1930.2479350822618,-0.33,
1930.25,,0.6871667
1930.330072360211,0.47,
1930.333333,,0.378375
1930.4149475474253,-0.84,
1930.416667,,0.4411667
1930.4970848253747,-0.4,
1930.5,,1.203583
1930.581960012589,-0.39,
1930.583333,,1.197708
1930.666667,,1.299667
1930.666835199803,-0.72,
1930.7489724777524,0.46,
1930.75,,1.549375
1930.833333,,2.141167
1930.8338476649667,0.3,
1930.9159849429159,-0.27,
1930.916667,,1.91975
1931.0,,1.941167
1931.0008601301301,0.63,
1931.083333,,1.566542
1931.0857353173444,-1.61,
1931.162396776764,0.44,
1931.166667,,1.207333
1931.2472719639782,1.1,
1931.25,,1.125583
1931.3294092419274,1.66,
1931.333333,,0.715
1931.4142844291416,2.23,
1931.416667,,0.23675
1931.4964217070908,0.98,
1931.5,,0.00525
1931.581296894305,-0.5,
1931.583333,,-0.313125
1931.6661720815193,0.35,
1931.666667,,-0.603875
1931.7483093594687,-1.0,
1931.75,,-0.6668751
1931.833184546683,-0.37,
1931.833333,,-0.601875
1931.9153218246322,0.81,
1931.916667,,-0.4265417
1932.0,,-0.2193334
1932.0001970118465,0.21,
1932.083333,,0.043583337
1932.0850721990607,-0.36,
1932.164471567745,-0.72,
1932.166667,,0.4449167
1932.2493467549593,-2.76,
1932.25,,0.5001251
1932.3314840329085,0.09,
1932.333333,,0.700875
1932.4163592201228,-0.26,
1932.416667,,0.5854167
1932.4984964980722,-1.52,
1932.5,,0.2077083
1932.583333,,-0.089750007
1932.5833716852865,-0.9,
1932.666667,,0.025875002
1932.6682468725007,-0.86,
1932.75,,0.010749999
1932.75038415045,-0.69,
1932.833333,,0.081208333
1932.8352593376642,-0.61,
1932.916667,,-0.118625
1932.9173966156134,0.25,
1933.0,,-0.2709167
1933.0022718028276,-1.22,
1933.083333,,0.150875
1933.087146990042,0.34,
1933.1638084494614,-0.35,
1933.166667,,0.194625
1933.2486836366757,0.47,
1933.25,,0.1936667
1933.3308209146248,0.74,
1933.333333,,-0.293375
1933.415696101839,-0.68,
1933.416667,,-0.5236667
1933.4978333797883,0.38,
1933.5,,-0.5617501
1933.5827085670026,-0.23,
1933.583333,,-0.8795
1933.666667,,-0.8390834
1933.6675837542168,0.17,
1933.7497210321662,0.17,
1933.75,,-0.9021251
1933.833333,,-1.059958
1933.8345962193805,0.53,
1933.916667,,-0.8913334
1933.9167334973297,0.81,
1934.0,,-0.4659583
1934.001608684544,0.62,
1934.083333,,-0.4307917
1934.0864838717582,-0.06,
1934.1631453311777,-0.12,
1934.166667,,-0.5059584
1934.2480205183917,0.64,
1934.25,,0.1855417
1934.3301577963412,-0.76,
1934.333333,,0.154875
1934.4150329835554,1.12,
1934.416667,,0.322875
1934.4971702615046,0.3,
1934.5,,0.1207083
1934.5820454487189,-2.44,
1934.583333,,0.213625
1934.666667,,0.1159583
1934.6669206359331,-0.64,
1934.7490579138826,0.38,
1934.75,,-0.1340833
1934.833333,,0.094125003
1934.8339331010968,1.21,
1934.916070379046,-0.38,
1934.916667,,-0.2142917
1935.0,,-0.5080417
1935.0009455662603,0.64,
1935.083333,,-0.566875
1935.0858207534745,-0.56,
1935.1624822128938,1.21,
1935.166667,,-0.3685
1935.247357400108,0.37,
1935.25,,-0.24025
1935.3294946780575,-0.46,
1935.333333,,-0.2174167
1935.4143698652717,-0.42,
1935.416667,,-0.101625
1935.496507143221,-0.02,
1935.5,,-0.1764583
1935.5813823304352,0.0,
1935.583333,,0.35125
1935.6662575176495,0.59,
1935.666667,,0.2804584
1935.7483947955986,0.6,
1935.75,,0.294125
1935.833269982813,0.3,
1935.833333,,0.181875
1935.9154072607623,-0.56,
1935.916667,,0.048250005
1936.0,,0.30975
1936.0002824479766,-0.3,
1936.083333,,0.3025417
1936.0851576351909,-0.04,
1936.1645570038752,0.05,
1936.166667,,0.029625
1936.2494321910895,2.81,
1936.25,,0.217
1936.3315694690386,0.27,
1936.333333,,0.138125
1936.416444656253,-0.37,
1936.416667,,-0.258625
1936.498581934202,0.43,
1936.5,,-0.1512083
1936.583333,,-0.082041658
1936.5834571214164,-1.0,
1936.666667,,0.009833336
1936.6683323086306,0.23,
1936.75,,0.4034167
1936.75046958658,-0.11,
1936.833333,,0.2052917
1936.8353447737943,-1.55,
1936.916667,,0.131
1936.9174820517435,-0.04,
1937.0,,0.1172083
1937.0023572389578,0.95,
1937.083333,,0.1554583
1937.087232426172,-0.59,
1937.1638938855913,0.55,
1937.166667,,0.2308334
1937.2487690728055,0.18,
1937.25,,0.4564167
1937.330906350755,0.19,
1937.333333,,-0.17975
1937.4157815379692,0.22,
1937.416667,,-0.3534167
1937.4979188159184,-0.53,
1937.5,,-0.290375
1937.5827940031327,0.2,
1937.583333,,-0.4097084
1937.666667,,0.017625
1937.667669190347,0.04,
1937.7498064682964,-0.39,
1937.75,,-0.2217083
1937.833333,,-0.26075
1937.8346816555106,-0.46,
1937.916667,,-0.3933333
1937.9168189334598,0.64,
1938.0,,-0.4881667
1938.001694120674,0.75,
1938.083333,,-0.47075
1938.0865693078883,0.21,
1938.1632307673076,-0.55,
1938.166667,,-0.4057083
1938.2481059545219,0.39,
1938.25,,-0.323125
1938.3302432324713,1.18,
1938.333333,,-0.4740833
1938.4151184196855,2.01,
1938.416667,,-0.8281251
1938.4972556976347,1.87,
1938.5,,-1.143958
1938.582130884849,1.24,
1938.583333,,-0.8866667
1938.666667,,-0.7235417
1938.6670060720633,0.69,
1938.7491433500124,1.37,
1938.75,,-0.6121667
1938.833333,,-0.8842917
1938.8340185372267,-0.07,
1938.9161558151761,1.42,
1938.916667,,-0.8051667
1939.0,,-0.768125
1939.0010310023904,1.74,
1939.083333,,-0.8232084
1939.0859061896047,0.66,
1939.162567649024,1.14,
1939.166667,,-0.6046667
1939.2474428362382,1.13,
1939.25,,-0.088916674
1939.3295801141874,-0.1,
1939.333333,,0.060333334
1939.4144553014016,-0.37,
1939.416667,,0.141125
1939.496592579351,0.84,
1939.5,,0.087000005
1939.5814677665653,-0.11,
1939.583333,,0.2357917
1939.6663429537796,-0.95,
1939.666667,,-0.000541667
1939.7484802317288,-1.71,
1939.75,,-0.1009583
1939.833333,,0.2470417
1939.833355418943,-0.96,
1939.9154926968924,-1.07,
1939.916667,,0.61475
1940.0,,0.9335834
1940.0003678841067,-0.06,
1940.083333,,1.164458
1940.085243071321,-0.56,
1940.164642440005,-1.34,
1940.166667,,1.63275
1940.2495176272193,-0.94,
1940.25,,1.513167
1940.3316549051688,-1.39,
1940.333333,,1.353583
1940.416530092383,-2.49,
1940.416667,,0.936875
1940.4986673703322,-1.5,
1940.5,,0.7663333
1940.583333,,0.6572917
1940.5835425575465,-2.11,
1940.666667,,0.5510833
1940.6684177447607,-1.95,
1940.75,,0.5604167
1940.7505550227102,-1.8,
1940.833333,,0.988375
1940.8354302099244,-0.77,
1940.916667,,1.370958
1940.9175674878736,-3.38,
1941.0,,1.946417
1941.0024426750879,-1.13,
1941.083333,,2.049917
1941.0873178623021,-1.6,
1941.1639793217214,-1.33,
1941.166667,,2.080167
1941.2488545089357,-1.19,
1941.25,,2.095625
1941.330991786885,-0.75,
1941.333333,,1.883542
1941.4158669740993,-1.89,
1941.416667,,1.587375
1941.4980042520485,-2.0,
1941.5,,0.6562501
1941.5828794392628,-2.2,
1941.583333,,0.4623333
1941.666667,,0.6121667
1941.667754626477,-0.83,
1941.7498919044262,-2.29,
1941.75,,0.9626251
1941.833333,,1.7065
1941.8347670916405,-1.09,
1941.916667,,1.835417
1941.91690436959,-1.07,
1942.0,,0.9143334
1942.0017795568042,-1.51,
1942.083333,,0.3991667
1942.0866547440185,-0.51,
1942.1633162034377,-0.8,
1942.166667,,0.1945417
1942.248191390652,-0.52,
1942.25,,0.2915833
1942.3303286686012,0.25,
1942.333333,,0.1094167
1942.4152038558154,0.8,
1942.416667,,-0.5429167
1942.4973411337648,-0.08,
1942.5,,-0.9152501
1942.5822163209791,0.3,
1942.583333,,-1.450417
1942.666667,,-1.467042
1942.6670915081934,0.82,
1942.7492287861426,0.7,
1942.75,,-1.700417
1942.833333,,-1.704708
1942.8341039733568,-0.64,
1942.9162412513062,1.42,
1942.916667,,-1.435208
1943.0,,-1.313917
1943.0011164385205,0.88,
1943.083333,,-1.302083
1943.0859916257346,0.91,
1943.162653085154,0.29,
1943.166667,,-0.8265833
1943.2475282723683,1.59,
1943.25,,-0.3650833
1943.3296655503175,0.25,
1943.333333,,0.3725
1943.4145407375318,-1.13,
1943.416667,,0.3801667
1943.4966780154812,0.3,
1943.5,,0.268125
1943.5815532026954,0.69,
1943.583333,,0.018874999
1943.6664283899097,0.53,
1943.666667,,-0.437625
1943.7485656678589,0.79,
1943.75,,-0.4134584
1943.833333,,-0.3527917
1943.8334408550731,0.22,
1943.9155781330223,-1.06,
1943.916667,,-0.4010417
1944.0,,-0.5440417
1944.0004533202366,-0.95,
1944.083333,,0.1988333
1944.0853285074509,0.3,
1944.1647278761352,0.46,
1944.166667,,0.005666665
1944.2496030633495,-0.54,
1944.25,,0.031125005
1944.3317403412989,0.02,
1944.333333,,0.1789167
1944.4166155285131,-0.61,
1944.416667,,0.328
1944.4987528064623,-0.85,
1944.5,,0.1750834
1944.583333,,0.067708336
1944.5836279936766,0.13,
1944.666667,,-0.4274584
1944.6685031808909,0.22,
1944.75,,-0.4665834
1944.75064045884,-1.03,
1944.833333,,-0.7762083
1944.8355156460543,-0.84,
1944.916667,,-0.5870417
1944.9176529240037,0.36,
1945.0,,-0.6265834
1945.002528111218,0.43,
1945.083333,,-0.3135417
1945.0874032984323,0.53,
1945.1640647578515,1.33,
1945.166667,,-0.432125
1945.2489399450658,-0.73,
1945.25,,-0.055083331
1945.331077223015,0.02,
1945.333333,,0.2042917
1945.4159524102292,0.8,
1945.416667,,0.058791671
1945.4980896881787,0.39,
1945.5,,-0.37225
1945.582964875393,1.06,
1945.583333,,-0.2225
1945.666667,,-0.1917083
1945.6678400626072,0.8,
1945.7499773405564,0.21,
1945.75,,-0.166
1945.833333,,-0.1162083
1945.8348525277706,-0.45,
1945.916667,,0.044583336
1945.9169898057198,0.63,
1946.0,,-0.065458335
1946.001864992934,-0.32,
1946.083333,,-0.2592917
1946.0867401801484,0.29,
1946.1634016395678,-0.38,
1946.166667,,-0.448
1946.248276826782,-1.03,
1946.25,,-0.3714167
1946.3304141047313,-1.19,
1946.333333,,-0.1468333
1946.4152892919456,-1.32,
1946.416667,,-0.30325
1946.497426569895,-0.99,
1946.5,,-0.202
1946.5823017571092,-0.64,
1946.583333,,-1.166583
1946.666667,,-0.5346251
1946.6671769443233,-1.58,
1946.7493142222727,-1.38,
1946.75,,-0.2429167
1946.833333,,0.012999999
1946.834189409487,-0.25,
1946.9163266874361,-0.71,
1946.916667,,-0.03604167
1947.0,,0.089333341
1947.0012018746504,-0.63,
1947.083333,,0.006166667
1947.0860770618647,-0.56,
1947.1627385212842,1.13,
1947.166667,,0.099500008
1947.2476137084984,-0.56,
1947.25,,0.068000004
1947.3297509864476,-1.24,
1947.333333,,0.144375
1947.4146261736619,0.16,
1947.416667,,0.176125
1947.496763451611,0.98,
1947.5,,0.048125003
1947.5816386388253,0.66,
1947.583333,,-0.2539167
1947.6665138260396,1.1,
1947.666667,,-0.448125
1947.748651103989,-0.35,
1947.75,,-0.4247083
1947.833333,,-0.3174167
1947.8335262912033,0.75,
1947.9156635691525,0.47,
1947.916667,,-0.1245417
1948.0,,-0.186
1948.0005387563667,-0.43,
1948.083333,,0.261625
1948.085413943581,-0.41,
1948.1648133122653,-0.6,
1948.166667,,0.428125
1948.2496884994796,0.26,
1948.25,,0.1349583
1948.3318257774288,0.35,
1948.333333,,0.1329167
1948.416667,,-0.039875001
1948.416700964643,-0.76,
1948.4988382425925,0.1,
1948.5,,-0.3564167
1948.583333,,-0.3035834
1948.5837134298067,-0.55,
1948.666667,,-0.51975
1948.668588617021,-0.76,
1948.75,,-0.79225
1948.7507258949702,0.54,
1948.833333,,-0.337
1948.8356010821844,0.19,
1948.916667,,-0.1490417
1948.9177383601336,-0.72,
1949.0,,-0.3777917
1949.002613547348,-0.86,
1949.083333,,0.119625
1949.0874887345622,0.05,
1949.1641501939816,0.49,
1949.166667,,-0.41575
1949.249025381196,0.28,
1949.25,,0.37075
1949.331162659145,-0.68,
1949.333333,,0.2958333
1949.4160378463594,-1.6,
1949.416667,,-0.4814167
1949.4981751243085,-0.15,
1949.5,,-0.8129584
1949.5830503115228,-0.64,
1949.583333,,-0.6470417
1949.666667,,-0.9257084
1949.667925498737,0.17,
1949.75,,-1.08475
1949.7500627766865,0.38,
1949.833333,,-1.513708
1949.8349379639008,-0.77,
1949.916667,,-1.293167
1949.91707524185,0.77,
1950.0,,-1.264958
1950.0019504290642,0.54,
1950.083333,,-1.398792
1950.0868256162785,1.58,
1950.163487075698,1.79,
1950.166667,,-0.5907917
1950.248362262912,1.67,
1950.25,,-0.6573334
1950.3304995408614,0.55,
1950.333333,,-1.079458
1950.4153747280757,3.06,
1950.416667,,-0.561375
1950.4975120060249,2.14,
1950.5,,-0.4275833
1950.5823871932391,1.14,
1950.583333,,-0.3512084
1950.666667,,-0.9217501
1950.6672623804534,0.63,
1950.7493996584028,1.68,
1950.75,,-0.6642917
1950.833333,,-0.69525
1950.834274845617,0.89,
1950.9164121235663,2.46,
1950.916667,,-0.4615
1951.0,,-0.2005417
1951.0012873107805,1.32,
1951.083333,,-0.113
1951.0861624979948,0.47,
1951.162823957414,-0.71,
1951.166667,,-0.08070834
1951.2476991446283,-1.03,
1951.25,,0.12925
1951.3298364225777,-1.29,
1951.333333,,0.3492084
1951.414711609792,-0.52,
1951.416667,,0.6534584
1951.4968488877412,-1.33,
1951.5,,0.9438334
1951.5817240749554,-0.75,
1951.583333,,0.9537084
1951.6665992621697,-1.17,
1951.666667,,0.8770834
1951.748736540119,-1.44,
1951.75,,0.9367084
1951.833333,,1.058167
1951.8336117273332,-0.98,
1951.9157490052826,-0.9,
1951.916667,,0.7833334
1952.0,,0.6069583
1952.0006241924968,-0.92,
1952.083333,,0.437875
1952.085499379711,-0.83,
1952.1648987483954,-0.02,
1952.166667,,0.2175417
1952.2497739356097,-0.73,
1952.25,,0.4243334
1952.331911213559,0.67,
1952.333333,,0.1422917
1952.416667,,-0.265125
1952.4167864007732,0.78,
1952.4989236787223,0.51,
1952.5,,-0.4897917
1952.583333,,-0.2794583
1952.5837988659366,-0.38,
1952.666667,,-0.1289583
1952.6686740531509,-0.24,
1952.75,,-0.074583337
1952.7508113311003,0.12,
1952.833333,,-0.4577917
1952.8356865183146,-0.22,
1952.916667,,-0.22925
1952.9178237962637,-1.4,
1953.0,,0.15475
1953.002698983478,0.12,
1953.083333,,0.37275
1953.0875741706923,-0.72,
1953.1642356301115,-0.79,
1953.166667,,0.2254584
1953.2491108173258,-0.18,
1953.25,,0.6130417
1953.3312480952752,-2.72,
1953.333333,,0.4869584
1953.4161232824895,-0.47,
1953.416667,,0.5982917
1953.4982605604387,-0.06,
1953.5,,0.40175
1953.583135747653,-1.89,
1953.583333,,0.422375
1953.666667,,1.030625
1953.6680109348672,-1.35,
1953.75,,0.535
1953.7501482128166,-0.18,
1953.833333,,0.3735417
1953.8350234000309,-0.36,
1953.916667,,0.428875
1953.91716067798,-0.61,
1954.0,,0.2042917
1954.0020358651943,0.57,
1954.083333,,-0.031291667
1954.0869110524086,-0.52,
1954.1635725118279,-0.31,
1954.166667,,-0.1205417
1954.2484476990421,0.41,
1954.25,,-0.767
1954.3305849769915,0.15,
1954.333333,,-0.76675
1954.4154601642058,-0.49,
1954.416667,,-0.6817917
1954.497597442155,0.36,
1954.5,,-0.7750834
1954.5824726293692,0.9,
1954.583333,,-0.7529167
1954.666667,,-0.9442918
1954.6673478165835,0.17,
1954.7494850945327,0.09,
1954.75,,-0.8057501
1954.833333,,-0.5814584
1954.834360281747,0.16,
1954.9164975596964,1.31,
1954.916667,,-0.8240417
1955.0,,-0.4450417
1955.0013727469106,-0.68,
1955.083333,,-0.393625
1955.086247934125,1.3,
1955.1629093935442,0.13,
1955.166667,,-0.3714584
1955.2477845807584,-0.81,
1955.25,,-0.4055
1955.3299218587076,0.88,
1955.333333,,-0.9582501
1955.414797045922,1.63,
1955.416667,,-0.8116667
1955.4969343238713,1.8,
1955.5,,-0.5105417
1955.5818095110856,1.38,
1955.583333,,-0.5210417
1955.666667,,-0.9434167
1955.6666846982998,1.4,
1955.748821976249,1.51,
1955.75,,-1.259667
1955.833333,,-1.72825
1955.8336971634633,1.38,
1955.9158344414127,0.91,
1955.916667,,-1.362417
1956.0,,-0.8777917
1956.000709628627,1.16,
1956.083333,,-0.29675
1956.0855848158412,1.1,
1956.1649841845253,0.89,
1956.166667,,-0.335875
1956.2498593717396,1.06,
1956.25,,-0.3919167
1956.331996649689,1.44,
1956.333333,,-0.2565417
1956.416667,,-0.31225
1956.4168718369033,1.26,
1956.4990091148525,1.19,
1956.5,,-0.3865417
1956.583333,,-0.459
1956.5838843020667,1.05,
1956.666667,,-0.5269583
1956.668759489281,0.06,
1956.75,,-0.61125
1956.7508967672304,1.92,
1956.833333,,-0.9212084
1956.8357719544447,0.11,
1956.916667,,-0.5896667
1956.9179092323939,0.99,
1957.0,,-0.548875
1957.0027844196081,0.43,
1957.083333,,0.134125
1957.0876596068224,-0.36,
1957.1643210662417,-0.37,
1957.166667,,0.5798751
1957.249196253456,0.05,
1957.25,,0.6876667
1957.3313335314053,-1.18,
1957.333333,,0.7767917
1957.4162087186196,-0.37,
1957.416667,,0.9380417
1957.4983459965688,0.18,
1957.5,,1.17175
1957.583221183783,-1.08,
1957.583333,,1.39425
1957.666667,,0.8230417
1957.6680963709973,-1.01,
1957.75,,0.8654584
1957.7502336489465,-0.09,
1957.833333,,1.295542
1957.8351088361608,-1.23,
1957.916667,,1.24575
1957.9172461141102,-0.44,
1958.0,,1.454958
1958.0021213013245,-1.89,
1958.083333,,1.122625
1958.0869964885387,-0.78,
1958.163657947958,-0.32,
1958.166667,,0.6045001
1958.2485331351722,0.03,
1958.25,,0.3869167
1958.3306704131214,-1.39,
1958.333333,,0.5602916
1958.4155456003357,-0.27,
1958.416667,,0.3310834
1958.497682878285,0.23,
1958.5,,0.2275833
1958.5825580654994,0.72,
1958.583333,,0.1564583
1958.666667,,-0.001791664
1958.6674332527136,-0.34,
1958.7495705306628,-0.56,
1958.75,,-0.021416668
1958.833333,,0.1468333
1958.834445717877,-0.61,
1958.9165829958265,-0.84,
1958.916667,,0.1662917
1959.0,,-0.010083335
1959.0014581830408,-0.94,
1959.083333,,-0.028083334
1959.0863333702548,-1.5,
1959.1629948296743,0.77,
1959.166667,,-0.1025
1959.2478700168886,0.35,
1959.25,,0.3557083
1959.3300072948377,0.14,
1959.333333,,0.3619167
1959.414882482052,-0.96,
1959.416667,,-0.042000003
1959.4970197600014,-0.47,
1959.5,,-0.3919584
1959.5818949472157,-0.68,
1959.583333,,-0.5303334
1959.666667,,-0.255875
1959.66677013443,-0.01,
1959.7489074123791,0.34,
1959.75,,0.050375003
1959.833333,,-0.004375001
1959.8337825995934,0.9,
1959.9159198775426,0.81,
1959.916667,,-0.039875001
1960.0,,0.065375
1960.0007950647569,-0.05,
1960.083333,,-0.1235
1960.0856702519711,-0.25,
1960.1650696206555,0.47,
1960.166667,,0.2257917
1960.2499448078697,0.79,
1960.25,,0.056375004
1960.3320820858191,0.3,
1960.333333,,-0.039416671
1960.416667,,-0.289125
1960.4169572730334,-0.47,
1960.4990945509826,0.5,
1960.5,,-0.17875
1960.583333,,0.1907917
1960.5839697381969,0.53,
1960.666667,,0.1380417
1960.6688449254111,0.65,
1960.75,,-0.5229583
1960.7509822033603,-0.2,
1960.833333,,-0.4422917
1960.8358573905746,0.6,
1960.916667,,-0.3513333
1960.917994668524,0.63,
1961.0,,-0.34575
1961.0028698557383,-0.43,
1961.083333,,0.1231667
1961.0877450429525,0.58,
1961.1644065023718,-2.47,
1961.166667,,0.027375001
1961.249281689586,1.15,
1961.25,,0.5303333
1961.3314189675352,0.18,
1961.333333,,0.3475417
1961.4162941547495,-0.53,
1961.416667,,0.6330834
1961.498431432699,0.18,
1961.5,,-0.2915834
1961.5833066199132,-0.16,
1961.583333,,-0.6474167
1961.666667,,-0.969
1961.6681818071274,0.11,
1961.75,,-0.6770417
1961.7503190850766,-0.73,
1961.833333,,-0.2874167
1961.835194272291,0.68,
1961.916667,,-0.089416675
1961.9173315502403,1.31,
1962.0,,-0.2354583
1962.0022067374543,1.72,
1962.083333,,-0.083666667
1962.0870819246686,-0.41,
1962.163743384088,-0.32,
1962.166667,,-0.4315417
1962.2486185713024,0.3,
1962.25,,-0.6563751
1962.3307558492515,1.1,
1962.333333,,-0.4654167
1962.4156310364658,0.37,
1962.416667,,-0.2419167
1962.4977683144152,-0.04,
1962.5,,-0.1547083
1962.5826435016295,0.26,
1962.583333,,-0.078333341
1962.666667,,-0.4087084
1962.6675186888435,0.53,
1962.749655966793,0.95,
1962.75,,-0.4275417
1962.833333,,-0.600375
1962.8345311540072,0.27,
1962.916667,,-0.7388334
1962.9166684319564,-0.1,
1963.0,,-0.4727083
1963.0015436191707,0.8,
1963.083333,,-0.3284583
1963.086418806385,0.26,
1963.1630802658044,0.66,
1963.166667,,0.059791666
1963.2479554530187,0.51,
1963.25,,0.2882083
1963.3300927309679,0.14,
1963.333333,,0.4530833
1963.4149679181821,-1.3,
1963.416667,,0.5908334
1963.4971051961313,-0.13,
1963.5,,0.9572917
1963.5819803833456,-0.43,
1963.583333,,1.027917
1963.666667,,0.9019167
1963.6668555705598,-0.6,
1963.7489928485093,-1.46,
1963.75,,1.025583
1963.833333,,0.8132917
1963.8338680357235,-0.93,
1963.9160053136727,-1.35,
1963.916667,,1.148458
1964.0,,0.5010417
1964.000880500887,-0.53,
1964.083333,,0.1721667
1964.0857556881012,-0.13,
1964.1651550567856,0.71,
1964.166667,,-0.3676667
1964.25,,-0.65725
1964.2500302439998,1.78,
1964.332167521949,-0.02,
1964.333333,,-1.065667
1964.416667,,-1.141208
1964.4170427091633,0.72,
1964.4991799871127,0.62,
1964.5,,-0.8432084
1964.583333,,-1.017333
1964.584055174327,1.32,
1964.666667,,-0.8000417
1964.6689303615412,1.29,
1964.75,,-0.6323751
1964.7510676394904,1.26,
1964.833333,,-0.817625
1964.8359428267047,-0.06,
1964.916667,,-1.11775
1964.9180801046539,-0.49,
1965.0,,-0.6389583
1965.0029552918681,-0.52,
1965.083333,,-0.1990833
1965.0878304790824,0.01,
1965.164491938502,0.24,
1965.166667,,-0.1632083
1965.2493671257162,-1.34,
1965.25,,0.2124167
1965.3315044036653,-0.03,
1965.333333,,0.9646251
1965.4163795908796,-1.63,
1965.416667,,0.92475
1965.498516868829,-2.32,
1965.5,,1.028125
1965.583333,,1.262
1965.583392056043,-1.37,
1965.666667,,1.471042
1965.6682672432573,-1.41,
1965.75,,1.46025
1965.7504045212067,-1.22,
1965.833333,,1.617833
1965.835279708421,-1.86,
1965.916667,,1.512708
1965.9174169863702,0.02,
1966.0,,1.333667
1966.0022921735845,-1.36,
1966.083333,,0.7800834
1966.0871673607987,-0.54,
1966.1638288202182,-1.75,
1966.166667,,0.2234583
1966.2487040074323,-0.9,
1966.25,,0.2398333
1966.3308412853817,-0.71,
1966.333333,,-0.4439167
1966.415716472596,0.14,
1966.416667,,0.02541667
1966.4978537505451,-0.15,
1966.5,,0.2542084
1966.5827289377594,0.19,
1966.583333,,-0.1462917
1966.666667,,-0.250125
1966.6676041249736,-0.24,
1966.749741402923,-0.33,
1966.75,,-0.1090417
1966.833333,,-0.3313333
1966.8346165901373,-0.2,
1966.916667,,-0.4881667
1966.9167538680865,-0.61,
1967.0,,-0.2909583
1967.0016290553008,1.52,
1967.083333,,-0.095416673
1967.086504242515,1.2,
1967.1631657019343,0.65,
1967.166667,,-0.2873333
1967.2480408891486,-0.12,
1967.25,,-0.5887083
1967.330178167098,-0.41,
1967.333333,,-0.2104584
1967.4150533543122,0.67,
1967.416667,,0.1040417
1967.4971906322614,0.18,
1967.5,,-0.2443333
1967.5820658194757,0.44,
1967.583333,,-0.7592917
1967.666667,,-0.9951667
1967.66694100669,0.44,
1967.7490782846392,-0.17,
1967.75,,-0.9199584
1967.833333,,-0.9175001
1967.8339534718534,-0.57,
1967.9160907498028,-0.78,
1967.916667,,-0.871125
1968.0,,-1.018083
1968.000965937017,0.47,
1968.083333,,-1.241583
1968.0858411242314,0.77,
1968.1652404929157,-0.56,
1968.166667,,-1.086333
1968.25,,-0.6218334
1968.25011568013,-0.31,
1968.3322529580792,1.21,
1968.333333,,-0.5748333
1968.416667,,0.093333334
1968.4171281452934,1.27,
1968.4992654232426,0.77,
1968.5,,0.5954583
1968.583333,,0.4332917
1968.5841406104569,-0.2,
1968.666667,,0.3615417
1968.6690157976711,-0.36,
1968.75,,0.30025
1968.7511530756206,-0.35,
1968.833333,,0.56225
1968.8360282628348,-0.44,
1968.916667,,0.6919167
1968.918165540784,0.13,
1969.0,,0.953875
1969.0030407279983,-1.36,
1969.083333,,0.5150834
1969.0879159152125,-0.85,
1969.1645773746318,-0.03,
1969.166667,,0.52825
1969.249452561846,-0.9,
1969.25,,0.5159167
1969.3315898397955,-0.78,
1969.333333,,1.1275
1969.4164650270097,-0.24,
1969.416667,,0.9589584
1969.498602304959,-0.73,
1969.5,,0.4381667
1969.583333,,0.5562917
1969.5834774921732,-0.71,
1969.666667,,1.054083
1969.6683526793875,-1.1,
1969.75,,1.008292
1969.7504899573369,-1.35,
1969.833333,,1.065292
1969.8353651445511,-0.18,
1969.916667,,1.118542
1969.9175024225003,0.24,
1970.0,,1.108375
1970.0023776097146,-1.26,
1970.083333,,0.6450834
1970.0872527969289,-1.22,
1970.163914256348,0.06,
1970.166667,,0.3089584
1970.2487894435624,-0.56,
1970.25,,0.245375
1970.3309267215118,0.04,
1970.333333,,-0.2194584
1970.415801908726,1.02,
1970.416667,,-0.7600001
1970.4979391866752,-0.52,
1970.5,,-1.693625
1970.5828143738895,0.31,
1970.583333,,-1.713375
1970.666667,,-1.241958
1970.6676895611038,1.18,
1970.749826839053,0.74,
1970.75,,-1.112875
1970.833333,,-1.270458
1970.8347020262672,1.85,
1970.916667,,-1.647375
1970.9168393042166,1.83,
1971.0,,-1.5305
1971.001714491431,0.23,
1971.083333,,-1.316417
1971.0865896786452,1.44,
1971.1632511380644,1.98,
1971.166667,,-1.174458
1971.2481263252787,2.58,
1971.25,,-0.46425
1971.3302636032279,0.88,
1971.333333,,-0.6747917
1971.4151387904421,0.21,
1971.416667,,-0.5715
1971.4972760683916,0.17,
1971.5,,-0.373
1971.5821512556058,1.42,
1971.583333,,-0.6012917
1971.666667,,-0.5732501
1971.66702644282,1.51,
1971.7491637207693,1.75,
1971.75,,-0.782625
1971.833333,,-0.8493334
1971.8340389079835,0.55,
1971.916176185933,0.15,
1971.916667,,-0.9325417
1972.0,,-0.33425
1972.0010513731472,0.33,
1972.083333,,-0.1992917
1972.0859265603615,0.67,
1972.1653259290456,0.13,
1972.166667,,-0.026458334
1972.25,,0.4203333
1972.2502011162599,-0.46,
1972.3323383942093,-1.52,
1972.333333,,0.8338751
1972.416667,,1.061708
1972.4172135814235,-1.68,
1972.4993508593727,-1.84,
1972.5,,1.456083
1972.583333,,1.941125
1972.584226046587,-1.12,
1972.666667,,1.839542
1972.6691012338013,-1.48,
1972.75,,2.044333
1972.7512385117507,-1.13,
1972.833333,,2.290125
1972.836113698965,-0.38,
1972.916667,,2.321167
1972.9182509769141,-1.47,
1973.0,,1.636292
1973.0031261641284,-0.43,
1973.083333,,1.2655
1973.0880013513427,-1.47,
1973.164662810762,-0.06,
1973.166667,,0.785625
1973.2495379979762,-0.37,
1973.25,,0.1032083
1973.3316752759256,0.25,
1973.333333,,-0.8864584
1973.4165504631399,1.22,
1973.416667,,-0.9628751
1973.498687741089,0.63,
1973.5,,-1.038542
1973.583333,,-1.399625
1973.5835629283033,1.18,
1973.666667,,-1.241917
1973.6684381155176,1.27,
1973.75,,-1.424875
1973.7505753934668,0.85,
1973.833333,,-1.562292
1973.835450580681,2.85,
1973.916667,,-1.525208
1973.9175878586304,1.76,
1974.0,,-1.394792
1974.0024630458447,2.16,
1974.083333,,-1.156375
1974.087338233059,1.49,
1974.1639996924782,2.1,
1974.166667,,-0.441875
1974.2488748796925,1.27,
1974.25,,-0.2852083
1974.3310121576417,1.24,
1974.333333,,0.1253333
1974.415887344856,0.14,
1974.416667,,0.2641667
1974.4980246228054,1.23,
1974.5,,-0.09070833
1974.5828998100196,0.56,
1974.583333,,0.078291677
1974.666667,,-0.2987083
1974.667774997234,1.16,
1974.749912275183,0.72,
1974.75,,-0.2244584
1974.833333,,-0.55025
1974.8347874623973,-0.42,
1974.916667,,-0.4072917
1974.9169247403468,-0.14,
1975.0,,-0.1984583
1975.001799927561,-0.62,
1975.083333,,-0.3962917
1975.0866751147753,0.46,
1975.1633365741945,1.14,
1975.166667,,-0.4005
1975.2482117614088,1.48,
1975.25,,-0.043125
1975.330349039358,0.51,
1975.333333,,-0.4488333
1975.4152242265723,1.69,
1975.416667,,-0.8572917
1975.4973615045217,2.13,
1975.5,,-0.8129584
1975.582236691736,2.03,
1975.583333,,-0.503375
1975.666667,,-0.8416667
1975.6671118789502,2.15,
1975.7492491568994,1.67,
1975.75,,-1.100583
1975.833333,,-1.127542
1975.8341243441137,1.25,
1975.9162616220628,2.05,
1975.916667,,-1.465
1976.0,,-1.739667
1976.001136809277,1.19,
1976.083333,,-1.0405
1976.0860119964914,1.18,
1976.1654113651757,1.33,
1976.166667,,-0.2500834
1976.25,,-0.051666666
1976.25028655239,0.24,
1976.3324238303394,0.5,
1976.333333,,0.1636667
1976.416667,,0.7459584
1976.4172990175537,-0.16,
1976.4994362955028,-1.24,
1976.5,,0.6729584
1976.583333,,1.182292
1976.584311482717,-1.46,
1976.666667,,1.214958
1976.6691866699314,-1.29,
1976.75,,1.315208
1976.7513239478806,0.13,
1976.833333,,1.123917
1976.8361991350948,0.76,
1976.916667,,1.025167
1976.9183364130442,-0.48,
1977.0,,1.211042
1977.0032116002585,-0.39,
1977.083333,,0.6994584
1977.0880867874728,0.65,
1977.164748246892,-1.2,
1977.166667,,0.583625
1977.2496234341063,-1.17,
1977.25,,-0.2445417
1977.3317607120555,-1.18,
1977.333333,,0.309875
1977.4166358992697,-2.33,
1977.416667,,0.32825
1977.4987731772192,-1.45,
1977.5,,0.090666674
1977.583333,,-0.3710417
1977.5836483644334,-1.42,
1977.666667,,-0.054500002
1977.6685235516477,-0.95,
1977.75,,0.39225
1977.7506608295969,-1.39,
1977.833333,,0.6213334
1977.8355360168111,-1.56,
1977.916667,,0.4562083
1977.9176732947606,-1.23,
1978.0,,0.5896667
1978.0025484819746,-0.48,
1978.083333,,0.2877083
1978.0874236691889,-2.63,
1978.1640851286083,-0.82,
1978.166667,,0.050124999
1978.2489603158226,-0.88,
1978.25,,-0.4830833
1978.3310975937718,1.5,
1978.333333,,-0.2818334
1978.415972780986,0.4,
1978.416667,,-0.6512501
1978.4981100589355,0.53,
1978.5,,-0.6697084
1978.5829852461497,0.12,
1978.583333,,-0.7621251
1978.666667,,-0.5003334
1978.667860433364,0.06,
1978.7499977113132,-0.76,
1978.75,,-0.32825
1978.833333,,-0.044791669
1978.8348728985275,-0.28,
1978.916667,,0.2444167
1978.9170101764767,-0.21,
1979.0,,-0.1144167
1979.001885363691,-0.45,
1979.083333,,0.005750001
1979.0867605509052,0.61,
1979.1634220103247,-0.49,
1979.166667,,0.2442917
1979.248297197539,-0.65,
1979.25,,0.4585834
1979.3304344754881,0.46,
1979.333333,,0.5518333
1979.4153096627024,0.58,
1979.416667,,0.4878334
1979.4974469406516,-0.76,
1979.5,,0.098583341
1979.5823221278658,-0.69,
1979.583333,,0.515875
1979.666667,,1.07025
1979.66719731508,0.11,
1979.7493345930295,-0.37,
1979.75,,0.5534167
1979.833333,,0.3419167
1979.8342097802438,-0.61,
1979.916347058193,-0.9,
1979.916667,,0.5520417
1980.0,,0.4616667
1980.0012222454072,0.28,
1980.083333,,0.2633334
1980.0860974326215,-0.02,
1980.1654968013058,-1.06,
1980.166667,,0.1430833
1980.25,,0.294375
1980.25037198852,-1.6,
1980.3325092664693,-0.35,
1980.333333,,0.390875
1980.416667,,0.5747917
1980.4173844536836,-0.68,
1980.499521731633,-0.14,
1980.5,,0.012124998
1980.583333,,-0.078000002
1980.5843969188472,-0.06,
1980.666667,,-0.1484583
1980.6692721060615,-0.54,
1980.75,,-0.3381667
1980.7514093840107,-0.34,
1980.833333,,0.1805
1980.836284571225,-0.47,
1980.916667,,0.4969167
1980.9184218491741,-0.21,
1981.0,,-0.5247084
1981.0032970363884,0.27,
1981.083333,,-0.6013334
1981.0881722236027,-0.47,
1981.1648336830222,-2.01,
1981.166667,,-0.2345833
1981.2497088702364,-0.6,
1981.25,,-0.5125417
1981.3318461481856,0.82,
1981.333333,,-0.034958337
1981.416667,,0.008333335
1981.4167213353999,1.28,
1981.4988586133493,0.87,
1981.5,,-0.3842917
1981.583333,,-0.6066667
1981.5837338005633,0.4,
1981.666667,,-0.078625001
1981.6686089877776,0.52,
1981.75,,0.055041667
1981.750746265727,-0.71,
1981.833333,,-0.1394436
1981.8356214529413,0.07,
1981.916667,,0.245679
1981.9177587308905,0.41,
1982.0,,0.4787224
1982.0026339181047,0.87,
1982.083333,,0.1933715
1982.087509105319,-0.03,
1982.1641705647385,0.05,
1982.166667,,0.049264032
1982.2490457519527,-0.46,
1982.25,,0.4472539
1982.331183029902,-0.74,
1982.333333,,1.045563
1982.4160582171162,-2.49,
1982.416667,,1.211087
1982.4981954950654,-1.89,
1982.5,,0.8999302
1982.5830706822796,-2.66,
1982.583333,,1.261593
1982.666667,,1.899197
1982.667945869494,-2.12,
1982.75,,2.35988
1982.7500831474433,-2.2,
1982.833333,,2.720195
1982.8349583346576,-3.25,
1982.916667,,3.343411
1982.9170956126068,-2.48,
1983.0,,3.443757
1983.001970799821,-3.36,
1983.083333,,2.87916
1983.0868459870353,-3.46,
1983.1635074464546,-3.25,
1983.166667,,2.217402
1983.2483826336688,-1.41,
1983.25,,1.970927
1983.3305199116182,0.79,
1983.333333,,2.329366
1983.4153950988325,-0.58,
1983.416667,,2.062147
1983.4975323767817,-0.7,
1983.5,,1.356797
1983.582407563996,-0.37,
1983.583333,,1.187653
1983.666667,,0.7677793
1983.6672827512102,0.91,
1983.7494200291594,0.34,
1983.75,,0.07111416
1983.833333,,-0.2986768
1983.8342952163737,-0.12,
1983.916432494323,-0.17,
1983.916667,,-0.2742858
1984.0,,-0.4900808
1984.0013076815374,-0.03,
1984.083333,,-0.093203679
1984.0861828687516,0.43,
1984.165582237436,-0.85,
1984.166667,,0.1046514
1984.25,,0.097652987
1984.2504574246502,0.39,
1984.3325947025994,-0.03,
1984.333333,,-0.1839782
1984.416667,,-0.6828744
1984.4174698898137,-1.22,
1984.4996071677629,0.12,
1984.5,,-0.4949481
1984.583333,,-0.3552837
1984.5844823549771,0.1,
1984.666667,,-0.1610741
1984.6693575421914,0.17,
1984.75,,-0.5522128
1984.7514948201408,-0.61,
1984.833333,,-0.5852469
1984.836370007355,0.12,
1984.916667,,-1.072721
1984.9185072853043,-0.24,
1985.0,,-0.7977945
1985.0033824725185,-0.55,
1985.083333,,-0.9878023
1985.0882576597328,0.79,
1985.164919119152,0.2,
1985.166667,,-0.6982444
1985.2497943063663,1.42,
1985.25,,-0.4904598
1985.3319315843157,-0.15,
1985.333333,,-0.4573462
1985.416667,,-0.6342896
1985.41680677153,-1.39,
1985.4989440494792,-0.2,
1985.5,,-0.6949093
1985.583333,,-0.6211753
1985.5838192366934,0.66,
1985.666667,,-0.5324952
1985.6686944239077,0.0,
1985.75,,-0.5369645
1985.7508317018571,-0.76,
1985.833333,,-0.5141952
1985.8357068890714,-0.35,
1985.916667,,-0.5429232
1985.9178441670206,0.12,
1986.0,,-0.6772506
1986.0027193542348,0.82,
1986.083333,,-0.4032578
1986.087594541449,-1.28,
1986.1642560008684,-0.09,
1986.166667,,-0.1076584
1986.2491311880826,0.11,
1986.25,,-0.015625795
1986.331268466032,-0.63,
1986.333333,,0.036354978
1986.4161436532463,1.01,
1986.416667,,0.058384735
1986.4982809311955,0.24,
1986.5,,0.1436919
1986.5831561184098,-0.85,
1986.583333,,0.2002011
1986.666667,,0.7306641
1986.668031305624,-0.53,
1986.75,,0.8307792
1986.7501685835732,0.54,
1986.833333,,1.11288
1986.8350437707875,-1.57,
1986.916667,,1.032658
1986.917181048737,-1.64,
1987.0,,1.206627
1987.0020562359512,-0.75,
1987.083333,,1.236719
1987.0869314231654,-1.41,
1987.1635928825847,-2.03,
1987.166667,,1.319378
1987.248468069799,-2.69,
1987.25,,1.291177
1987.3306053477481,-2.12,
1987.333333,,1.465812
1987.4154805349624,-2.69,
1987.416667,,1.450272
1987.4976178129118,-1.82,
1987.5,,1.562424
1987.582493000126,-1.67,
1987.583333,,1.671488
1987.666667,,1.973287
1987.6673681873403,-1.13,
1987.7495054652895,-0.69,
1987.75,,1.563092
1987.833333,,1.410939
1987.8343806525038,-0.07,
1987.9165179304532,-0.66,
1987.916667,,1.312021
1988.0,,0.770139
1988.0013931176675,-0.31,
1988.083333,,0.4307343
1988.0862683048817,-0.65,
1988.1656676735658,0.13,
1988.166667,,0.3418088
1988.25,,-0.2554331
1988.2505428607801,-0.03,
1988.3326801387295,1.09,
1988.333333,,-0.9647219
1988.416667,,-1.567755
1988.4175553259438,-0.2,
1988.499692603893,1.17,
1988.5,,-1.692774
1988.583333,,-1.452004
1988.5845677911072,1.36,
1988.666667,,-0.8992996
1988.6694429783215,1.92,
1988.75,,-1.339106
1988.751580256271,1.35,
1988.833333,,-1.521344
1988.8364554434852,1.92,
1988.916667,,-1.56684
1988.9185927214344,1.09,
1989.0,,-1.299349
1989.0034679086486,1.31,
1989.083333,,-0.6468049
1989.088343095863,0.8,
1989.1650045552822,0.59,
1989.166667,,-0.8288125
1989.2498797424964,2.18,
1989.25,,-0.4289884
1989.3320170204458,1.45,
1989.333333,,-0.1921278
1989.416667,,-0.091809563
1989.41689220766,0.81,
1989.4990294856093,0.95,
1989.5,,-0.136659
1989.583333,,-0.2793966
1989.5839046728236,-0.82,
1989.666667,,-0.1443113
1989.6687798600378,0.52,
1989.75,,-0.1283587
1989.750917137987,0.61,
1989.833333,,-0.1327569
1989.8357923252013,-0.38,
1989.916667,,-0.1622639
1989.9179296031507,-0.62,
1990.0,,-0.1544882
1990.002804790365,-0.21,
1990.083333,,0.1561754
1990.0876799775792,-1.79,
1990.1643414369985,-1.09,
1990.166667,,0.1196446
1990.2492166242127,-0.01,
1990.25,,0.4925371
1990.331353902162,1.41,
1990.333333,,0.6210604
1990.4162290893762,-0.07,
1990.416667,,0.3083963
1990.4983663673256,0.57,
1990.5,,0.029720167
1990.5832415545399,-0.71,
1990.583333,,0.1911423
1990.666667,,0.3149866
1990.6681167417541,-0.78,
1990.75,,0.1848168
1990.7502540197033,-0.17,
1990.833333,,0.097667642
1990.8351292069176,-0.68,
1990.916667,,0.2242653
1990.917266484867,-0.38,
1991.0,,0.2793717
1991.0021416720813,0.45,
1991.083333,,0.1684127
1991.0870168592955,-0.06,
1991.1636783187148,-1.35,
1991.166667,,0.2148169
1991.248553505929,-1.55,
1991.25,,0.2318955
1991.3306907838783,-1.74,
1991.333333,,0.924937
1991.4155659710925,-0.79,
1991.416667,,1.19877
1991.497703249042,-0.07,
1991.5,,1.076829
1991.5825784362562,-1.07,
1991.583333,,0.6549006
1991.666667,,0.4541135
1991.6674536234705,-1.64,
1991.7495909014197,-1.55,
1991.75,,0.9030719
1991.833333,,1.287249
1991.834466088634,-0.77,
1991.916603366583,-2.02,
1991.916667,,1.559261
1992.0,,1.562361
1992.0014785537974,-2.85,
1992.083333,,1.454479
1992.0863537410116,-1.05,
1992.165753109696,-2.85,
1992.166667,,1.367549
1992.25,,1.581219
1992.2506282969102,-2.06,
1992.3327655748596,0.06,
1992.333333,,1.656618
1992.416667,,0.7269766
1992.417640762074,-1.82,
1992.499778040023,-0.63,
1992.5,,0.2436432
1992.583333,,-0.023825595
1992.5846532272374,-0.01,
1992.666667,,-0.017980186
1992.6695284144516,0.06,
1992.75,,-0.040174477
1992.7516656924008,-2.03,
1992.833333,,-0.007959417
1992.836540879615,-0.84,
1992.916667,,0.049429875
1992.9186781575645,-0.71,
1993.0,,0.033455979
1993.0035533447788,-0.93,
1993.083333,,0.3503805
1993.088428531993,-0.96,
1993.1650899914123,-1.13,
1993.166667,,0.5832611
1993.2499651786266,-2.29,
1993.25,,1.173008
1993.3321024565757,-0.59,
1993.333333,,1.403829
1993.416667,,0.8243058
1993.41697764379,-2.18,
1993.4991149217394,-1.06,
1993.5,,0.3868412
1993.583333,,0.2405857
1993.5839901089537,-1.73,
1993.666667,,0.4521553
1993.668865296168,-0.78,
1993.75,,0.5291239
1993.7510025741171,-1.57,
1993.833333,,0.3899363
1993.8358777613314,-0.13,
1993.916667,,0.4125022
1993.9180150392808,0.07,
1994.0,,0.2741834
1994.0028902264949,-0.25,
1994.083333,,-0.087564394
1994.0877654137091,-0.06,
1994.1644268731286,-1.35,
1994.166667,,0.002489483
1994.2493020603429,-2.63,
1994.25,,-0.068991773
1994.331439338292,-1.26,
1994.333333,,0.3881823
1994.4163145255063,-1.46,
1994.416667,,0.3140596
1994.4984518034557,-1.7,
1994.5,,-0.200651
1994.58332699067,-2.03,
1994.583333,,-0.1455645
1994.666667,,0.2675676
1994.6682021778843,-1.7,
1994.75,,0.7593633
1994.7503394558335,-1.58,
1994.833333,,1.045656
1994.8352146430477,-0.81,
1994.916667,,1.129236
1994.917351920997,-1.41,
1995.0,,0.937923
1995.0022271082112,-0.51,
1995.083333,,0.6835793
1995.0871022954254,-0.35,
1995.163763754845,0.24,
1995.166667,,0.2343409
1995.2486389420592,-1.72,
1995.25,,0.014058105
1995.3307762200084,-0.91,
1995.333333,,-0.1218222
1995.4156514072226,-0.31,
1995.416667,,0.011198606
1995.4977886851718,0.44,
1995.5,,-0.054928906
1995.582663872386,-0.11,
1995.583333,,-0.3730626
1995.666667,,-0.4147711
1995.6675390596004,0.28,
1995.7496763375498,-0.34,
1995.75,,-0.5710534
1995.833333,,-0.7022923
1995.834551524764,-0.02,
1995.916667,,-0.6446774
1995.9166888027132,-0.72,
1996.0,,-0.5400862
1996.0015639899275,0.82,
1996.083333,,-0.4814011
1996.0864391771418,-0.02,
1996.165838545826,0.53,
1996.166667,,-0.1030336
1996.25,,-0.3715828
1996.2507137330404,0.91,
1996.3328510109895,0.46,
1996.333333,,-0.3292112
1996.416667,,-0.2382723
1996.4177261982038,1.6,
1996.4998634761532,0.7,
1996.5,,-0.1316241
1996.583333,,-0.1635223
1996.5847386633675,0.33,
1996.666667,,-0.1646935
1996.6696138505818,0.66,
1996.75,,-0.2054505
1996.751751128531,0.26,
1996.833333,,-0.2535642
1996.8366263157452,-0.21,
1996.916667,,-0.6168354
1996.9187635936944,0.71,
1997.0,,-0.6102584
1997.0036387809087,0.29,
1997.083333,,-0.303581
1997.088513968123,1.21,
1997.1651754275424,-1.09,
1997.166667,,0.1707174
1997.25,,0.5996162
1997.2500506147567,-1.55,
1997.3321878927059,-2.41,
1997.333333,,1.449097
1997.416667,,1.983257
1997.4170630799201,-3.02,
1997.4992003578695,-0.91,
1997.5,,2.408996
1997.583333,,2.915967
1997.5840755450836,-2.31,
1997.666667,,3.122397
1997.6689507322978,-1.55,
1997.75,,3.308315
1997.7510880102473,-1.69,
1997.833333,,3.547784
1997.8359631974615,-1.31,
1997.916667,,3.724903
1997.9181004754107,-1.12,
1998.0,,3.43036
1998.002975662625,-2.53,
1998.083333,,2.761615
1998.0878508498392,-1.97,
1998.1645123092587,-3.31,
1998.166667,,2.229913
1998.249387496473,-2.8,
1998.25,,1.896097
1998.3315247744222,0.17,
1998.333333,,1.568013
1998.4163999616364,1.05,
1998.416667,,0.1962749
1998.4985372395856,1.49,
1998.5,,-0.022825558
1998.583333,,0.079480097
1998.5834124268,0.83,
1998.666667,,-0.1270769
1998.6682876140142,1.04,
1998.75,,-0.4242516
1998.7504248919636,1.01,
1998.833333,,-0.4510868
1998.8353000791778,1.01,
1998.916667,,-0.7682984
1998.917437357127,1.32,
1999.0,,-0.8359101
1999.0023125443413,1.58,
1999.083333,,-0.5222874
1999.0871877315556,0.58,
1999.1638491909748,0.78,
1999.166667,,-0.1487616
1999.248724378189,2.1,
1999.25,,-0.4309283
1999.3308616561385,0.44,
1999.333333,,-0.084772326
1999.4157368433528,0.0,
1999.416667,,-0.3957591
1999.497874121302,0.52,
1999.5,,-0.4942223
1999.5827493085162,-0.03,
1999.583333,,-0.6333401
1999.666667,,-0.7109451
1999.6676244957305,-0.07,
1999.7497617736797,0.95,
1999.75,,-0.8085802
1999.833333,,-1.138787
1999.834636960894,1.22,
1999.916667,,-1.251376
1999.9167742388433,1.37,
2000.0,,-1.432551
2000.0016494260576,0.47,
2000.083333,,-0.92368
2000.0865246132719,1.24,
2000.1659239819562,0.88,
2000.166667,,-0.4545587
2000.25,,0.060650181
2000.2507991691705,1.76,
2000.3329364471197,0.42,
2000.333333,,0.028873539
2000.416667,,-0.4213194
2000.417811634334,-0.87,
2000.4999489122831,-0.34,
2000.5,,-0.537641
2000.583333,,-0.5081417
2000.5848240994974,0.48,
2000.666667,,-0.2256393
2000.6696992867116,0.97,
2000.75,,-0.2572685
2000.751836564661,0.87,
2000.833333,,-0.5338784
2000.8367117518753,2.02,
2000.916667,,-0.3640887
2000.9188490298245,0.77,
2001.0,,-0.3958249
2001.0037242170388,0.78,
2001.083333,,-0.182546
2001.088599404253,1.0,
2001.1652608636723,0.46,
2001.166667,,0.2835068
2001.25,,0.3611216
2001.2501360508866,-0.18,
2001.332273328836,-0.84,
2001.333333,,0.2217147
2001.416667,,0.1750913
2001.4171485160502,-0.19,
2001.4992857939994,-0.27,
2001.5,,-0.038524158
2001.583333,,-0.1522177
2001.5841609812137,-1.01,
2001.666667,,-0.2743973
2001.669036168428,0.11,
2001.75,,-0.266176
2001.7511734463774,-0.38,
2001.833333,,-0.4197773
2001.8360486335916,0.64,
2001.916667,,-0.2828763
2001.9181859115408,-1.06,
2002.0,,-0.2653425
2002.003061098755,0.2,
2002.083333,,0.015816124
2002.0879362859694,0.64,
2002.1645977453886,-0.81,
2002.166667,,0.2507458
2002.2494729326029,-0.48,
2002.25,,0.3834586
2002.3316102105523,-1.54,
2002.333333,,0.6018103
2002.4164853977666,-1.02,
2002.416667,,0.8766004
2002.4986226757158,-0.7,
2002.5,,0.563215
2002.583333,,0.5706242
2002.58349786293,-1.62,
2002.666667,,0.9055965
2002.6683730501443,-0.66,
2002.75,,1.16279
2002.7505103280935,-0.79,
2002.833333,,1.528841
2002.8353855153077,-0.6,
2002.916667,,1.504215
2002.9175227932571,-1.3,
2003.0,,0.940943
2003.0023979804714,-0.3,
2003.083333,,0.5549844
2003.0872731676857,-0.9,
2003.163934627105,-0.91,
2003.166667,,0.4025691
2003.2488098143192,-0.48,
2003.25,,0.02793373
2003.3309470922684,-0.85,
2003.333333,,-0.388851
2003.4158222794827,-1.75,
2003.416667,,-0.2685696
2003.497959557432,0.26,
2003.5,,0.1682665
2003.5828347446463,-0.35,
2003.583333,,0.2384973
2003.666667,,0.4114488
2003.6677099318606,-0.18,
2003.7498472098098,-0.26,
2003.75,,0.5927562
2003.833333,,0.6641306
2003.834722397024,-0.32,
2003.916667,,0.6043244
2003.9168596749735,0.92,
2004.0017348621877,-1.31,
2004.086610049402,0.77,
2004.166009418086,-0.11,
2004.2508846053004,-1.91,
2004.3330218832498,1.22,
2004.417897070464,-1.91,
2004.5000343484132,-0.72,
2004.5849095356275,-0.9,
2004.6697847228418,-0.31,
2004.7519220007912,-0.42,
2004.8367971880054,-1.06,
2004.9189344659546,-0.94,
2005.003809653169,0.2,
2005.0886848403832,-2.99,
2005.1653462998024,-0.26,
2005.2502214870167,-1.22,
2005.332358764966,-1.46,
2005.4172339521804,0.11,
2005.4993712301296,0.06,
2005.5842464173438,-0.97,
2005.669121604558,0.34,
2005.7512588825073,1.12,
2005.8361340697215,-0.42,
2005.918271347671,0.01,
2006.0031465348852,1.29,
2006.0880217220995,-0.12,
2006.1646831815187,1.32,
2006.249558368733,1.17,
2006.3316956466822,-0.96,
2006.4165708338965,-0.98,
2006.4987081118459,-0.9,
2006.5835832990601,-1.75,
2006.6684584862744,-0.6,
2006.7505957642236,-1.52,
2006.8354709514379,0.05,
2006.9176082293873,-0.39,
2007.0024834166015,-0.83,
2007.0873586038158,-0.38,
2007.164020063235,-0.3,
2007.2488952504493,-0.35,
2007.3310325283985,-0.3,
2007.4159077156128,0.14,
2007.4980449935622,-0.44,
2007.5829201807765,0.01,
2007.6677953679907,0.12,
2007.74993264594,0.44,
2007.8348078331542,0.82,
2007.9169451111034,1.49,
2008.0018202983176,1.54,
2008.086695485532,2.05,
2008.1660948542162,1.04,
2008.2509700414305,0.56,
2008.33310731938,-0.25,
2008.4179825065942,0.34,
2008.5001197845434,0.2,
2008.5849949717576,0.64,
2008.669870158972,1.26,
2008.752007436921,1.52,
2008.8368826241353,1.64,
2008.9190199020848,1.43,
2009.003895089299,0.85,
2009.0887702765133,1.37,
2009.1654317359325,-0.21,
2009.2503069231468,1.06,
2009.332444201096,-0.86,
2009.4173193883103,-0.45,
2009.4994566662597,0.18,
2009.584331853474,-0.59,
2009.6692070406882,0.35,
2009.7513443186374,-1.66,
2009.8362195058517,-0.67,
2009.918356783801,-0.95,
2010.0032319710153,-1.13,
2010.0881071582294,-1.59,
2010.1647686176489,-1.4,
2010.2496438048631,1.88,
2010.3317810828123,0.85,
2010.4166562700266,0.24,
2010.498793547976,1.95,
2010.5836687351903,1.77,
2010.6685439224045,2.44,
2010.7506812003537,1.8,
2010.835556387568,1.62,
2010.9176936655172,2.9,
2011.0025688527314,2.01,
2011.0874440399457,2.12,
2011.1641054993652,2.09,
2011.2489806865794,3.02,
2011.3311179645286,0.46,
2011.415993151743,-0.04,
2011.498130429692,1.11,
2011.5830056169063,0.07,
2011.6678808041206,1.14,
2011.75001808207,0.91,
2011.8348932692843,1.41,
2011.9170305472335,2.45,
2012.0019057344477,0.9,
2012.086780921662,0.22,
2012.1661802903463,0.2,
2012.2510554775606,-0.65,
2012.3331927555098,-0.38,
2012.418067942724,-1.51,
2012.5002052206735,-0.15,
2012.5850804078877,-0.74,
2012.669955595102,0.22,
2012.7520928730512,0.17,
2012.8369680602655,0.33,
2012.9191053382146,-0.77,
2013.003980525429,-0.1,
2013.0888557126432,-0.47,
2013.1655171720627,1.06,
2013.250392359277,0.01,
2013.3325296372261,0.9,
2013.4174048244404,1.45,
2013.4995421023898,0.76,
2013.584417289604,-0.23,
2013.669292476818,0.41,
2013.7514297547675,-0.34,
2013.8363049419818,0.75,
2013.918442219931,-0.05,
2014.0033174071452,1.19,
2014.0881925943595,-0.32,
2014.164854053779,-1.7,
2014.2497292409932,0.81,
2014.3318665189424,0.72,
2014.4167417061567,-0.46,
2014.4988789841059,-0.26,
2014.5837541713202,-1.42,
2014.6686293585344,-0.66,
2014.7507666364838,-0.86,
2014.835641823698,-0.96,
2014.9177791016473,-0.66,
2015.0026542888615,-0.87,
2015.0875294760758,-0.04,
2015.164190935495,-1.4,
2015.2490661227093,-0.27,
2015.3312034006588,-1.04,
2015.416078587873,-1.72,
2015.4982158658222,-1.41,
2015.5830910530365,-2.15,
2015.6679662402507,-1.65,
2015.7501035182,-1.91,
2015.8349787054142,-0.63,
2015.9171159833636,-1.0,
2016.0019911705779,-2.12,
2016.0868663577921,-2.09,
2016.1662657264765,-0.75,
2016.2511409136907,-2.61,
2016.33327819164,0.22,
2016.4181533788542,0.44,
2016.5002906568034,0.45,
2016.5851658440176,0.4,
2016.670041031232,1.28,
2016.7521783091813,-0.66,
2016.8370534963956,-0.23,
2016.9191907743448,0.19,
2017.004065961559,0.08,
2017.0889411487733,-0.33,
2017.1656026081928,0.41,
2017.2504777954068,-0.75,
2017.3326150733562,0.23,
2017.4174902605705,-1.39,
2017.4996275385197,0.85,
2017.584502725734,0.17,
2017.6693779129482,0.62,
2017.7515151908976,0.75,
2017.836390378112,0.94,
2017.918527656061,-0.27,
2018.0034028432754,0.91,
2018.0882780304896,-0.73,
2018.1649394899089,1.03,
2018.2498146771231,0.58,
2018.3319519550726,0.56,
2018.4168271422868,-0.74,
2018.498964420236,0.18,
2018.5838396074503,-0.87,
2018.6687147946645,-0.99,
2018.7508520726137,0.27,
2018.835727259828,-0.08,
2018.9178645377774,0.93,
2019.0027397249917,-0.16,
2019.087614912206,-1.43,
2019.1642763716252,-0.91,
2019.2491515588395,-0.03,
2019.3312888367886,-0.71,
2019.416164024003,-1.36,
2019.4983013019523,-0.51,
2019.5831764891666,-0.7,
2019.6680516763809,-1.26,
2019.75018895433,-0.66,
2019.8350641415443,-1.03,
2019.9172014194937,-0.73,
2020.002076606708,0.01,
2020.0869517939223,-0.31,
2020.1663511626064,-0.75,
2020.2512263498206,0.16,
2020.33336362777,0.71,
2020.4182388149843,-1.36,
2020.5003760929335,0.44,
2020.5852512801478,0.85,
2020.670126467362,0.98,
2020.7522637453114,0.27,
2020.8371389325257,0.85,
2020.919276210475,1.76,
2021.0041513976892,1.64,
2021.0890265849034,1.02,
2021.1656880443227,-0.2,
2021.250563231537,0.3,
2021.3327005094864,0.49,
2021.4175756967006,0.22,
2021.4997129746498,1.61,
2021.584588161864,0.27,
2021.6694633490783,0.86,
2021.7516006270275,0.51,
2021.8364758142418,1.12,
2021.9186130921912,1.43,
2022.0034882794055,0.34,
2022.0883634666197,0.76,
2022.165024926039,1.35,
2022.2499001132533,2.69,
2022.3320373912024,1.9,
2022.4169125784167,2.45,
2022.4990498563661,0.91,
2022.5839250435804,0.81,
2022.6688002307947,1.73,
2022.7509375087438,1.73,
2022.835812695958,0.31,
2022.9179499739075,2.11,
2023.0028251611218,1.14,
2023.087700348336,0.93,
2023.1643618077553,-0.38,
2023.2492369949696,-0.03,
2023.3313742729188,-1.6,
2023.416249460133,-0.12,
2023.4983867380824,-0.38,
2023.5832619252967,-1.6,
2023.668137112511,-1.36,
2023.7502743904602,-0.6,
2023.8351495776744,-0.9,
2023.9172868556236,-0.39,
2024.0021620428379,0.31,
2024.0870372300521,-1.47,
2024.1664365987365,-0.2,
2024.2513117859507,-0.69,
2024.3334490639002,0.57,
2024.4183242511144,-0.43,
2024.5004615290636,-0.65,
2024.5853367162779,0.59,
2024.6702119034921,-0.12,
2024.7523491814413,0.35,
2024.8372243686556,0.61,
2024.919361646605,1.09,
2025.0042368338193,0.26,
2025.0891120210335,0.21,
