datetime,Southern Oscillation Index,NINO3 SST
1870-12-31 03:41:38,,-0.35825
1871-01-30 14:10:31,,-0.2924584
1871-03-02 00:39:56,,-0.1435833
1871-04-01 11:08:49,,-0.149625
1871-05-01 21:37:43,,-0.27425
1871-06-01 08:07:08,,-0.3724167
1871-07-01 18:36:01,,-0.2715
1871-08-01 05:04:54,,-0.3378333
1871-08-31 15:34:19,,-0.175625
1871-10-01 02:03:12,,-0.052208334
1871-10-31 12:32:06,,-0.005000001
1871-11-30 23:01:31,,-0.218875
1871-12-31 09:30:24,,-0.5075001
1872-01-30 19:59:17,,-0.533375
1872-03-01 06:28:42,,-0.5465834
1872-03-31 16:57:35,,-0.598875
1872-05-01 03:26:29,,-0.6535
1872-05-31 13:55:54,,-0.5886667
1872-07-01 00:24:47,,-0.5147501
1872-07-31 10:53:40,,-0.6217501
1872-08-30 21:23:05,,-1.00625
1872-09-30 07:51:58,,-0.9237084
1872-10-30 18:20:52,,-0.8687084
1872-11-30 04:50:17,,-0.783375
1872-12-30 15:19:10,,-0.7317083
1873-01-30 01:48:03,,-0.8480834
1873-03-01 12:17:28,,-0.8297084
1873-03-31 22:46:21,,-0.6962501
1873-05-01 09:15:15,,-0.4467084
1873-05-31 19:44:40,,-0.3306667
1873-07-01 06:13:33,,-0.151875
1873-07-31 16:42:26,,-0.3927917
1873-08-31 03:11:51,,-0.3576667
1873-09-30 13:40:44,,-0.6431251
1873-10-31 00:09:38,,-1.021875
1873-11-30 10:39:03,,-1.1575
1873-12-30 21:07:56,,-0.977125
1874-01-30 07:36:49,,-1.094875
1874-03-01 18:06:14,,-0.9694167
1874-04-01 04:35:07,,-0.838
1874-05-01 15:04:01,,-0.7487084
1874-06-01 01:33:26,,-0.7400834
1874-07-01 12:02:19,,-0.8526251
1874-07-31 22:31:12,,-1.169375
1874-08-31 09:00:37,,-1.00825
1874-09-30 19:29:30,,-1.027667
1874-10-31 05:58:24,,-1.241292
1874-11-30 16:27:49,,-0.78575
1874-12-31 02:56:42,,-0.5002084
1875-01-30 13:25:35,,-0.7718334
1875-03-01 23:55:00,,-0.4692917
1875-04-01 10:23:53,,-0.7503334
1875-05-01 20:52:47,,-0.6111667
1875-06-01 07:22:12,,-0.5960833
1875-07-01 17:51:05,,-0.4154584
1875-08-01 04:19:58,,-0.7095
1875-08-31 14:49:23,,-0.5875417
1875-10-01 01:18:16,,-0.87975
1875-10-31 11:47:10,,-0.7973334
1875-11-30 22:16:35,,-0.64225
1875-12-31 08:45:28,,-0.9426667
1876-01-30 19:14:21,,-0.9870834
1876-03-01 05:43:46,,-0.9531251
1876-03-31 16:12:39,,-0.9444584
1876-05-01 02:41:33,,-0.48925
1876-05-31 13:10:58,,-0.2585834
1876-06-30 23:39:51,,-0.022625001
1876-07-31 10:08:44,,-0.039333332
1876-08-30 20:38:09,,-0.065291673
1876-09-30 07:07:02,,0.4621667
1876-10-30 17:35:56,,0.44225
1876-11-30 04:05:20,,0.3955834
1876-12-30 14:34:14,,0.6929584
1877-01-30 01:03:07,,0.644125
1877-03-01 11:32:32,,0.7826667
1877-03-31 22:01:25,,1.152708
1877-05-01 08:30:19,,1.144458
1877-05-31 18:59:43,,1.700083
1877-07-01 05:28:37,,1.855333
1877-07-31 15:57:30,,2.149458
1877-08-31 02:26:55,,2.492959
1877-09-30 12:55:48,,2.531792
1877-10-30 23:24:42,,2.617208
1877-11-30 09:54:06,,2.767667
1877-12-30 20:23:00,,2.706458
1878-01-30 06:51:53,,2.489792
1878-03-01 17:21:18,,2.063375
1878-04-01 03:50:11,,1.616333
1878-05-01 14:19:05,,1.422458
1878-06-01 00:48:29,,1.187625
1878-07-01 11:17:23,,0.8755417
1878-07-31 21:46:16,,0.4312917
1878-08-31 08:15:41,,-0.079916663
1878-09-30 18:44:34,,-0.3452917
1878-10-31 05:13:28,,-0.3299583
1878-11-30 15:42:52,,-0.3771667
1878-12-31 02:11:46,,-0.085000001
1879-01-30 12:40:39,,0.125875
1879-03-01 23:10:04,,-0.037000004
1879-04-01 09:38:57,,-0.050875004
1879-05-01 20:07:51,,-0.064750001
1879-06-01 06:37:15,,-0.211625
1879-07-01 17:06:09,,-0.340875
1879-08-01 03:35:02,,-0.7759584
1879-08-31 14:04:27,,-0.5237917
1879-10-01 00:33:20,,-0.5384583
1879-10-31 11:02:14,,-0.6566667
1879-11-30 21:31:38,,-0.9757084
1879-12-31 08:00:32,,-1.141333
1880-01-30 18:29:25,,-0.3616667
1880-03-01 04:58:50,,-0.1692917
1880-03-31 15:27:43,,-0.081583336
1880-05-01 01:56:37,,-0.120875
1880-05-31 12:26:01,,-0.2335833
1880-06-30 22:54:55,,-0.4069167
1880-07-31 09:23:48,,-0.106875
1880-08-30 19:53:13,,0.198125
1880-09-30 06:22:06,,0.4769167
1880-10-30 16:51:00,,0.3572083
1880-11-30 03:20:24,,0.441
1880-12-30 13:49:18,,0.424375
1881-01-30 00:18:11,,0.2991667
1881-03-01 10:47:36,,0.3142917
1881-03-31 21:16:29,,0.4110417
1881-05-01 07:45:23,,0.3185
1881-05-31 18:14:47,,0.120375
1881-07-01 04:43:41,,-0.039375
1881-07-31 15:12:34,,0.093166672
1881-08-31 01:41:59,,0.010208331
1881-09-30 12:10:52,,-0.1216667
1881-10-30 22:39:46,,-0.3246667
1881-11-30 09:09:10,,-0.3718334
1881-12-30 19:38:04,,-0.4365
1882-01-30 06:06:57,,-0.3974583
1882-03-01 16:36:22,,-0.2572917
1882-04-01 03:05:15,,-0.1872917
1882-05-01 13:34:08,,-0.3114583
1882-06-01 00:03:33,,-0.772375
1882-07-01 10:32:27,,-0.9150833
1882-07-31 21:01:20,,-0.6934167
1882-08-31 07:30:45,,-0.3923334
1882-09-30 17:59:38,,-0.5960417
1882-10-31 04:28:31,,-0.71075
1882-11-30 14:57:56,,-0.63225
1882-12-31 01:26:50,,-0.5949167
1883-01-30 11:55:43,,-0.4695417
1883-03-01 22:25:08,,-0.059458334
1883-04-01 08:54:01,,0.1316667
1883-05-01 19:22:54,,0.1386667
1883-06-01 05:52:19,,0.1852083
1883-07-01 16:21:13,,0.232125
1883-08-01 02:50:06,,0.2109167
1883-08-31 13:19:31,,0.088708334
1883-09-30 23:48:24,,-0.1018333
1883-10-31 10:17:17,,0.052208338
1883-11-30 20:46:42,,-0.172625
1883-12-31 07:15:36,,-0.2718334
1884-01-30 17:44:29,,-0.246375
1884-03-01 04:13:54,,0.100625
1884-03-31 14:42:47,,0.518
1884-05-01 01:11:40,,0.463625
1884-05-31 11:41:05,,0.2621667
1884-06-30 22:09:59,,0.2916667
1884-07-31 08:38:52,,0.4677917
1884-08-30 19:08:17,,0.4278334
1884-09-30 05:37:10,,0.7608334
1884-10-30 16:06:03,,0.751875
1884-11-30 02:35:28,,0.8725833
1884-12-30 13:04:22,,0.7250001
1885-01-29 23:33:15,,0.2949167
1885-03-01 10:02:40,,0.4200417
1885-03-31 20:31:33,,0.3786667
1885-05-01 07:00:26,,0.16825
1885-05-31 17:29:51,,0.1327917
1885-07-01 03:58:45,,-0.04025
1885-07-31 14:27:38,,0.1744583
1885-08-31 00:57:03,,0.5649583
1885-09-30 11:25:56,,0.7364167
1885-10-30 21:54:49,,0.7877501
1885-11-30 08:24:14,,0.6388751
1885-12-30 18:53:08,,0.071375005
1886-01-30 05:22:01,,-0.4070834
1886-03-01 15:51:26,,-0.3071667
1886-04-01 02:20:19,,-0.3339584
1886-05-01 12:49:12,,-0.5292084
1886-05-31 23:18:37,,-0.9582917
1886-07-01 09:47:31,,-0.9317084
1886-07-31 20:16:24,,-0.8658334
1886-08-31 06:45:49,,-0.66
1886-09-30 17:14:42,,-0.9444167
1886-10-31 03:43:35,,-0.9131667
1886-11-30 14:13:00,,-1.1235
1886-12-31 00:41:54,,-0.9293334
1887-01-30 11:10:47,,-0.8668334
1887-03-01 21:40:12,,-0.668875
1887-04-01 08:09:05,,-0.5621667
1887-05-01 18:37:58,,-0.1482917
1887-06-01 05:07:23,,-0.018666666
1887-07-01 15:36:17,,-0.004416665
1887-08-01 02:05:10,,-0.3265834
1887-08-31 12:34:35,,-0.013166666
1887-09-30 23:03:28,,0.003291665
1887-10-31 09:32:21,,0.2019167
1887-11-30 20:01:46,,0.29225
1887-12-31 06:30:40,,0.5075834
1888-01-30 16:59:33,,0.6724584
1888-03-01 03:28:58,,0.5879584
1888-03-31 13:57:51,,0.4784167
1888-05-01 00:26:44,,0.8720834
1888-05-31 10:56:09,,0.8656251
1888-06-30 21:25:03,,0.8955417
1888-07-31 07:53:56,,0.9285834
1888-08-30 18:23:21,,1.491667
1888-09-30 04:52:14,,1.800875
1888-10-30 15:21:07,,1.976417
1888-11-30 01:50:32,,2.133417
1888-12-30 12:19:26,,2.080333
1889-01-29 22:48:19,,1.609333
1889-03-01 09:17:44,,1.285208
1889-03-31 19:46:37,,0.9745001
1889-05-01 06:15:30,,0.7251667
1889-05-31 16:44:55,,0.213875
1889-07-01 03:13:48,,-0.2727083
1889-07-31 13:42:42,,-0.9476667
1889-08-31 00:12:07,,-0.734125
1889-09-30 10:41:00,,-1.057833
1889-10-30 21:09:53,,-1.149708
1889-11-30 07:39:18,,-1.107625
1889-12-30 18:08:11,,-1.387458
1890-01-30 04:37:05,,-0.8440834
1890-03-01 15:06:30,,-0.8429584
1890-04-01 01:35:23,,-0.5572917
1890-05-01 12:04:16,,-0.4417084
1890-05-31 22:33:41,,-0.573
1890-07-01 09:02:34,,-0.6245
1890-07-31 19:31:28,,-0.6909584
1890-08-31 06:00:53,,-0.630625
1890-09-30 16:29:46,,-0.972875
1890-10-31 02:58:39,,-0.8632084
1890-11-30 13:28:04,,-0.2230833
1890-12-30 23:56:57,,0.008083332
1891-01-30 10:25:51,,0.1995
1891-03-01 20:55:16,,0.1517917
1891-04-01 07:24:09,,0.5333334
1891-05-01 17:53:02,,0.6607917
1891-06-01 04:22:27,,0.6017917
1891-07-01 14:51:20,,0.4714167
1891-08-01 01:20:14,,0.3405834
1891-08-31 11:49:39,,-0.080291674
1891-09-30 22:18:32,,0.081125006
1891-10-31 08:47:25,,0.1595833
1891-11-30 19:16:50,,-0.014874998
1891-12-31 05:45:43,,0.016916668
1892-01-30 16:14:37,,-0.042416666
1892-03-01 02:44:02,,-0.1315833
1892-03-31 13:12:55,,-0.3770834
1892-04-30 23:41:48,,-0.427375
1892-05-31 10:11:13,,-0.6754584
1892-06-30 20:40:06,,-0.8216251
1892-07-31 07:09:00,,-0.9602084
1892-08-30 17:38:25,,-1.269583
1892-09-30 04:07:18,,-1.720042
1892-10-30 14:36:11,,-1.53575
1892-11-30 01:05:36,,-1.372083
1892-12-30 11:34:29,,-1.338
1893-01-29 22:03:23,,-1.46625
1893-03-01 08:32:48,,-1.1235
1893-03-31 19:01:41,,-1.090375
1893-05-01 05:30:34,,-1.163208
1893-05-31 15:59:59,,-1.078
1893-07-01 02:28:52,,-0.8739167
1893-07-31 12:57:46,,-0.8139584
1893-08-30 23:27:11,,-0.7962084
1893-09-30 09:56:04,,-0.8024583
1893-10-30 20:24:57,,-0.787375
1893-11-30 06:54:22,,-0.6128334
1893-12-30 17:23:15,,-0.7223334
1894-01-30 03:52:09,,-0.7022917
1894-03-01 14:21:34,,-0.7405417
1894-04-01 00:50:27,,-0.544875
1894-05-01 11:19:20,,-0.5567917
1894-05-31 21:48:45,,-0.2485417
1894-07-01 08:17:38,,-0.1227083
1894-07-31 18:46:32,,-0.3525833
1894-08-31 05:15:57,,-0.19175
1894-09-30 15:44:50,,-0.3084584
1894-10-31 02:13:43,,-0.257
1894-11-30 12:43:08,,-0.4374584
1894-12-30 23:12:01,,-0.29525
1895-01-30 09:40:55,,-0.3299583
1895-03-01 20:10:20,,-0.036875002
1895-04-01 06:39:13,,0.1225417
1895-05-01 17:08:06,,0.2082084
1895-06-01 03:37:31,,0.071833342
1895-07-01 14:06:24,,0.034249999
1895-08-01 00:35:18,,0.1906667
1895-08-31 11:04:43,,0.5338334
1895-09-30 21:33:36,,0.4949583
1895-10-31 08:02:29,,0.8026667
1895-11-30 18:31:54,,0.6525834
1895-12-31 05:00:47,,0.4958333
1896-01-30 15:29:41,,0.4000417
1896-03-01 01:59:06,,0.4307083
1896-03-31 12:27:59,,0.3883334
1896-04-30 22:56:52,,0.3617917
1896-05-31 09:26:17,,0.4791667
1896-06-30 19:55:10,,0.8193334
1896-07-31 06:24:04,,1.329792
1896-08-30 16:53:28,,1.171667
1896-09-30 03:22:22,,1.297125
1896-10-30 13:51:15,,1.748625
1896-11-30 00:20:40,,2.118833
1896-12-30 10:49:33,,1.829625
1897-01-29 21:18:27,,1.48775
1897-03-01 07:47:51,,0.8815417
1897-03-31 18:16:45,,0.4305
1897-05-01 04:45:38,,0.2119583
1897-05-31 15:15:03,,0.096708342
1897-07-01 01:43:56,,0.053416669
1897-07-31 12:12:50,,-0.176
1897-08-30 22:42:14,,-0.033958334
1897-09-30 09:11:08,,-0.2251667
1897-10-30 19:40:01,,-0.44
1897-11-30 06:09:26,,-0.3957084
1897-12-30 16:38:19,,-0.2940833
1898-01-30 03:07:13,,-0.4296667
1898-03-01 13:36:37,,-0.491375
1898-04-01 00:05:31,,-0.1282083
1898-05-01 10:34:24,,-0.178375
1898-05-31 21:03:49,,-0.2380833
1898-07-01 07:32:42,,-0.38575
1898-07-31 18:01:36,,-0.5320417
1898-08-31 04:31:00,,-0.4879167
1898-09-30 14:59:54,,-0.5490834
1898-10-31 01:28:47,,-0.6995834
1898-11-30 11:58:12,,-0.7157084
1898-12-30 22:27:05,,-0.5652917
1899-01-30 08:55:59,,-0.3799584
1899-03-01 19:25:23,,-0.1103333
1899-04-01 05:54:17,,0.2863334
1899-05-01 16:23:10,,0.5398334
1899-06-01 02:52:35,,0.604625
1899-07-01 13:21:28,,0.7571667
1899-07-31 23:50:22,,1.064542
1899-08-31 10:19:46,,1.128333
1899-09-30 20:48:40,,1.298375
1899-10-31 07:17:33,,1.327333
1899-11-30 17:46:58,,1.540083
1899-12-31 04:15:51,,1.431417
1900-01-30 14:44:45,,1.351583
1900-03-02 01:14:09,,1.038333
1900-04-01 11:43:03,,1.026667
1900-05-01 22:11:56,,0.9553334
1900-06-01 08:41:21,,0.8507084
1900-07-01 19:10:14,,0.7727084
1900-08-01 05:39:08,,0.622875
1900-08-31 16:08:32,,0.4963334
1900-10-01 02:37:26,,0.5059167
1900-10-31 13:06:19,,0.2985
1900-11-30 23:35:44,,0.5063334
1900-12-31 10:04:37,,0.327375
1901-01-30 20:33:31,,0.136125
1901-03-02 07:02:55,,-0.112375
1901-04-01 17:31:49,,0.012583335
1901-05-02 04:00:42,,-0.098666668
1901-06-01 14:30:07,,-0.2424167
1901-07-02 00:59:00,,-0.394125
1901-08-01 11:27:53,,-0.31425
1901-08-31 21:57:18,,-0.2810833
1901-10-01 08:26:12,,-0.098124996
1901-10-31 18:55:05,,-0.093250006
1901-12-01 05:24:30,,-0.001625003
1901-12-31 15:53:23,,0.2580833
1902-01-31 02:22:16,,0.4116667
1902-03-02 12:51:41,,0.491125
1902-04-01 23:20:35,,0.6415
1902-05-02 09:49:28,,0.8915833
1902-06-01 20:18:53,,1.180208
1902-07-02 06:47:46,,1.549333
1902-08-01 17:16:39,,1.597583
1902-09-01 03:46:04,,1.634208
1902-10-01 14:14:58,,1.550208
1902-11-01 00:43:51,,1.778667
1902-12-01 11:13:16,,1.554833
1902-12-31 21:42:09,,1.133708
1903-01-31 08:11:02,,0.8522917
1903-03-02 18:40:27,,0.5903333
1903-04-02 05:09:21,,0.23875
1903-05-02 15:38:14,,-0.022041667
1903-06-02 02:07:39,,-0.297875
1903-07-02 12:36:32,,-0.4165
1903-08-01 23:05:25,,-0.4931667
1903-09-01 09:34:50,,-0.570875
1903-10-01 20:03:44,,-0.5977917
1903-11-01 06:32:37,,-0.7731667
1903-12-01 17:02:02,,-0.9750417
1904-01-01 03:30:55,,-0.6440833
1904-01-31 13:59:48,,-0.428
1904-03-02 00:29:13,,-0.2572083
1904-04-01 10:58:07,,0.010875
1904-05-01 21:27:00,,0.2477084
1904-06-01 07:56:25,,0.3547917
1904-07-01 18:25:18,,0.6286667
1904-08-01 04:54:11,,0.7090834
1904-08-31 15:23:36,,0.5278333
1904-10-01 01:52:30,,0.7075
1904-10-31 12:21:23,,0.7598334
1904-11-30 22:50:48,,0.9316251
1904-12-31 09:19:41,,1.019167
1905-01-30 19:48:34,,0.8944167
1905-03-02 06:17:59,,1.034833
1905-04-01 16:46:53,,1.164208
1905-05-02 03:15:46,,1.537708
1905-06-01 13:45:11,,1.602917
1905-07-02 00:14:04,,1.505667
1905-08-01 10:42:57,,1.491333
1905-08-31 21:12:22,,1.676708
1905-10-01 07:41:16,,1.574875
1905-10-31 18:10:09,,1.520417
1905-12-01 04:39:34,,1.506417
1905-12-31 15:08:27,,1.362167
1906-01-31 01:37:20,,0.9341251
1906-03-02 12:06:45,,0.4799584
1906-04-01 22:35:39,,0.6007917
1906-05-02 09:04:32,,0.1574167
1906-06-01 19:33:57,,0.054291662
1906-07-02 06:02:50,,-0.241875
1906-08-01 16:31:43,,-0.7842917
1906-09-01 03:01:08,,-0.5009583
1906-10-01 13:30:02,,-0.559125
1906-10-31 23:58:55,,-0.5752917
1906-12-01 10:28:20,,-0.4164167
1906-12-31 20:57:13,,-0.406125
1907-01-31 07:26:06,,-0.383875
1907-03-02 17:55:31,,-0.182625
1907-04-02 04:24:25,,0.027749997
1907-05-02 14:53:18,,0.195625
1907-06-02 01:22:43,,0.424625
1907-07-02 11:51:36,,0.414
1907-08-01 22:20:29,,0.16975
1907-09-01 08:49:54,,0.093208335
1907-10-01 19:18:48,,-0.013416667
1907-11-01 05:47:41,,-0.2274167
1907-12-01 16:17:06,,0.1665833
1908-01-01 02:45:59,,-0.076125003
1908-01-31 13:14:52,,-0.1080833
1908-03-01 23:44:17,,-0.3264167
1908-04-01 10:13:11,,-0.5873333
1908-05-01 20:42:04,,-0.5269583
1908-06-01 07:11:29,,-0.3969167
1908-07-01 17:40:22,,-0.6345834
1908-08-01 04:09:15,,-0.4517917
1908-08-31 14:38:40,,-0.597125
1908-10-01 01:07:34,,-0.6689584
1908-10-31 11:36:27,,-0.84425
1908-11-30 22:05:52,,-1.075167
1908-12-31 08:34:45,,-0.8266667
1909-01-30 19:03:38,,-0.6670001
1909-03-02 05:33:03,,-0.511
1909-04-01 16:01:56,,-0.3935
1909-05-02 02:30:50,,-0.331875
1909-06-01 13:00:15,,-0.4347917
1909-07-01 23:29:08,,-0.4260834
1909-08-01 09:58:01,,-0.4435417
1909-08-31 20:27:26,,-0.5923334
1909-10-01 06:56:19,,-0.9321667
1909-10-31 17:25:13,,-1.226875
1909-12-01 03:54:38,,-1.02675
1909-12-31 14:23:31,,-0.9135417
1910-01-31 00:52:24,,-0.9789167
1910-03-02 11:21:49,,-0.96975
1910-04-01 21:50:42,,-1.154583
1910-05-02 08:19:36,,-1.004042
1910-06-01 18:49:01,,-0.649875
1910-07-02 05:17:54,,-0.61075
1910-08-01 15:46:47,,-0.8955
1910-09-01 02:16:12,,-0.5580417
1910-10-01 12:45:05,,-0.5992084
1910-10-31 23:13:59,,-0.6202917
1910-12-01 09:43:24,,-0.5151667
1910-12-31 20:12:17,,-0.4992917
1911-01-31 06:41:10,,-0.835375
1911-03-02 17:10:35,,-0.7784167
1911-04-02 03:39:28,,-0.6631667
1911-05-02 14:08:22,,-0.213125
1911-06-02 00:37:47,,0.1304583
1911-07-02 11:06:40,,0.3517084
1911-08-01 21:35:33,,0.5590417
1911-09-01 08:04:58,,0.7210833
1911-10-01 18:33:51,,0.984875
1911-11-01 05:02:45,,1.256125
1911-12-01 15:32:10,,1.547542
1912-01-01 02:01:03,,1.391042
1912-01-31 12:29:56,,1.138958
1912-03-01 22:59:21,,0.8085417
1912-04-01 09:28:14,,0.7455834
1912-05-01 19:57:08,,0.471375
1912-06-01 06:26:33,,0.2027917
1912-07-01 16:55:26,,-0.159
1912-08-01 03:24:19,,-0.2946667
1912-08-31 13:53:44,,-0.1462917
1912-10-01 00:22:37,,-0.017583333
1912-10-31 10:51:31,,0.027333332
1912-11-30 21:20:56,,-0.034875002
1912-12-31 07:49:49,,0.33625
1913-01-30 18:18:42,,0.3775834
1913-03-02 04:48:07,,-0.047041669
1913-04-01 15:17:00,,-0.2415833
1913-05-02 01:45:54,,-0.1526667
1913-06-01 12:15:19,,0.1026667
1913-07-01 22:44:12,,0.2762917
1913-08-01 09:13:05,,0.3826667
1913-08-31 19:42:30,,0.4737084
1913-10-01 06:11:23,,0.6095001
1913-10-31 16:40:17,,0.827
1913-12-01 03:09:42,,1.058167
1913-12-31 13:38:35,,1.061042
1914-01-31 00:07:28,,0.7104584
1914-03-02 10:36:53,,0.7070417
1914-04-01 21:05:46,,1.0035
1914-05-02 07:34:40,,0.8069584
1914-06-01 18:04:05,,0.4959167
1914-07-02 04:32:58,,0.7023751
1914-08-01 15:01:51,,1.031
1914-09-01 01:31:16,,1.057417
1914-10-01 12:00:09,,1.202125
1914-10-31 22:29:03,,1.358708
1914-12-01 08:58:28,,1.464042
1914-12-31 19:27:21,,1.508792
1915-01-31 05:56:14,,1.496
1915-03-02 16:25:39,,1.468292
1915-04-02 02:54:32,,1.344417
1915-05-02 13:23:26,,1.323167
1915-06-01 23:52:51,,1.216
1915-07-02 10:21:44,,1.066542
1915-08-01 20:50:37,,0.5688334
1915-09-01 07:20:02,,0.2486667
1915-10-01 17:48:55,,0.1170833
1915-11-01 04:17:49,,-0.058958333
1915-12-01 14:47:14,,-0.317
1916-01-01 01:16:07,,-0.5287501
1916-01-31 11:45:00,,-0.6020417
1916-03-01 22:14:25,,-0.582625
1916-04-01 08:43:18,,-0.6352084
1916-05-01 19:12:12,,-0.8247917
1916-06-01 05:41:36,,-0.9106667
1916-07-01 16:10:30,,-0.9301667
1916-08-01 02:39:23,,-1.302542
1916-08-31 13:08:48,,-1.20875
1916-09-30 23:37:41,,-1.114375
1916-10-31 10:06:35,,-1.212958
1916-11-30 20:35:59,,-1.279917
1916-12-31 07:04:53,,-1.413417
1917-01-30 17:33:46,,-1.187125
1917-03-02 04:03:11,,-1.308708
1917-04-01 14:32:04,,-0.6171667
1917-05-02 01:00:58,,-0.2916667
1917-06-01 11:30:22,,0.1084167
1917-07-01 21:59:16,,0.1105
1917-08-01 08:28:09,,-0.1784167
1917-08-31 18:57:34,,-0.4289167
1917-10-01 05:26:27,,-0.7699167
1917-10-31 15:55:21,,-1.043167
1917-12-01 02:24:45,,-1.0985
1917-12-31 12:53:39,,-1.100208
1918-01-30 23:22:32,,-0.776625
1918-03-02 09:51:57,,-0.2953333
1918-04-01 20:20:50,,0.1034167
1918-05-02 06:49:44,,0.5635417
1918-06-01 17:19:08,,0.841
1918-07-02 03:48:02,,1.06325
1918-08-01 14:16:55,,1.173333
1918-09-01 00:46:20,,1.415042
1918-10-01 11:15:13,,1.760667
1918-10-31 21:44:07,,1.932667
1918-12-01 08:13:31,,1.797208
1918-12-31 18:42:25,,1.730833
1919-01-31 05:11:18,,1.558167
1919-03-02 15:40:43,,1.312458
1919-04-02 02:09:36,,1.159042
1919-05-02 12:38:30,,0.8925417
1919-06-01 23:07:54,,0.599875
1919-07-02 09:36:48,,0.3899584
1919-08-01 20:05:41,,0.6140833
1919-09-01 06:35:06,,0.5985417
1919-10-01 17:03:59,,0.4863333
1919-11-01 03:32:53,,0.589
1919-12-01 14:02:17,,0.9495417
1920-01-01 00:31:11,,1.106708
1920-01-31 11:00:04,,1.144208
1920-03-01 21:29:29,,0.9491251
1920-04-01 07:58:22,,0.964875
1920-05-01 18:27:16,,1.019875
1920-06-01 04:56:40,,0.74275
1920-07-01 15:25:34,,0.2820417
1920-08-01 01:54:27,,0.163
1920-08-31 12:23:52,,0.142375
1920-09-30 22:52:45,,-0.1117083
1920-10-31 09:21:39,,-0.144125
1920-11-30 19:51:03,,-0.055499997
1920-12-31 06:19:57,,-0.188375
1921-01-30 16:48:50,,-0.5710417
1921-03-02 03:18:15,,-1.287125
1921-04-01 13:47:08,,-0.5607083
1921-05-02 00:16:01,,-0.2544583
1921-06-01 10:45:26,,-0.1210417
1921-07-01 21:14:20,,-0.1094583
1921-08-01 07:43:13,,-0.1855417
1921-08-31 18:12:38,,-0.072791673
1921-10-01 04:41:31,,-0.08754167
1921-10-31 15:10:24,,-0.1747083
1921-12-01 01:39:49,,-0.3365
1921-12-31 12:08:43,,-0.425
1922-01-30 22:37:36,,0.2158334
1922-03-02 09:07:01,,0.3493333
1922-04-01 19:35:54,,0.214
1922-05-02 06:04:47,,0.1818333
1922-06-01 16:34:12,,-0.095083341
1922-07-02 03:03:06,,-0.6167084
1922-08-01 13:31:59,,-1.315792
1922-09-01 00:01:24,,-0.9475417
1922-10-01 10:30:17,,-0.644
1922-10-31 20:59:10,,-0.5449584
1922-12-01 07:28:35,,-0.4859584
1922-12-31 17:57:29,,-0.4077083
1923-01-31 04:26:22,,-0.2070834
1923-03-02 14:55:47,,0.021666668
1923-04-02 01:24:40,,0.3290834
1923-05-02 11:53:33,,0.6767917
1923-06-01 22:22:58,,0.7594167
1923-07-02 08:51:52,,0.5658334
1923-08-01 19:20:45,,0.8487917
1923-09-01 05:50:10,,0.7702084
1923-10-01 16:19:03,,0.5781251
1923-11-01 02:47:56,,0.94575
1923-12-01 13:17:21,,1.034917
1923-12-31 23:46:15,,0.7594167
1924-01-31 10:15:08,,0.6881667
1924-03-01 20:44:33,,0.6669584
1924-04-01 07:13:26,,0.1530417
1924-05-01 17:42:19,,-0.5044584
1924-06-01 04:11:44,,-0.7379584
1924-07-01 14:40:38,,-0.7727084
1924-08-01 01:09:31,,-0.8528334
1924-08-31 11:38:56,,-0.8373334
1924-09-30 22:07:49,,-0.6697917
1924-10-31 08:36:42,,-0.798375
1924-11-30 19:06:07,,-0.691
1924-12-31 05:35:01,,-1.075708
1925-01-30 16:03:54,,-0.4490834
1925-03-02 02:33:19,,0.1318333
1925-04-01 13:02:12,,0.4714167
1925-05-01 23:31:05,,0.315
1925-06-01 10:00:30,,0.572375
1925-07-01 20:29:24,,0.8339167
1925-08-01 06:58:17,,0.920375
1925-08-31 17:27:42,,0.904375
1925-10-01 03:56:35,,0.822625
1925-10-31 14:25:28,,1.438417
1925-12-01 00:54:53,,1.619417
1925-12-31 11:23:47,,1.501083
1926-01-30 21:52:40,,1.119333
1926-03-02 08:22:05,,1.224417
1926-04-01 18:50:58,,1.195833
1926-05-02 05:19:51,,0.8802084
1926-06-01 15:49:16,,0.5204583
1926-07-02 02:18:10,,0.6054584
1926-08-01 12:47:03,,0.3292917
1926-08-31 23:16:28,,-0.116875
1926-10-01 09:45:21,,-0.1063333
1926-10-31 20:14:14,,0.03804167
1926-12-01 06:43:39,,-0.005708335
1926-12-31 17:12:33,,-0.058333337
1927-01-31 03:41:26,,0.49525
1927-03-02 14:10:51,,0.1548333
1927-04-02 00:39:44,,-0.094208337
1927-05-02 11:08:37,,0.17325
1927-06-01 21:38:02,,0.126875
1927-07-02 08:06:56,,-0.3045
1927-08-01 18:35:49,,-0.1492917
1927-09-01 05:05:14,,0.1732083
1927-10-01 15:34:07,,0.379625
1927-11-01 02:03:00,,0.34025
1927-12-01 12:32:25,,0.17675
1927-12-31 23:01:19,,-0.018541668
1928-01-31 09:30:12,,-0.050083335
1928-03-01 19:59:37,,-0.006875001
1928-04-01 06:28:30,,0.1599583
1928-05-01 16:57:23,,0.4234167
1928-06-01 03:26:48,,0.004416665
1928-07-01 13:55:42,,0.029791664
1928-08-01 00:24:35,,0.039375003
1928-08-31 10:54:00,,0.072374992
1928-09-30 21:22:53,,-0.184
1928-10-31 07:51:46,,-0.2445417
1928-11-30 18:21:11,,-0.1870833
1928-12-31 04:50:04,,-0.2834584
1929-01-30 15:18:58,,0.093500003
1929-03-02 01:48:23,,0.081500001
1929-04-01 12:17:16,,0.3543333
1929-05-01 22:46:09,,0.3577917
1929-06-01 09:15:34,,0.41175
1929-07-01 19:44:27,,0.3048334
1929-08-01 06:13:21,,0.4515
1929-08-31 16:42:46,,0.5615833
1929-10-01 03:11:39,,0.531375
1929-10-31 13:40:32,,0.7834167
1929-12-01 00:09:57,,0.5436251
1929-12-31 10:38:50,,0.1510833
1930-01-30 21:07:44,,0.003666665
1930-03-02 07:37:09,,0.193
1930-04-01 18:06:02,,0.6871667
1930-05-02 04:34:55,,0.378375
1930-06-01 15:04:20,,0.4411667
1930-07-02 01:33:13,,1.203583
1930-08-01 12:02:07,,1.197708
1930-08-31 22:31:32,,1.299667
1930-10-01 09:00:25,,1.549375
1930-10-31 19:29:18,,2.141167
1930-12-01 05:58:43,,1.91975
1930-12-31 16:27:36,,1.941167
1931-01-31 02:56:30,,1.566542
1931-03-02 13:25:55,,1.207333
1931-04-01 23:54:48,,1.125583
1931-05-02 10:23:41,,0.715
1931-06-01 20:53:06,,0.23675
1931-07-02 07:21:59,,0.00525
1931-08-01 17:50:53,,-0.313125
1931-09-01 04:20:18,,-0.603875
1931-10-01 14:49:11,,-0.6668751
1931-11-01 01:18:04,,-0.601875
1931-12-01 11:47:29,,-0.4265417
1931-12-31 22:16:22,,-0.2193334
1932-01-31 08:45:16,,0.043583337
1932-03-01 19:14:41,,0.4449167
1932-04-01 05:43:34,,0.5001251
1932-05-01 16:12:27,,0.700875
1932-06-01 02:41:52,,0.5854167
1932-07-01 13:10:45,,0.2077083
1932-07-31 23:39:39,,-0.089750007
1932-08-31 10:09:04,,0.025875002
1932-09-30 20:37:57,,0.010749999
1932-10-31 07:06:50,,0.081208333
1932-11-30 17:36:15,,-0.118625
1932-12-31 04:05:08,,-0.2709167
1933-01-30 14:34:02,,0.150875
1933-03-02 01:03:27,,0.194625
1933-04-01 11:32:20,,0.1936667
1933-05-01 22:01:13,,-0.293375
1933-06-01 08:30:38,,-0.5236667
1933-07-01 18:59:31,,-0.5617501
1933-08-01 05:28:25,,-0.8795
1933-08-31 15:57:50,,-0.8390834
1933-10-01 02:26:43,,-0.9021251
1933-10-31 12:55:36,,-1.059958
1933-11-30 23:25:01,,-0.8913334
1933-12-31 09:53:54,,-0.4659583
1934-01-30 20:22:48,,-0.4307917
1934-03-02 06:52:13,,-0.5059584
1934-04-01 17:21:06,,0.1855417
1934-05-02 03:49:59,,0.154875
1934-06-01 14:19:24,,0.322875
1934-07-02 00:48:17,,0.1207083
1934-08-01 11:17:11,,0.213625
1934-08-31 21:46:36,,0.1159583
1934-10-01 08:15:29,,-0.1340833
1934-10-31 18:44:22,,0.094125003
1934-12-01 05:13:47,,-0.2142917
1934-12-31 15:42:40,,-0.5080417
1935-01-31 02:11:34,,-0.566875
1935-03-02 12:40:59,,-0.3685
1935-04-01 23:09:52,,-0.24025
1935-05-02 09:38:45,,-0.2174167
1935-06-01 20:08:10,,-0.101625
1935-07-02 06:37:03,,-0.1764583
1935-08-01 17:05:57,,0.35125
1935-09-01 03:35:22,,0.2804584
1935-10-01 14:04:15,,0.294125
1935-11-01 00:33:08,,0.181875
1935-12-01 11:02:33,,0.048250005
1935-12-31 21:31:26,,0.30975
1936-01-31 08:00:20,,0.3025417
1936-03-01 18:29:44,,0.029625
1936-04-01 04:58:38,,0.217
1936-05-01 15:27:31,,0.138125
1936-06-01 01:56:56,,-0.258625
1936-07-01 12:25:49,,-0.1512083
1936-07-31 22:54:43,,-0.082041658
1936-08-31 09:24:07,,0.009833336
1936-09-30 19:53:01,,0.4034167
1936-10-31 06:21:54,,0.2052917
1936-11-30 16:51:19,,0.131
1936-12-31 03:20:12,,0.1172083
1937-01-30 13:49:06,,0.1554583
1937-03-02 00:18:30,,0.2308334
1937-04-01 10:47:24,,0.4564167
1937-05-01 21:16:17,,-0.17975
1937-06-01 07:45:42,,-0.3534167
1937-07-01 18:14:35,,-0.290375
1937-08-01 04:43:29,,-0.4097084
1937-08-31 15:12:53,,0.017625
1937-10-01 01:41:47,,-0.2217083
1937-10-31 12:10:40,,-0.26075
1937-11-30 22:40:05,,-0.3933333
1937-12-31 09:08:58,,-0.4881667
1938-01-30 19:37:52,,-0.47075
1938-03-02 06:07:16,,-0.4057083
1938-04-01 16:36:10,,-0.323125
1938-05-02 03:05:03,,-0.4740833
1938-06-01 13:34:28,,-0.8281251
1938-07-02 00:03:21,,-1.143958
1938-08-01 10:32:15,,-0.8866667
1938-08-31 21:01:39,,-0.7235417
1938-10-01 07:30:33,,-0.6121667
1938-10-31 17:59:26,,-0.8842917
1938-12-01 04:28:51,,-0.8051667
1938-12-31 14:57:44,,-0.768125
1939-01-31 01:26:38,,-0.8232084
1939-03-02 11:56:02,,-0.6046667
1939-04-01 22:24:56,,-0.088916674
1939-05-02 08:53:49,,0.060333334
1939-06-01 19:23:14,,0.141125
1939-07-02 05:52:07,,0.087000005
1939-08-01 16:21:01,,0.2357917
1939-09-01 02:50:25,,-0.000541667
1939-10-01 13:19:19,,-0.1009583
1939-10-31 23:48:12,,0.2470417
1939-12-01 10:17:37,,0.61475
1939-12-31 20:46:30,,0.9335834
1940-01-31 07:15:24,,1.164458
1940-03-01 17:44:48,,1.63275
1940-04-01 04:13:42,,1.513167
1940-05-01 14:42:35,,1.353583
1940-06-01 01:12:00,,0.936875
1940-07-01 11:40:53,,0.7663333
1940-07-31 22:09:47,,0.6572917
1940-08-31 08:39:11,,0.5510833
1940-09-30 19:08:05,,0.5604167
1940-10-31 05:36:58,,0.988375
1940-11-30 16:06:23,,1.370958
1940-12-31 02:35:16,,1.946417
1941-01-30 13:04:09,,2.049917
1941-03-01 23:33:34,,2.080167
1941-04-01 10:02:28,,2.095625
1941-05-01 20:31:21,,1.883542
1941-06-01 07:00:46,,1.587375
1941-07-01 17:29:39,,0.6562501
1941-08-01 03:58:32,,0.4623333
1941-08-31 14:27:57,,0.6121667
1941-10-01 00:56:51,,0.9626251
1941-10-31 11:25:44,,1.7065
1941-11-30 21:55:09,,1.835417
1941-12-31 08:24:02,,0.9143334
1942-01-30 18:52:55,,0.3991667
1942-03-02 05:22:20,,0.1945417
1942-04-01 15:51:14,,0.2915833
1942-05-02 02:20:07,,0.1094167
1942-06-01 12:49:32,,-0.5429167
1942-07-01 23:18:25,,-0.9152501
1942-08-01 09:47:18,,-1.450417
1942-08-31 20:16:43,,-1.467042
1942-10-01 06:45:37,,-1.700417
1942-10-31 17:14:30,,-1.704708
1942-12-01 03:43:55,,-1.435208
1942-12-31 14:12:48,,-1.313917
1943-01-31 00:41:41,,-1.302083
1943-03-02 11:11:06,,-0.8265833
1943-04-01 21:40:00,,-0.3650833
1943-05-02 08:08:53,,0.3725
1943-06-01 18:38:18,,0.3801667
1943-07-02 05:07:11,,0.268125
1943-08-01 15:36:04,,0.018874999
1943-09-01 02:05:29,,-0.437625
1943-10-01 12:34:23,,-0.4134584
1943-10-31 23:03:16,,-0.3527917
1943-12-01 09:32:41,,-0.4010417
1943-12-31 20:01:34,,-0.5440417
1944-01-31 06:30:27,,0.1988333
1944-03-01 16:59:52,,0.005666665
1944-04-01 03:28:46,,0.031125005
1944-05-01 13:57:39,,0.1789167
1944-06-01 00:27:04,,0.328
1944-07-01 10:55:57,,0.1750834
1944-07-31 21:24:50,,0.067708336
1944-08-31 07:54:15,,-0.4274584
1944-09-30 18:23:09,,-0.4665834
1944-10-31 04:52:02,,-0.7762083
1944-11-30 15:21:27,,-0.5870417
1944-12-31 01:50:20,,-0.6265834
1945-01-30 12:19:13,,-0.3135417
1945-03-01 22:48:38,,-0.432125
1945-04-01 09:17:32,,-0.055083331
1945-05-01 19:46:25,,0.2042917
1945-06-01 06:15:50,,0.058791671
1945-07-01 16:44:43,,-0.37225
1945-08-01 03:13:36,,-0.2225
1945-08-31 13:43:01,,-0.1917083
1945-10-01 00:11:55,,-0.166
1945-10-31 10:40:48,,-0.1162083
1945-11-30 21:10:13,,0.044583336
1945-12-31 07:39:06,,-0.065458335
1946-01-30 18:07:59,,-0.2592917
1946-03-02 04:37:24,,-0.448
1946-04-01 15:06:18,,-0.3714167
1946-05-02 01:35:11,,-0.1468333
1946-06-01 12:04:36,,-0.30325
1946-07-01 22:33:29,,-0.202
1946-08-01 09:02:22,,-1.166583
1946-08-31 19:31:47,,-0.5346251
1946-10-01 06:00:41,,-0.2429167
1946-10-31 16:29:34,,0.012999999
1946-12-01 02:58:59,,-0.03604167
1946-12-31 13:27:52,,0.089333341
1947-01-30 23:56:45,,0.006166667
1947-03-02 10:26:10,,0.099500008
1947-04-01 20:55:04,,0.068000004
1947-05-02 07:23:57,,0.144375
1947-06-01 17:53:22,,0.176125
1947-07-02 04:22:15,,0.048125003
1947-08-01 14:51:08,,-0.2539167
1947-09-01 01:20:33,,-0.448125
1947-10-01 11:49:27,,-0.4247083
1947-10-31 22:18:20,,-0.3174167
1947-12-01 08:47:45,,-0.1245417
1947-12-31 19:16:38,,-0.186
1948-01-31 05:45:31,,0.261625
1948-03-01 16:14:56,,0.428125
1948-04-01 02:43:49,,0.1349583
1948-05-01 13:12:43,,0.1329167
1948-05-31 23:42:08,,-0.039875001
1948-07-01 10:11:01,,-0.3564167
1948-07-31 20:39:54,,-0.3035834
1948-08-31 07:09:19,,-0.51975
1948-09-30 17:38:12,,-0.79225
1948-10-31 04:07:06,,-0.337
1948-11-30 14:36:31,,-0.1490417
1948-12-31 01:05:24,,-0.3777917
1949-01-30 11:34:17,,0.119625
1949-03-01 22:03:42,,-0.41575
1949-04-01 08:32:35,,0.37075
1949-05-01 19:01:29,,0.2958333
1949-06-01 05:30:54,,-0.4814167
1949-07-01 15:59:47,,-0.8129584
1949-08-01 02:28:40,,-0.6470417
1949-08-31 12:58:05,,-0.9257084
1949-09-30 23:26:58,,-1.08475
1949-10-31 09:55:52,,-1.513708
1949-11-30 20:25:17,,-1.293167
1949-12-31 06:54:10,,-1.264958
1950-01-30 17:23:03,,-1.398792
1950-03-02 03:52:28,,-0.5907917
1950-04-01 14:21:21,,-0.6573334
1950-05-02 00:50:15,,-1.079458
1950-06-01 11:19:40,,-0.561375
1950-07-01 21:48:33,,-0.4275833
1950-08-01 08:17:26,,-0.3512084
1950-08-31 18:46:51,,-0.9217501
1950-10-01 05:15:44,,-0.6642917
1950-10-31 15:44:38,,-0.69525
1950-12-01 02:14:03,,-0.4615
1950-12-31 12:42:56,1.5,-0.2005417
1951-01-30 23:11:49,0.9,-0.113
1951-03-02 09:41:14,-0.1,-0.08070834
1951-04-01 20:10:07,-0.3,0.12925
1951-05-02 06:39:01,-0.7,0.3492084
1951-06-01 17:08:26,0.2,0.6534584
1951-07-02 03:37:19,-1.0,0.9438334
1951-08-01 14:06:12,-0.2,0.9537084
1951-09-01 00:35:37,-1.1,0.8770834
1951-10-01 11:04:30,-1.0,0.9367084
1951-10-31 21:33:24,-0.8,1.058167
1951-12-01 08:02:49,-0.7,0.7833334
1951-12-31 18:31:42,-0.9,0.6069583
1952-01-31 05:00:35,-0.6,0.437875
1952-03-01 15:30:00,0.5,0.2175417
1952-04-01 01:58:53,-0.2,0.4243334
1952-05-01 12:27:47,0.8,0.1422917
1952-05-31 22:57:12,0.7,-0.265125
1952-07-01 09:26:05,0.5,-0.4897917
1952-07-31 19:54:58,0.1,-0.2794583
1952-08-31 06:24:23,-0.2,-0.1289583
1952-09-30 16:53:16,0.4,-0.074583337
1952-10-31 03:22:10,0.0,-0.4577917
1952-11-30 13:51:35,-1.2,-0.22925
1952-12-31 00:20:28,0.3,0.15475
1953-01-30 10:49:21,-0.5,0.37275
1953-03-01 21:18:46,-0.2,0.2254584
1953-04-01 07:47:39,0.2,0.6130417
1953-05-01 18:16:33,-1.7,0.4869584
1953-06-01 04:45:58,0.1,0.5982917
1953-07-01 15:14:51,0.0,0.40175
1953-08-01 01:43:44,-1.2,0.422375
1953-08-31 12:13:09,-1.2,1.030625
1953-09-30 22:42:02,0.1,0.535
1953-10-31 09:10:56,-0.3,0.3735417
1953-11-30 19:40:21,-0.5,0.428875
1953-12-31 06:09:14,0.7,0.2042917
1954-01-30 16:38:07,-0.3,-0.031291667
1954-03-02 03:07:32,0.3,-0.1205417
1954-04-01 13:36:25,0.6,-0.767
1954-05-02 00:05:19,0.5,-0.76675
1954-06-01 10:34:44,0.1,-0.6817917
1954-07-01 21:03:37,0.4,-0.7750834
1954-08-01 07:32:30,1.1,-0.7529167
1954-08-31 18:01:55,0.2,-0.9442918
1954-10-01 04:30:48,0.3,-0.8057501
1954-10-31 14:59:42,0.1,-0.5814584
1954-12-01 01:29:07,1.4,-0.8240417
1954-12-31 11:58:00,-0.5,-0.4450417
1955-01-30 22:26:53,1.9,-0.393625
1955-03-02 08:56:18,0.6,-0.3714584
1955-04-01 19:25:11,-0.1,-0.4055
1955-05-02 05:54:05,1.0,-0.9582501
1955-06-01 16:23:30,1.3,-0.8116667
1955-07-02 02:52:23,1.6,-0.5105417
1955-08-01 13:21:16,1.5,-0.5210417
1955-08-31 23:50:41,1.3,-0.9434167
1955-10-01 10:19:34,1.5,-1.259667
1955-10-31 20:48:28,1.2,-1.72825
1955-12-01 07:17:52,1.0,-1.362417
1955-12-31 17:46:46,1.3,-0.8777917
1956-01-31 04:15:39,1.6,-0.29675
1956-03-01 14:45:04,1.3,-0.335875
1956-04-01 01:13:57,0.9,-0.3919167
1956-05-01 11:42:51,1.4,-0.2565417
1956-05-31 22:12:15,1.1,-0.31225
1956-07-01 08:41:09,1.1,-0.3865417
1956-07-31 19:10:02,1.2,-0.459
1956-08-31 05:39:27,0.1,-0.5269583
1956-09-30 16:08:20,1.8,-0.61125
1956-10-31 02:37:14,0.2,-0.9212084
1956-11-30 13:06:38,1.1,-0.5896667
1956-12-30 23:35:32,0.6,-0.548875
1957-01-30 10:04:25,-0.1,0.134125
1957-03-01 20:33:50,0.2,0.5798751
1957-04-01 07:02:43,0.2,0.6876667
1957-05-01 17:31:37,-0.7,0.7767917
1957-06-01 04:01:01,0.2,0.9380417
1957-07-01 14:29:55,0.2,1.17175
1957-08-01 00:58:48,-0.5,1.39425
1957-08-31 11:28:13,-0.9,0.8230417
1957-09-30 21:57:06,0.0,0.8654584
1957-10-31 08:26:00,-1.0,1.295542
1957-11-30 18:55:24,-0.3,1.24575
1957-12-31 05:24:18,-1.9,1.454958
1958-01-30 15:53:11,-0.5,1.122625
1958-03-02 02:22:36,0.3,0.6045001
1958-04-01 12:51:29,0.4,0.3869167
1958-05-01 23:20:23,-0.5,0.5602916
1958-06-01 09:49:47,0.3,0.3310834
1958-07-01 20:18:41,0.4,0.2275833
1958-08-01 06:47:34,0.9,0.1564583
1958-08-31 17:16:59,-0.3,-0.001791664
1958-10-01 03:45:52,0.1,-0.021416668
1958-10-31 14:14:46,-0.4,0.1468333
1958-12-01 00:44:10,-0.6,0.1662917
1958-12-31 11:13:04,-0.9,-0.010083335
1959-01-30 21:41:57,-1.4,-0.028083334
1959-03-02 08:11:22,1.3,-0.1025
1959-04-01 18:40:15,0.4,0.3557083
1959-05-02 05:09:09,0.5,0.3619167
1959-06-01 15:38:33,-0.1,-0.042000003
1959-07-02 02:07:27,-0.3,-0.3919584
1959-08-01 12:36:20,-0.1,-0.5303334
1959-08-31 23:05:45,0.0,-0.255875
1959-10-01 09:34:38,0.5,0.050375003
1959-10-31 20:03:32,0.9,-0.004375001
1959-12-01 06:32:56,0.9,-0.039875001
1959-12-31 17:01:50,0.1,0.065375
1960-01-31 03:30:43,0.1,-0.1235
1960-03-01 14:00:08,1.0,0.2257917
1960-04-01 00:29:01,0.8,0.056375004
1960-05-01 10:57:55,0.5,-0.039416671
1960-05-31 21:27:19,0.1,-0.289125
1960-07-01 07:56:13,0.5,-0.17875
1960-07-31 18:25:06,0.8,0.1907917
1960-08-31 04:54:31,0.7,0.1380417
1960-09-30 15:23:24,0.1,-0.5229583
1960-10-31 01:52:17,0.5,-0.4422917
1960-11-30 12:21:42,0.8,-0.3513333
1960-12-30 22:50:36,-0.3,-0.34575
1961-01-30 09:19:29,0.9,0.1231667
1961-03-01 19:48:54,-1.8,0.027375001
1961-04-01 06:17:47,0.8,0.5303333
1961-05-01 16:46:40,0.3,0.3475417
1961-06-01 03:16:05,0.1,0.6330834
1961-07-01 13:44:59,0.2,-0.2915834
1961-08-01 00:13:52,0.2,-0.6474167
1961-08-31 10:43:17,0.1,-0.969
1961-09-30 21:12:10,-0.3,-0.6770417
1961-10-31 07:41:03,0.5,-0.2874167
1961-11-30 18:10:28,1.5,-0.089416675
1961-12-31 04:39:22,2.0,-0.2354583
1962-01-30 15:08:15,-0.3,-0.083666667
1962-03-02 01:37:40,0.1,-0.4315417
1962-04-01 12:06:33,0.2,-0.6563751
1962-05-01 22:35:26,1.1,-0.4654167
1962-06-01 09:04:51,0.7,-0.2419167
1962-07-01 19:33:45,0.1,-0.1547083
1962-08-01 06:02:38,0.6,-0.078333341
1962-08-31 16:32:03,0.4,-0.4087084
1962-10-01 03:00:56,1.0,-0.4275417
1962-10-31 13:29:49,0.3,-0.600375
1962-11-30 23:59:14,0.2,-0.7388334
1962-12-31 10:28:08,1.0,-0.4727083
1963-01-30 20:57:01,0.6,-0.3284583
1963-03-02 07:26:26,1.1,0.059791666
1963-04-01 17:55:19,0.8,0.2882083
1963-05-02 04:24:12,0.4,0.4530833
1963-06-01 14:53:37,-0.5,0.5908334
1963-07-02 01:22:31,-0.1,0.9572917
1963-08-01 11:51:24,0.0,1.027917
1963-08-31 22:20:49,-0.6,0.9019167
1963-10-01 08:49:42,-1.2,1.025583
1963-10-31 19:18:35,-0.8,0.8132917
1963-12-01 05:48:00,-1.2,1.148458
1963-12-31 16:16:54,-0.4,0.5010417
1964-01-31 02:45:47,0.0,0.1721667
1964-03-01 13:15:12,1.1,-0.3676667
1964-03-31 23:44:05,1.1,-0.65725
1964-05-01 10:12:58,0.2,-1.065667
1964-05-31 20:42:23,0.8,-1.141208
1964-07-01 07:11:17,0.6,-0.8432084
1964-07-31 17:40:10,1.5,-1.017333
1964-08-31 04:09:35,1.3,-0.8000417
1964-09-30 14:38:28,1.3,-0.6323751
1964-10-31 01:07:21,0.2,-0.817625
1964-11-30 11:36:46,-0.3,-1.11775
1964-12-30 22:05:40,-0.4,-0.6389583
1965-01-30 08:34:33,0.4,-0.1990833
1965-03-01 19:03:58,0.8,-0.1632083
1965-04-01 05:32:51,-0.5,0.2124167
1965-05-01 16:01:44,0.2,0.9646251
1965-06-01 02:31:09,-0.6,0.92475
1965-07-01 13:00:03,-1.8,1.028125
1965-07-31 23:28:56,-0.7,1.262
1965-08-31 09:58:21,-1.3,1.471042
1965-09-30 20:27:14,-0.9,1.46025
1965-10-31 06:56:07,-1.5,1.617833
1965-11-30 17:25:32,0.2,1.512708
1965-12-31 03:54:26,-1.3,1.333667
1966-01-30 14:23:19,-0.2,0.7800834
1966-03-02 00:52:44,-0.9,0.2234583
1966-04-01 11:21:37,-0.2,0.2398333
1966-05-01 21:50:30,-0.4,-0.4439167
1966-06-01 08:19:55,0.3,0.02541667
1966-07-01 18:48:49,0.1,0.2542084
1966-08-01 05:17:42,0.6,-0.1462917
1966-08-31 15:47:07,-0.2,-0.250125
1966-10-01 02:16:00,-0.1,-0.1090417
1966-10-31 12:44:53,0.0,-0.3313333
1966-11-30 23:14:18,-0.3,-0.4881667
1966-12-31 09:43:12,1.7,-0.2909583
1967-01-30 20:12:05,1.7,-0.095416673
1967-03-02 06:41:30,1.2,-0.2873333
1967-04-01 17:10:23,0.0,-0.5887083
1967-05-02 03:39:16,0.0,-0.2104584
1967-06-01 14:08:41,0.6,0.1040417
1967-07-02 00:37:35,0.2,-0.2443333
1967-08-01 11:06:28,0.7,-0.7592917
1967-08-31 21:35:53,0.5,-0.9951667
1967-10-01 08:04:46,0.1,-0.9199584
1967-10-31 18:33:39,-0.4,-0.9175001
1967-12-01 05:03:04,-0.6,-0.871125
1967-12-31 15:31:57,0.5,-1.018083
1968-01-31 02:00:51,1.3,-1.241583
1968-03-01 12:30:16,0.1,-1.086333
1968-03-31 22:59:09,0.0,-0.6218334
1968-05-01 09:28:02,1.2,-0.5748333
1968-05-31 19:57:27,1.1,0.093333334
1968-07-01 06:26:20,0.7,0.5954583
1968-07-31 16:55:14,0.3,0.4332917
1968-08-31 03:24:39,-0.3,0.3615417
1968-09-30 13:53:32,-0.1,0.30025
1968-10-31 00:22:25,-0.3,0.56225
1968-11-30 10:51:50,0.2,0.6919167
1968-12-30 21:20:43,-1.5,0.953875
1969-01-30 07:49:37,-0.5,0.5150834
1969-03-01 18:19:02,0.4,0.52825
1969-04-01 04:47:55,-0.4,0.5159167
1969-05-01 15:16:48,-0.2,1.1275
1969-06-01 01:46:13,0.2,0.9589584
1969-07-01 12:15:06,-0.5,0.4381667
1969-07-31 22:44:00,-0.1,0.5562917
1969-08-31 09:13:25,-1.0,1.054083
1969-09-30 19:42:18,-0.9,1.008292
1969-10-31 06:11:11,-0.1,1.065292
1969-11-30 16:40:36,0.4,1.118542
1969-12-31 03:09:29,-1.1,1.108375
1970-01-30 13:38:23,-1.0,0.6450834
1970-03-02 00:07:48,0.6,0.3089584
1970-04-01 10:36:41,-0.1,0.245375
1970-05-01 21:05:34,0.4,-0.2194584
1970-06-01 07:34:59,1.0,-0.7600001
1970-07-01 18:03:52,-0.4,-1.693625
1970-08-01 04:32:46,0.6,-1.713375
1970-08-31 15:02:11,1.2,-1.241958
1970-10-01 01:31:04,1.0,-1.112875
1970-10-31 11:59:57,1.6,-1.270458
1970-11-30 22:29:22,1.9,-1.647375
1970-12-31 08:58:15,0.4,-1.5305
1971-01-30 19:27:09,2.0,-1.316417
1971-03-02 05:56:34,2.3,-1.174458
1971-04-01 16:25:27,1.7,-0.46425
1971-05-02 02:54:20,0.9,-0.6747917
1971-06-01 13:23:45,0.4,-0.5715
1971-07-01 23:52:38,0.2,-0.373
1971-08-01 10:21:32,1.5,-0.6012917
1971-08-31 20:50:57,1.4,-0.5732501
1971-10-01 07:19:50,1.7,-0.782625
1971-10-31 17:48:43,0.5,-0.8493334
1971-12-01 04:18:08,0.3,-0.9325417
1971-12-31 14:47:01,0.5,-0.33425
1972-01-31 01:15:55,1.1,-0.1992917
1972-03-01 11:45:20,0.6,-0.026458334
1972-03-31 22:14:13,-0.1,0.4203333
1972-05-01 08:43:06,-1.6,0.8338751
1972-05-31 19:12:31,-0.5,1.061708
1972-07-01 05:41:24,-1.4,1.456083
1972-07-31 16:10:18,-0.5,1.941125
1972-08-31 02:39:43,-1.4,1.839542
1972-09-30 13:08:36,-0.9,2.044333
1972-10-30 23:37:29,-0.3,2.290125
1972-11-30 10:06:54,-1.3,2.321167
1972-12-30 20:35:47,-0.3,1.636292
1973-01-30 07:04:41,-1.4,1.2655
1973-03-01 17:34:06,0.7,0.785625
1973-04-01 04:02:59,0.1,0.1032083
1973-05-01 14:31:52,0.4,-0.8864584
1973-06-01 01:01:17,1.1,-0.9628751
1973-07-01 11:30:10,0.6,-1.038542
1973-07-31 21:59:04,1.3,-1.399625
1973-08-31 08:28:29,1.2,-1.241917
1973-09-30 18:57:22,0.8,-1.424875
1973-10-31 05:26:15,2.6,-1.562292
1973-11-30 15:55:40,1.8,-1.525208
1973-12-31 02:24:33,2.4,-1.394792
1974-01-30 12:53:27,2.1,-1.156375
1974-03-01 23:22:52,2.4,-0.441875
1974-04-01 09:51:45,0.9,-0.2852083
1974-05-01 20:20:38,1.0,0.1253333
1974-06-01 06:50:03,0.4,0.2641667
1974-07-01 17:18:56,1.1,-0.09070833
1974-08-01 03:47:50,0.8,0.078291677
1974-08-31 14:17:15,1.1,-0.2987083
1974-10-01 00:46:08,0.9,-0.2244584
1974-10-31 11:15:01,-0.1,-0.55025
1974-11-30 21:44:26,0.2,-0.4072917
1974-12-31 08:13:19,-0.5,-0.1984583
1975-01-30 18:42:13,0.8,-0.3962917
1975-03-02 05:11:38,1.6,-0.4005
1975-04-01 15:40:31,1.2,-0.043125
1975-05-02 02:09:24,0.6,-0.4488333
1975-06-01 12:38:49,1.3,-0.8572917
1975-07-01 23:07:42,1.9,-0.8129584
1975-08-01 09:36:36,2.0,-0.503375
1975-08-31 20:06:00,2.1,-0.8416667
1975-10-01 06:34:54,1.7,-1.100583
1975-10-31 17:03:47,1.2,-1.127542
1975-12-01 03:33:12,2.1,-1.465
1975-12-31 14:02:05,1.4,-1.739667
1976-01-31 00:30:59,1.7,-1.0405
1976-03-01 11:00:23,1.7,-0.2500834
1976-03-31 21:29:17,0.3,-0.051666666
1976-05-01 07:58:10,0.4,0.1636667
1976-05-31 18:27:35,0.3,0.7459584
1976-07-01 04:56:28,-0.9,0.6729584
1976-07-31 15:25:22,-0.8,1.182292
1976-08-31 01:54:46,-1.1,1.214958
1976-09-30 12:23:40,0.4,1.315208
1976-10-30 22:52:33,0.7,1.123917
1976-11-30 09:21:58,-0.3,1.025167
1976-12-30 19:50:51,-0.4,1.211042
1977-01-30 06:19:45,1.2,0.6994584
1977-03-01 16:49:09,-0.5,0.583625
1977-04-01 03:18:03,-0.4,-0.2445417
1977-05-01 13:46:56,-0.5,0.309875
1977-06-01 00:16:21,-0.9,0.32825
1977-07-01 10:45:14,-1.1,0.090666674
1977-07-31 21:14:08,-0.8,-0.3710417
1977-08-31 07:43:32,-0.8,-0.054500002
1977-09-30 18:12:26,-1.0,0.39225
1977-10-31 04:41:19,-1.3,0.6213334
1977-11-30 15:10:44,-1.1,0.4562083
1977-12-31 01:39:37,-0.3,0.5896667
1978-01-30 12:08:31,-2.7,0.2877083
1978-03-01 22:37:55,-0.2,0.050124999
1978-04-01 09:06:49,-0.3,-0.4830833
1978-05-01 19:35:42,1.4,-0.2818334
1978-06-01 06:05:07,0.7,-0.6512501
1978-07-01 16:34:00,0.6,-0.6697084
1978-08-01 03:02:54,0.4,-0.7621251
1978-08-31 13:32:18,0.1,-0.5003334
1978-10-01 00:01:12,-0.4,-0.32825
1978-10-31 10:30:05,0.0,-0.044791669
1978-11-30 20:59:30,-0.1,0.2444167
1978-12-31 07:28:23,-0.4,-0.1144167
1979-01-30 17:57:17,1.0,0.005750001
1979-03-02 04:26:41,0.1,0.2442917
1979-04-01 14:55:35,-0.1,0.4585834
1979-05-02 01:24:28,0.5,0.5518333
1979-06-01 11:53:53,0.6,0.4878334
1979-07-01 22:22:46,1.3,0.098583341
1979-08-01 08:51:40,-0.2,0.515875
1979-08-31 19:21:04,0.1,1.07025
1979-10-01 05:49:58,-0.1,0.5534167
1979-10-31 16:18:51,-0.4,0.3419167
1979-12-01 02:48:16,-0.7,0.5520417
1979-12-31 13:17:09,0.4,0.4616667
1980-01-30 23:46:03,0.3,0.2633334
1980-03-01 10:15:27,-0.4,0.1430833
1980-03-31 20:44:21,-0.6,0.294375
1980-05-01 07:13:14,0.0,0.390875
1980-05-31 17:42:39,0.0,0.5747917
1980-07-01 04:11:32,0.0,0.012124998
1980-07-31 14:40:25,0.4,-0.078000002
1980-08-31 01:09:50,-0.5,-0.1484583
1980-09-30 11:38:44,0.0,-0.3381667
1980-10-30 22:07:37,-0.3,0.1805
1980-11-30 08:37:02,-0.1,0.4969167
1980-12-30 19:05:55,0.4,-0.5247084
1981-01-30 05:34:48,-0.2,-0.6013334
1981-03-01 16:04:13,-1.3,-0.2345833
1981-04-01 02:33:07,-0.1,-0.5125417
1981-05-01 13:02:00,0.8,-0.034958337
1981-05-31 23:31:25,1.2,0.008333335
1981-07-01 10:00:18,0.8,-0.3842917
1981-07-31 20:29:11,0.7,-0.6066667
1981-08-31 06:58:36,0.3,-0.078625001
1981-09-30 17:27:30,-0.4,0.055041667
1981-10-31 03:56:23,0.2,-0.1394436
1981-11-30 14:25:48,0.5,0.245679
1981-12-31 00:54:41,1.2,0.4787224
1982-01-30 11:23:34,0.3,0.1933715
1982-03-01 21:52:59,0.6,0.049264032
1982-04-01 08:21:53,0.1,0.4472539
1982-05-01 18:50:46,-0.3,1.045563
1982-06-01 05:20:11,-1.0,1.211087
1982-07-01 15:49:04,-1.5,0.8999302
1982-08-01 02:17:57,-1.7,1.261593
1982-08-31 12:47:22,-1.7,1.899197
1982-09-30 23:16:16,-1.7,2.35988
1982-10-31 09:45:09,-2.6,2.720195
1982-11-30 20:14:34,-2.2,3.343411
1982-12-31 06:43:27,-3.5,3.443757
1983-01-30 17:12:20,-3.6,2.87916
1983-03-02 03:41:45,-2.4,2.217402
1983-04-01 14:10:39,-0.9,1.970927
1983-05-02 00:39:32,0.6,2.329366
1983-06-01 11:08:57,0.0,2.062147
1983-07-01 21:37:50,-0.6,1.356797
1983-08-01 08:06:43,0.1,1.187653
1983-08-31 18:36:08,0.9,0.7677793
1983-10-01 05:05:02,0.4,0.07111416
1983-10-31 15:33:55,-0.1,-0.2986768
1983-12-01 02:03:20,0.0,-0.2742858
1983-12-31 12:32:13,0.2,-0.4900808
1984-01-30 23:01:06,0.9,-0.093203679
1984-03-01 09:30:31,-0.2,0.1046514
1984-03-31 19:59:25,0.3,0.097652987
1984-05-01 06:28:18,0.2,-0.1839782
1984-05-31 16:57:43,-0.3,-0.6828744
1984-07-01 03:26:36,0.2,-0.4949481
1984-07-31 13:55:29,0.4,-0.3552837
1984-08-31 00:24:54,0.1,-0.1610741
1984-09-30 10:53:48,-0.3,-0.5522128
1984-10-30 21:22:41,0.3,-0.5852469
1984-11-30 07:52:06,-0.1,-1.072721
1984-12-30 18:20:59,-0.3,-0.7977945
1985-01-30 04:49:52,1.2,-0.9878023
1985-03-01 15:19:17,0.8,-0.6982444
1985-04-01 01:48:11,1.2,-0.4904598
1985-05-01 12:17:04,0.4,-0.4573462
1985-05-31 22:46:29,-0.4,-0.6342896
1985-07-01 09:15:22,-0.1,-0.6949093
1985-07-31 19:44:15,1.0,-0.6211753
1985-08-31 06:13:40,0.0,-0.5324952
1985-09-30 16:42:34,-0.4,-0.5369645
1985-10-31 03:11:27,-0.2,-0.5141952
1985-11-30 13:40:52,0.2,-0.5429232
1985-12-31 00:09:45,1.0,-0.6772506
1986-01-30 10:38:38,-1.0,-0.4032578
1986-03-01 21:08:03,0.5,-0.1076584
1986-04-01 07:36:57,0.3,-0.015625795
1986-05-01 18:05:50,-0.2,0.036354978
1986-06-01 04:35:15,1.0,0.058384735
1986-07-01 15:04:08,0.3,0.1436919
1986-08-01 01:33:01,-0.4,0.2002011
1986-08-31 12:02:26,-0.5,0.7306641
1986-09-30 22:31:20,0.6,0.8307792
1986-10-31 09:00:13,-1.2,1.11288
1986-11-30 19:29:38,-1.4,1.032658
1986-12-31 05:58:31,-0.7,1.206627
1987-01-30 16:27:24,-1.2,1.236719
1987-03-02 02:56:49,-1.3,1.319378
1987-04-01 13:25:43,-1.4,1.291177
1987-05-01 23:54:36,-1.3,1.465812
1987-06-01 10:24:01,-1.1,1.450272
1987-07-01 20:52:54,-1.4,1.562424
1987-08-01 07:21:47,-0.9,1.671488
1987-08-31 17:51:12,-1.0,1.973287
1987-10-01 04:20:05,-0.4,1.563092
1987-10-31 14:48:59,0.0,1.410939
1987-12-01 01:18:24,-0.5,1.312021
1987-12-31 11:47:17,-0.1,0.770139
1988-01-30 22:16:10,-0.4,0.4307343
1988-03-01 08:45:35,0.6,0.3418088
1988-03-31 19:14:28,0.1,-0.2554331
1988-05-01 05:43:22,0.9,-0.9647219
1988-05-31 16:12:47,0.1,-1.567755
1988-07-01 02:41:40,1.0,-1.692774
1988-07-31 13:10:33,1.5,-1.452004
1988-08-30 23:39:58,1.8,-0.8992996
1988-09-30 10:08:51,1.4,-1.339106
1988-10-30 20:37:45,1.7,-1.521344
1988-11-30 07:07:10,1.2,-1.56684
1988-12-30 17:36:03,1.5,-1.299349
1989-01-30 04:04:56,1.2,-0.6468049
1989-03-01 14:34:21,1.1,-0.8288125
1989-04-01 01:03:14,1.6,-0.4289884
1989-05-01 11:32:08,1.2,-0.1921278
1989-05-31 22:01:33,0.7,-0.091809563
1989-07-01 08:30:26,0.9,-0.136659
1989-07-31 18:59:19,-0.3,-0.2793966
1989-08-31 05:28:44,0.5,-0.1443113
1989-09-30 15:57:37,0.8,-0.1283587
1989-10-31 02:26:31,-0.2,-0.1327569
1989-11-30 12:55:56,-0.5,-0.1622639
1989-12-30 23:24:49,-0.1,-0.1544882
1990-01-30 09:53:42,-1.8,0.1561754
1990-03-01 20:23:07,-0.4,0.1196446
1990-04-01 06:52:00,0.2,0.4925371
1990-05-01 17:20:54,1.2,0.6210604
1990-06-01 03:50:19,0.3,0.3083963
1990-07-01 14:19:12,0.5,0.029720167
1990-08-01 00:48:05,-0.2,0.1911423
1990-08-31 11:17:30,-0.7,0.3149866
1990-09-30 21:46:23,0.3,0.1848168
1990-10-31 08:15:17,-0.5,0.097667642
1990-11-30 18:44:42,-0.2,0.2242653
1990-12-31 05:13:35,0.6,0.2793717
1991-01-30 15:42:28,0.3,0.1684127
1991-03-02 02:11:53,-0.7,0.2148169
1991-04-01 12:40:46,-0.6,0.2318955
1991-05-01 23:09:40,-1.0,0.924937
1991-06-01 09:39:05,-0.1,1.19877
1991-07-01 20:07:58,0.0,1.076829
1991-08-01 06:36:51,-0.4,0.6549006
1991-08-31 17:06:16,-1.5,0.4541135
1991-10-01 03:35:09,-1.0,0.9030719
1991-10-31 14:04:03,-0.7,1.287249
1991-12-01 00:33:28,-1.8,1.559261
1991-12-31 11:02:21,-2.9,1.562361
1992-01-30 21:31:14,-0.9,1.454479
1992-03-01 08:00:39,-2.0,1.367549
1992-03-31 18:29:32,-1.0,1.581219
1992-05-01 04:58:26,0.3,1.656618
1992-05-31 15:27:51,-0.6,0.7269766
1992-07-01 01:56:44,-0.6,0.2436432
1992-07-31 12:25:37,0.4,-0.023825595
1992-08-30 22:55:02,0.1,-0.017980186
1992-09-30 09:23:55,-1.4,-0.040174477
1992-10-30 19:52:49,-0.7,-0.007959417
1992-11-30 06:22:14,-0.6,0.049429875
1992-12-30 16:51:07,-0.9,0.033455979
1993-01-30 03:20:00,-0.7,0.3503805
1993-03-01 13:49:25,-0.5,0.5832611
1993-04-01 00:18:18,-1.2,1.173008
1993-05-01 10:47:12,-0.3,1.403829
1993-05-31 21:16:37,-0.8,0.8243058
1993-07-01 07:45:30,-0.8,0.3868412
1993-07-31 18:14:23,-0.9,0.2405857
1993-08-31 04:43:48,-0.7,0.4521553
1993-09-30 15:12:41,-1.1,0.5291239
1993-10-31 01:41:35,-0.1,0.3899363
1993-11-30 12:11:00,0.2,0.4125022
1993-12-30 22:39:53,-0.1,0.2741834
1994-01-30 09:08:46,0.3,-0.087564394
1994-03-01 19:38:11,-0.7,0.002489483
1994-04-01 06:07:04,-1.3,-0.068991773
1994-05-01 16:35:58,-0.7,0.3881823
1994-06-01 03:05:23,-0.4,0.3140596
1994-07-01 13:34:16,-1.3,-0.200651
1994-08-01 00:03:09,-1.2,-0.1455645
1994-08-31 10:32:34,-1.6,0.2675676
1994-09-30 21:01:27,-1.1,0.7593633
1994-10-31 07:30:21,-0.6,1.045656
1994-11-30 17:59:45,-1.2,1.129236
1994-12-31 04:28:39,-0.4,0.937923
1995-01-30 14:57:32,-0.1,0.6835793
1995-03-02 01:26:57,0.8,0.2343409
1995-04-01 11:55:50,-0.7,0.014058105
1995-05-01 22:24:44,-0.4,-0.1218222
1995-06-01 08:54:08,0.1,0.011198606
1995-07-01 19:23:02,0.4,-0.054928906
1995-08-01 05:51:55,0.3,-0.3730626
1995-08-31 16:21:20,0.3,-0.4147711
1995-10-01 02:50:13,0.0,-0.5710534
1995-10-31 13:19:07,0.0,-0.7022923
1995-11-30 23:48:31,-0.5,-0.6446774
1995-12-31 10:17:25,1.0,-0.5400862
1996-01-30 20:46:18,0.3,-0.4814011
1996-03-01 07:15:43,1.1,-0.1030336
1996-03-31 17:44:36,0.8,-0.3715828
1996-05-01 04:13:30,0.3,-0.3292112
1996-05-31 14:42:54,1.2,-0.2382723
1996-07-01 01:11:48,0.7,-0.1316241
1996-07-31 11:40:41,0.7,-0.1635223
1996-08-30 22:10:06,0.6,-0.1646935
1996-09-30 08:38:59,0.6,-0.2054505
1996-10-30 19:07:53,-0.1,-0.2535642
1996-11-30 05:37:17,0.9,-0.6168354
1996-12-30 16:06:11,0.5,-0.6102584
1997-01-30 02:35:04,1.7,-0.303581
1997-03-01 13:04:29,-0.4,0.1707174
1997-03-31 23:33:22,-0.6,0.5996162
1997-05-01 10:02:16,-1.3,1.449097
1997-05-31 20:31:40,-1.4,1.983257
1997-07-01 07:00:34,-0.8,2.408996
1997-07-31 17:29:27,-1.4,2.915967
1997-08-31 03:58:52,-1.4,3.122397
1997-09-30 14:27:45,-1.5,3.308315
1997-10-31 00:56:39,-1.2,3.547784
1997-11-30 11:26:03,-1.0,3.724903
1997-12-30 21:54:57,-2.7,3.43036
1998-01-30 08:23:50,-2.0,2.761615
1998-03-01 18:53:15,-2.4,2.229913
1998-04-01 05:22:08,-1.4,1.896097
1998-05-01 15:51:02,0.3,1.568013
1998-06-01 02:20:26,1.0,0.1962749
1998-07-01 12:49:20,1.2,-0.022825558
1998-07-31 23:18:13,1.2,0.079480097
1998-08-31 09:47:38,1.0,-0.1270769
1998-09-30 20:16:31,1.1,-0.4242516
1998-10-31 06:45:25,1.0,-0.4510868
1998-11-30 17:14:49,1.4,-0.7682984
1998-12-31 03:43:43,1.8,-0.8359101
1999-01-30 14:12:36,1.0,-0.5222874
1999-03-02 00:42:01,1.3,-0.1487616
1999-04-01 11:10:54,1.4,-0.4309283
1999-05-01 21:39:48,0.2,-0.084772326
1999-06-01 08:09:12,0.3,-0.3957591
1999-07-01 18:38:06,0.5,-0.4942223
1999-08-01 05:06:59,0.4,-0.6333401
1999-08-31 15:36:24,-0.1,-0.7109451
1999-10-01 02:05:17,1.0,-0.8085802
1999-10-31 12:34:11,1.0,-1.138787
1999-11-30 23:03:35,1.4,-1.251376
1999-12-31 09:32:29,0.7,-1.432551
2000-01-30 20:01:22,1.7,-0.92368
2000-03-01 06:30:47,1.3,-0.4545587
2000-03-31 16:59:40,1.2,0.060650181
2000-05-01 03:28:33,0.4,0.028873539
2000-05-31 13:57:58,-0.2,-0.4213194
2000-07-01 00:26:52,-0.2,-0.537641
2000-07-31 10:55:45,0.7,-0.5081417
2000-08-30 21:25:10,0.9,-0.2256393
2000-09-30 07:54:03,1.1,-0.2572685
2000-10-30 18:22:56,1.8,-0.5338784
2000-11-30 04:52:21,0.8,-0.3640887
2000-12-30 15:21:15,1.0,-0.3958249
2001-01-30 01:50:08,1.7,-0.182546
2001-03-01 12:19:33,0.9,0.2835068
2001-03-31 22:48:26,0.2,0.3611216
2001-05-01 09:17:19,-0.5,0.2217147
2001-05-31 19:46:44,0.3,0.1750913
2001-07-01 06:15:38,-0.2,-0.038524158
2001-07-31 16:44:31,-0.4,-0.1522177
2001-08-31 03:13:56,0.2,-0.2743973
2001-09-30 13:42:49,0.0,-0.266176
2001-10-31 00:11:42,0.7,-0.4197773
2001-11-30 10:41:07,-0.8,-0.2828763
2001-12-30 21:10:01,0.4,-0.2653425
2002-01-30 07:38:54,1.1,0.015816124
2002-03-01 18:08:19,-0.2,0.2507458
2002-04-01 04:37:12,-0.1,0.3834586
2002-05-01 15:06:05,-0.8,0.6018103
2002-06-01 01:35:30,-0.2,0.8766004
2002-07-01 12:04:24,-0.5,0.563215
2002-07-31 22:33:17,-1.0,0.5706242
2002-08-31 09:02:42,-0.6,0.9055965
2002-09-30 19:31:35,-0.4,1.16279
2002-10-31 06:00:28,-0.5,1.528841
2002-11-30 16:29:53,-1.1,1.504215
2002-12-31 02:58:47,-0.2,0.940943
2003-01-30 13:27:40,-0.7,0.5549844
2003-03-01 23:57:05,-0.3,0.4025691
2003-04-01 10:25:58,-0.1,0.02793373
2003-05-01 20:54:51,-0.3,-0.388851
2003-06-01 07:24:16,-0.6,-0.2685696
2003-07-01 17:53:10,0.3,0.1682665
2003-08-01 04:22:03,0.1,0.2384973
2003-08-31 14:51:28,-0.1,0.4114488
2003-10-01 01:20:21,0.0,0.5927562
2003-10-31 11:49:14,-0.3,0.6641306
2003-11-30 22:18:39,1.1,0.6043244
2003-12-31 08:47:33,-1.3,
2004-01-30 19:16:26,1.2,
2004-03-01 05:45:51,0.4,
2004-03-31 16:14:44,-0.9,
2004-05-01 02:43:37,1.0,
2004-05-31 13:13:02,-0.8,
2004-06-30 23:41:56,-0.5,
2004-07-31 10:10:49,-0.3,
2004-08-30 20:40:14,-0.3,
2004-09-30 07:09:07,-0.1,
2004-10-30 17:38:00,-0.7,
2004-11-30 04:07:25,-0.8,
2004-12-30 14:36:19,0.3,
2005-01-30 01:05:12,-3.1,
2005-03-01 11:34:37,0.3,
2005-03-31 22:03:30,-0.6,
2005-05-01 08:32:23,-0.8,
2005-05-31 19:01:48,0.4,
2005-07-01 05:30:42,0.2,
2005-07-31 15:59:35,-0.3,
2005-08-31 02:29:00,0.4,
2005-09-30 12:57:53,1.2,
2005-10-30 23:26:46,-0.2,
2005-11-30 09:56:11,0.0,
2005-12-30 20:25:05,1.7,
2006-01-30 06:53:58,0.1,
2006-03-01 17:23:23,1.8,
2006-04-01 03:52:16,1.1,
2006-05-01 14:21:09,-0.5,
2006-06-01 00:50:34,-0.2,
2006-07-01 11:19:28,-0.6,
2006-07-31 21:48:21,-1.0,
2006-08-31 08:17:46,-0.6,
2006-09-30 18:46:39,-1.3,
2006-10-31 05:15:32,0.1,
2006-11-30 15:44:57,-0.3,
2006-12-31 02:13:51,-0.8,
2007-01-30 12:42:44,-0.1,
2007-03-01 23:12:09,0.2,
2007-04-01 09:41:02,-0.1,
2007-05-01 20:09:55,-0.1,
2007-06-01 06:39:20,0.5,
2007-07-01 17:08:13,-0.3,
2007-08-01 03:37:07,0.4,
2007-08-31 14:06:32,0.2,
2007-10-01 00:35:25,0.7,
2007-10-31 11:04:18,0.9,
2007-11-30 21:33:43,1.7,
2007-12-31 08:02:36,1.8,
2008-01-30 18:31:30,2.6,
2008-03-01 05:00:55,1.4,
2008-03-31 15:29:48,0.7,
2008-05-01 01:58:41,-0.1,
2008-05-31 12:28:06,0.6,
2008-06-30 22:56:59,0.3,
2008-07-31 09:25:53,1.0,
2008-08-30 19:55:18,1.2,
2008-09-30 06:24:11,1.3,
2008-10-30 16:53:04,1.3,
2008-11-30 03:22:29,1.4,
2008-12-30 13:51:22,1.1,
2009-01-30 00:20:16,1.9,
2009-03-01 10:49:41,0.4,
2009-03-31 21:18:34,0.8,
2009-05-01 07:47:27,-0.1,
2009-05-31 18:16:52,0.1,
2009-07-01 04:45:45,0.2,
2009-07-31 15:14:39,-0.2,
2009-08-31 01:44:04,0.3,
2009-09-30 12:12:57,-1.2,
2009-10-30 22:41:50,-0.6,
2009-11-30 09:11:15,-0.7,
2009-12-30 19:40:08,-1.1,
2010-01-30 06:09:02,-1.5,
2010-03-01 16:38:27,-0.7,
2010-04-01 03:07:20,1.2,
2010-05-01 13:36:13,0.9,
2010-06-01 00:05:38,0.4,
2010-07-01 10:34:31,1.8,
2010-07-31 21:03:25,1.8,
2010-08-31 07:32:50,2.2,
2010-09-30 18:01:43,1.7,
2010-10-31 04:30:36,1.3,
2010-11-30 15:00:01,2.9,
2010-12-31 01:28:54,2.3,
2011-01-30 11:57:48,2.7,
2011-03-01 22:27:13,2.5,
2011-04-01 08:56:06,1.9,
2011-05-01 19:24:59,0.4,
2011-06-01 05:54:24,0.2,
2011-07-01 16:23:17,1.0,
2011-08-01 02:52:11,0.4,
2011-08-31 13:21:36,1.0,
2011-09-30 23:50:29,0.8,
2011-10-31 10:19:22,1.1,
2011-11-30 20:48:47,2.5,
2011-12-31 07:17:40,1.1,
2012-01-30 17:46:34,0.5,
2012-03-01 04:15:59,0.7,
2012-03-31 14:44:52,-0.3,
2012-05-01 01:13:45,0.0,
2012-05-31 11:43:10,-0.4,
2012-06-30 22:12:03,0.0,
2012-07-31 08:40:57,-0.2,
2012-08-30 19:10:22,0.2,
2012-09-30 05:39:15,0.3,
2012-10-30 16:08:08,0.3,
2012-11-30 02:37:33,-0.6,
2012-12-30 13:06:26,-0.1,
2013-01-29 23:35:20,-0.2,
2013-03-01 10:04:45,1.5,
2013-03-31 20:33:38,0.2,
2013-05-01 07:02:31,0.8,
2013-05-31 17:31:56,1.2,
2013-07-01 04:00:49,0.8,
2013-07-31 14:29:43,0.2,
2013-08-31 00:59:08,0.3,
2013-09-30 11:28:01,-0.1,
2013-10-30 21:56:54,0.7,
2013-11-30 08:26:19,0.1,
2013-12-30 18:55:12,1.4,
2014-01-30 05:24:06,0.1,
2014-03-01 15:53:31,-0.9,
2014-04-01 02:22:24,0.8,
2014-05-01 12:51:17,0.5,
2014-05-31 23:20:42,0.2,
2014-07-01 09:49:35,-0.2,
2014-07-31 20:18:29,-0.7,
2014-08-31 06:47:53,-0.7,
2014-09-30 17:16:47,-0.6,
2014-10-31 03:45:40,-0.9,
2014-11-30 14:15:05,-0.6,
2014-12-31 00:43:58,-0.8,
2015-01-30 11:12:52,0.2,
2015-03-01 21:42:16,-0.7,
2015-04-01 08:11:10,0.0,
2015-05-01 18:40:03,-0.7,
2015-06-01 05:09:28,-0.6,
2015-07-01 15:38:21,-1.1,
2015-08-01 02:07:15,-1.4,
2015-08-31 12:36:39,-1.6,
2015-09-30 23:05:33,-1.7,
2015-10-31 09:34:26,-0.5,
2015-11-30 20:03:51,-0.6,
2015-12-31 06:32:44,-2.2,
2016-01-30 17:01:38,-2.0,
2016-03-01 03:31:02,-0.1,
2016-03-31 13:59:56,-1.2,
2016-05-01 00:28:49,0.4,
2016-05-31 10:58:14,0.6,
2016-06-30 21:27:07,0.4,
2016-07-31 07:56:01,0.7,
2016-08-30 18:25:25,1.2,
2016-09-30 04:54:19,-0.3,
2016-10-30 15:23:12,-0.1,
2016-11-30 01:52:37,0.3,
2016-12-30 12:21:30,0.2,
2017-01-29 22:50:24,-0.1,
2017-03-01 09:19:48,0.9,
2017-03-31 19:48:42,-0.2,
2017-05-01 06:17:35,0.3,
2017-05-31 16:47:00,-0.4,
2017-07-01 03:15:53,0.8,
2017-07-31 13:44:47,0.5,
2017-08-31 00:14:11,0.6,
2017-09-30 10:43:05,0.9,
2017-10-30 21:11:58,0.9,
2017-11-30 07:41:23,-0.1,
2017-12-30 18:10:16,1.1,
2018-01-30 04:39:10,-0.5,
2018-03-01 15:08:34,1.5,
2018-04-01 01:37:28,0.5,
2018-05-01 12:06:21,0.4,
2018-05-31 22:35:46,-0.1,
2018-07-01 09:04:39,0.2,
2018-07-31 19:33:33,-0.3,
2018-08-31 06:02:57,-0.9,
2018-09-30 16:31:51,0.4,
2018-10-31 03:00:44,-0.1,
2018-11-30 13:30:09,1.0,
2018-12-30 23:59:02,0.0,
2019-01-30 10:27:56,-1.4,
2019-03-01 20:57:20,-0.3,
2019-04-01 07:26:14,0.1,
2019-05-01 17:55:07,-0.4,
2019-06-01 04:24:32,-0.5,
2019-07-01 14:53:25,-0.4,
2019-08-01 01:22:19,-0.1,
2019-08-31 11:51:43,-1.2,
2019-09-30 22:20:37,-0.4,
2019-10-31 08:49:30,-0.8,
2019-11-30 19:18:55,-0.6,
