YEAR,MON/MMM,Dec year,NINO34_MEAN,NINO34_CLIM,NINO34_ANOM,ONI,PHASE
1871,1,1871.00,25.46,25.9,-0.45,NaN,M
1871,2,1871.08,25.59,26.03,-0.45,-0.26,N
1871,3,1871.17,26.66,26.55,0.11,0.08,N
1871,4,1871.25,27.57,26.99,0.58,0.31,N
1871,5,1871.33,27.4,27.16,0.24,0.36,N
1871,6,1871.42,27.17,26.93,0.24,0.26,N
1871,7,1871.50,26.86,26.57,0.29,0.36,N
1871,8,1871.58,26.69,26.13,0.56,0.49,N
1871,9,1871.67,26.65,26.03,0.62,0.52,E
1871,10,1871.75,26.24,25.85,0.39,0.4,N
1871,11,1871.83,26.12,25.93,0.19,0.23,N
1871,12,1871.92,25.96,25.87,0.09,-0.02,N
1872,1,1872.00,25.56,25.9,-0.35,-0.22,N
1872,2,1872.08,25.61,26.03,-0.42,-0.43,N
1872,3,1872.17,26.03,26.55,-0.52,-0.47,N
1872,4,1872.25,26.52,26.99,-0.47,-0.46,N
1872,5,1872.33,26.77,27.16,-0.38,-0.45,N
1872,6,1872.42,26.44,26.93,-0.49,-0.06,N
1872,7,1872.50,27.25,26.57,0.68,-0.14,N
1872,8,1872.58,25.52,26.13,-0.62,-0.12,N
1872,9,1872.67,25.61,26.03,-0.43,-0.66,L
1872,10,1872.75,24.92,25.85,-0.93,-0.74,L
1872,11,1872.83,25.05,25.93,-0.88,-0.88,L
1872,12,1872.92,25.04,25.87,-0.83,-0.86,L
1873,1,1873.00,25.02,25.9,-0.88,-0.91,L
1873,2,1873.08,25.01,26.03,-1.02,-0.94,L
1873,3,1873.17,25.64,26.55,-0.91,-0.82,L
1873,4,1873.25,26.46,26.99,-0.53,-0.59,L
1873,5,1873.33,26.82,27.16,-0.34,-0.27,N
1873,6,1873.42,27,26.93,0.07,0.01,N
1873,7,1873.50,26.86,26.57,0.29,0.31,N
1873,8,1873.58,26.71,26.13,0.58,0.45,N
1873,9,1873.67,26.52,26.03,0.49,0.29,N
1873,10,1873.75,25.64,25.85,-0.21,0,N
1873,11,1873.83,25.64,25.93,-0.29,-0.27,N
1873,12,1873.92,25.55,25.87,-0.31,-0.47,N
1874,1,1874.00,25.08,25.9,-0.82,-0.74,L
1874,2,1874.08,24.96,26.03,-1.08,-0.98,L
1874,3,1874.17,25.51,26.55,-1.04,-0.99,L
1874,4,1874.25,26.15,26.99,-0.84,-0.88,L
1874,5,1874.33,26.41,27.16,-0.75,-0.71,L
1874,6,1874.42,26.38,26.93,-0.55,-0.68,L
1874,7,1874.50,25.83,26.57,-0.74,-0.62,L
1874,8,1874.58,25.57,26.13,-0.56,-0.64,L
1874,9,1874.67,25.4,26.03,-0.63,-0.57,L
1874,10,1874.75,25.34,25.85,-0.52,-0.67,L
1874,11,1874.83,25.05,25.93,-0.88,-0.69,L
1874,12,1874.92,25.18,25.87,-0.69,-0.59,L
1875,1,1875.00,25.69,25.9,-0.22,-0.38,N
1875,2,1875.08,25.79,26.03,-0.24,-0.17,N
1875,3,1875.17,26.48,26.55,-0.07,-0.17,N
1875,4,1875.25,26.78,26.99,-0.21,-0.16,N
1875,5,1875.33,26.95,27.16,-0.2,-0.26,N
1875,6,1875.42,26.57,26.93,-0.36,-0.27,N
1875,7,1875.50,26.34,26.57,-0.23,-0.3,N
1875,8,1875.58,25.83,26.13,-0.3,-0.3,N
1875,9,1875.67,25.68,26.03,-0.35,-0.38,N
1875,10,1875.75,25.37,25.85,-0.49,-0.41,N
1875,11,1875.83,25.54,25.93,-0.38,-0.38,N
1875,12,1875.92,25.59,25.87,-0.27,-0.25,N
1876,1,1876.00,25.84,25.93,-0.08,-0.28,N
1876,2,1876.08,25.59,26.06,-0.47,-0.4,N
1876,3,1876.17,25.92,26.57,-0.64,-0.74,L
1876,4,1876.25,25.96,27.05,-1.1,-0.87,L
1876,5,1876.33,26.3,27.18,-0.88,-0.64,L
1876,6,1876.42,26.93,26.88,0.05,-0.07,N
1876,7,1876.50,27.1,26.49,0.61,0.34,N
1876,8,1876.58,26.47,26.11,0.37,0.39,N
1876,9,1876.67,26.25,26.06,0.19,0.44,N
1876,10,1876.75,26.65,25.9,0.75,0.55,E
1876,11,1876.83,26.69,25.98,0.71,0.78,E
1876,12,1876.92,26.86,25.98,0.89,0.9,E
1877,1,1877.00,27.03,25.93,1.11,1.04,E
1877,2,1877.08,27.17,26.06,1.12,1.22,E
1877,3,1877.17,27.99,26.57,1.42,1.25,E
1877,4,1877.25,28.28,27.05,1.22,1.2,E
1877,5,1877.33,28.14,27.18,0.96,1.08,E
1877,6,1877.42,27.94,26.88,1.06,1.25,E
1877,7,1877.50,28.22,26.49,1.73,1.81,E
1877,8,1877.58,28.74,26.11,2.63,2.34,E
1877,9,1877.67,28.72,26.06,2.66,2.73,E
1877,10,1877.75,28.79,25.9,2.89,2.89,E
1877,11,1877.83,29.11,25.98,3.13,3.01,E
1877,12,1877.92,29,25.98,3.03,3.07,E
1878,1,1878.00,28.98,25.93,3.05,3.11,E
1878,2,1878.08,29.3,26.06,3.24,2.61,E
1878,3,1878.17,28.11,26.57,1.54,2.22,E
1878,4,1878.25,28.94,27.05,1.88,1.75,E
1878,5,1878.33,29.02,27.18,1.84,1.44,E
1878,6,1878.42,27.47,26.88,0.6,0.75,E
1878,7,1878.50,26.3,26.49,-0.19,0.12,N
1878,8,1878.58,26.06,26.11,-0.05,-0.21,N
1878,9,1878.67,25.65,26.06,-0.41,-0.35,N
1878,10,1878.75,25.3,25.9,-0.6,-0.64,L
1878,11,1878.83,25.07,25.98,-0.91,-0.76,L
1878,12,1878.92,25.19,25.98,-0.78,-0.76,L
1879,1,1879.00,25.32,25.93,-0.6,-0.37,N
1879,2,1879.08,26.34,26.06,0.28,-0.14,N
1879,3,1879.17,26.47,26.57,-0.09,0.03,N
1879,4,1879.25,26.95,27.05,-0.1,-0.13,N
1879,5,1879.33,26.98,27.18,-0.2,-0.21,N
1879,6,1879.42,26.54,26.88,-0.34,-0.4,N
1879,7,1879.50,25.82,26.49,-0.67,-0.54,L
1879,8,1879.58,25.5,26.11,-0.61,-0.63,L
1879,9,1879.67,25.45,26.06,-0.6,-0.67,L
1879,10,1879.75,25.11,25.9,-0.8,-0.78,L
1879,11,1879.83,25.03,25.98,-0.95,-0.83,L
1879,12,1879.92,25.22,25.98,-0.76,-0.95,L
1880,1,1880.00,24.78,25.93,-1.15,-0.88,L
1880,2,1880.08,25.33,26.06,-0.72,-0.65,L
1880,3,1880.17,26.5,26.57,-0.07,-0.42,N
1880,4,1880.25,26.59,27.05,-0.46,-0.11,N
1880,5,1880.33,27.37,27.18,0.19,0.03,N
1880,6,1880.42,27.25,26.88,0.37,0.31,N
1880,7,1880.50,26.87,26.49,0.38,0.37,N
1880,8,1880.58,26.47,26.11,0.36,0.41,N
1880,9,1880.67,26.54,26.06,0.48,0.48,N
1880,10,1880.75,26.51,25.9,0.61,0.54,E
1880,11,1880.83,26.5,25.98,0.52,0.54,E
1880,12,1880.92,26.46,25.98,0.48,0.55,E
1881,1,1881.00,26.61,25.95,0.66,0.61,E
1881,2,1881.08,26.76,26.09,0.68,0.77,E
1881,3,1881.17,27.54,26.57,0.97,0.82,E
1881,4,1881.25,27.94,27.11,0.83,0.84,E
1881,5,1881.33,28.01,27.27,0.74,0.72,E
1881,6,1881.42,27.57,26.97,0.6,0.62,E
1881,7,1881.50,27.03,26.51,0.52,0.52,E
1881,8,1881.58,26.54,26.1,0.44,0.44,N
1881,9,1881.67,26.39,26.02,0.37,0.34,N
1881,10,1881.75,26.07,25.87,0.19,0.21,N
1881,11,1881.83,26.02,25.96,0.06,0.27,N
1881,12,1881.92,26.53,25.98,0.56,0.24,N
1882,1,1882.00,26.05,25.95,0.09,0.36,N
1882,2,1882.08,26.51,26.09,0.42,0.41,N
1882,3,1882.17,27.29,26.57,0.72,0.65,E
1882,4,1882.25,27.91,27.11,0.8,0.73,E
1882,5,1882.33,27.93,27.27,0.66,0.5,N
1882,6,1882.42,27,26.97,0.03,0.17,N
1882,7,1882.50,26.33,26.51,-0.18,-0.04,N
1882,8,1882.58,26.12,26.1,0.02,-0.18,N
1882,9,1882.67,25.64,26.02,-0.38,-0.28,N
1882,10,1882.75,25.38,25.87,-0.49,-0.5,L
1882,11,1882.83,25.32,25.96,-0.64,-0.5,L
1882,12,1882.92,25.6,25.98,-0.38,-0.36,N
1883,1,1883.00,25.91,25.95,-0.05,0,N
1883,2,1883.08,26.5,26.09,0.42,0.33,N
1883,3,1883.17,27.19,26.57,0.62,0.62,E
1883,4,1883.25,27.95,27.11,0.84,0.6,E
1883,5,1883.33,27.61,27.27,0.34,0.48,N
1883,6,1883.42,27.23,26.97,0.26,0.33,N
1883,7,1883.50,26.9,26.51,0.39,0.31,N
1883,8,1883.58,26.38,26.1,0.29,0.27,N
1883,9,1883.67,26.15,26.02,0.13,0.23,N
1883,10,1883.75,26.15,25.87,0.27,0.26,N
1883,11,1883.83,26.35,25.96,0.39,0.28,N
1883,12,1883.92,26.16,25.98,0.18,0.38,N
1884,1,1884.00,26.51,25.95,0.56,0.49,N
1884,2,1884.08,26.82,26.09,0.73,0.52,E
1884,3,1884.17,26.83,26.57,0.26,0.56,E
1884,4,1884.25,27.79,27.11,0.68,0.51,E
1884,5,1884.33,27.87,27.27,0.6,0.6,E
1884,6,1884.42,27.5,26.97,0.53,0.47,N
1884,7,1884.50,26.78,26.51,0.27,0.32,N
1884,8,1884.58,26.26,26.1,0.16,0.4,N
1884,9,1884.67,26.8,26.02,0.78,0.6,E
1884,10,1884.75,26.73,25.87,0.85,0.88,E
1884,11,1884.83,26.98,25.96,1.02,0.94,E
1884,12,1884.92,26.91,25.98,0.94,0.94,E
1885,1,1885.00,26.83,25.95,0.87,0.82,E
1885,2,1885.08,26.74,26.09,0.65,0.67,E
1885,3,1885.17,27.07,26.57,0.5,0.45,N
1885,4,1885.25,27.3,27.11,0.19,0.33,N
1885,5,1885.33,27.58,27.27,0.32,0.34,N
1885,6,1885.42,27.48,26.97,0.51,0.44,N
1885,7,1885.50,27.01,26.51,0.5,0.52,E
1885,8,1885.58,26.66,26.1,0.56,0.69,E
1885,9,1885.67,27.02,26.02,1,1.05,E
1885,10,1885.75,27.47,25.87,1.59,1.35,E
1885,11,1885.83,27.4,25.96,1.44,1.44,E
1885,12,1885.92,27.26,25.98,1.29,1.15,E
1886,1,1886.00,26.87,26.14,0.73,0.71,E
1886,2,1886.08,26.37,26.26,0.11,0.17,N
1886,3,1886.17,26.37,26.7,-0.33,-0.17,N
1886,4,1886.25,26.97,27.27,-0.3,-0.46,N
1886,5,1886.33,26.66,27.43,-0.76,-0.77,L
1886,6,1886.42,25.86,27.11,-1.24,-0.99,L
1886,7,1886.50,25.7,26.66,-0.96,-1.02,L
1886,8,1886.58,25.41,26.25,-0.84,-0.89,L
1886,9,1886.67,25.32,26.18,-0.86,-0.94,L
1886,10,1886.75,24.94,26.04,-1.11,-1.09,L
1886,11,1886.83,24.79,26.09,-1.3,-1.47,L
1886,12,1886.92,24.16,26.17,-2.01,-1.82,L
1887,1,1887.00,24,26.14,-2.14,-2.03,L
1887,2,1887.08,24.34,26.26,-1.93,-1.73,L
1887,3,1887.17,25.59,26.7,-1.11,-1.31,L
1887,4,1887.25,26.37,27.27,-0.9,-0.96,L
1887,5,1887.33,26.57,27.43,-0.86,-0.76,L
1887,6,1887.42,26.59,27.11,-0.51,-0.52,L
1887,7,1887.50,26.47,26.66,-0.19,-0.22,N
1887,8,1887.58,26.29,26.25,0.04,-0.01,N
1887,9,1887.67,26.29,26.18,0.11,0.13,N
1887,10,1887.75,26.28,26.04,0.23,0.24,N
1887,11,1887.83,26.46,26.09,0.37,0.29,N
1887,12,1887.92,26.44,26.17,0.27,0.41,N
1888,1,1888.00,26.71,26.14,0.57,0.61,E
1888,2,1888.08,27.23,26.26,0.97,0.82,E
1888,3,1888.17,27.62,26.7,0.92,0.87,E
1888,4,1888.25,27.98,27.27,0.71,0.76,E
1888,5,1888.33,28.07,27.43,0.65,0.77,E
1888,6,1888.42,28.07,27.11,0.96,0.85,E
1888,7,1888.50,27.6,26.66,0.94,0.98,E
1888,8,1888.58,27.29,26.25,1.04,1.2,E
1888,9,1888.67,27.79,26.18,1.61,1.61,E
1888,10,1888.75,28.21,26.04,2.17,2.04,E
1888,11,1888.83,28.43,26.09,2.33,2.36,E
1888,12,1888.92,28.76,26.17,2.59,2.52,E
1889,1,1889.00,28.76,26.14,2.63,2.57,E
1889,2,1889.08,28.77,26.26,2.51,2.27,E
1889,3,1889.17,28.38,26.7,1.68,1.78,E
1889,4,1889.25,28.45,27.27,1.17,1.22,E
1889,5,1889.33,28.24,27.43,0.81,0.73,E
1889,6,1889.42,27.33,27.11,0.22,-0.03,N
1889,7,1889.50,25.54,26.66,-1.13,-0.67,L
1889,8,1889.58,25.15,26.25,-1.1,-1.18,L
1889,9,1889.67,24.87,26.18,-1.31,-1.39,L
1889,10,1889.75,24.26,26.04,-1.78,-1.54,L
1889,11,1889.83,24.57,26.09,-1.52,-1.62,L
1889,12,1889.92,24.61,26.17,-1.57,-1.57,L
1890,1,1890.00,24.51,26.14,-1.62,-1.73,L
1890,2,1890.08,24.26,26.26,-2,-1.57,L
1890,3,1890.17,25.62,26.7,-1.08,-1.37,L
1890,4,1890.25,26.25,27.27,-1.02,-0.88,L
1890,5,1890.33,26.87,27.43,-0.55,-0.68,L
1890,6,1890.42,26.64,27.11,-0.47,-0.52,L
1890,7,1890.50,26.12,26.66,-0.54,-0.49,N
1890,8,1890.58,25.78,26.25,-0.47,-0.57,L
1890,9,1890.67,25.48,26.18,-0.7,-0.6,L
1890,10,1890.75,25.43,26.04,-0.61,-0.7,L
1890,11,1890.83,25.32,26.09,-0.78,-0.44,N
1890,12,1890.92,26.25,26.17,0.08,-0.14,N
1891,1,1891.00,26.61,26.34,0.27,0.15,N
1891,2,1891.08,26.58,26.48,0.1,0.17,N
1891,3,1891.17,27,26.87,0.13,0.27,N
1891,4,1891.25,28.04,27.44,0.59,0.41,N
1891,5,1891.33,28.09,27.57,0.51,0.53,E
1891,6,1891.42,27.73,27.25,0.49,0.45,N
1891,7,1891.50,27.11,26.75,0.35,0.33,N
1891,8,1891.58,26.5,26.36,0.14,0.16,N
1891,9,1891.67,26.28,26.3,-0.03,0.1,N
1891,10,1891.75,26.4,26.23,0.17,0.11,N
1891,11,1891.83,26.49,26.3,0.19,0.08,N
1891,12,1891.92,26.26,26.39,-0.13,-0.08,N
1892,1,1892.00,26.04,26.34,-0.3,-0.22,N
1892,2,1892.08,26.27,26.48,-0.22,-0.31,N
1892,3,1892.17,26.45,26.87,-0.42,-0.34,N
1892,4,1892.25,27.06,27.44,-0.39,-0.42,N
1892,5,1892.33,27.12,27.57,-0.46,-0.47,N
1892,6,1892.42,26.69,27.25,-0.56,-0.6,L
1892,7,1892.50,25.95,26.75,-0.8,-0.8,L
1892,8,1892.58,25.32,26.36,-1.04,-1.03,L
1892,9,1892.67,25.06,26.3,-1.25,-1.3,L
1892,10,1892.75,24.63,26.23,-1.6,-1.46,L
1892,11,1892.83,24.76,26.3,-1.54,-1.54,L
1892,12,1892.92,24.91,26.39,-1.47,-1.44,L
1893,1,1893.00,25.03,26.34,-1.3,-1.32,L
1893,2,1893.08,25.31,26.48,-1.17,-1.22,L
1893,3,1893.17,25.7,26.87,-1.17,-1.17,L
1893,4,1893.25,26.29,27.44,-1.16,-1.09,L
1893,5,1893.33,26.62,27.57,-0.95,-0.98,L
1893,6,1893.42,26.42,27.25,-0.83,-0.91,L
1893,7,1893.50,25.79,26.75,-0.96,-0.98,L
1893,8,1893.58,25.21,26.36,-1.15,-1.08,L
1893,9,1893.67,25.18,26.3,-1.12,-1.23,L
1893,10,1893.75,24.82,26.23,-1.41,-1.27,L
1893,11,1893.83,25.04,26.3,-1.26,-1.33,L
1893,12,1893.92,25.07,26.39,-1.31,-1.28,L
1894,1,1894.00,25.06,26.34,-1.28,-1.29,L
1894,2,1894.08,25.2,26.48,-1.28,-1.28,L
1894,3,1894.17,25.57,26.87,-1.29,-1.23,L
1894,4,1894.25,26.32,27.44,-1.12,-1.11,L
1894,5,1894.33,26.66,27.57,-0.92,-0.89,L
1894,6,1894.42,26.61,27.25,-0.64,-0.85,L
1894,7,1894.50,25.75,26.75,-1.01,-0.8,L
1894,8,1894.58,25.61,26.36,-0.75,-0.89,L
1894,9,1894.67,25.37,26.3,-0.93,-0.83,L
1894,10,1894.75,25.41,26.23,-0.82,-0.89,L
1894,11,1894.83,25.39,26.3,-0.91,-0.79,L
1894,12,1894.92,25.73,26.39,-0.65,-0.73,L
1895,1,1895.00,25.72,26.34,-0.61,-0.69,L
1895,2,1895.08,25.68,26.48,-0.81,-0.66,L
1895,3,1895.17,26.29,26.87,-0.57,-0.58,L
1895,4,1895.25,27.08,27.44,-0.37,-0.2,N
1895,5,1895.33,27.9,27.57,0.33,0.02,N
1895,6,1895.42,27.36,27.25,0.11,0.21,N
1895,7,1895.50,26.93,26.75,0.18,0.16,N
1895,8,1895.58,26.54,26.36,0.18,0.27,N
1895,9,1895.67,26.77,26.3,0.46,0.39,N
1895,10,1895.75,26.77,26.23,0.54,0.49,N
1895,11,1895.83,26.76,26.3,0.46,0.49,N
1895,12,1895.92,26.85,26.39,0.47,0.42,N
1896,1,1896.00,26.56,26.22,0.34,0.42,N
1896,2,1896.08,26.76,26.32,0.44,0.45,N
1896,3,1896.17,27.3,26.74,0.56,0.5,E
1896,4,1896.25,27.86,27.35,0.51,0.47,N
1896,5,1896.33,27.82,27.47,0.35,0.56,E
1896,6,1896.42,27.98,27.16,0.81,0.84,E
1896,7,1896.50,28.01,26.64,1.37,1.2,E
1896,8,1896.58,27.62,26.21,1.41,1.39,E
1896,9,1896.67,27.51,26.13,1.39,1.44,E
1896,10,1896.75,27.58,26.07,1.52,1.65,E
1896,11,1896.83,28.18,26.13,2.06,1.85,E
1896,12,1896.92,28.15,26.17,1.98,1.93,E
1897,1,1897.00,27.96,26.22,1.74,1.68,E
1897,2,1897.08,27.64,26.32,1.32,1.28,E
1897,3,1897.17,27.5,26.74,0.76,0.75,E
1897,4,1897.25,27.51,27.35,0.16,0.32,N
1897,5,1897.33,27.51,27.47,0.03,0.08,N
1897,6,1897.42,27.2,27.16,0.04,0.09,N
1897,7,1897.50,26.83,26.64,0.19,0.09,N
1897,8,1897.58,26.24,26.21,0.04,0.11,N
1897,9,1897.67,26.24,26.13,0.11,-0.01,N
1897,10,1897.75,25.89,26.07,-0.18,-0.31,N
1897,11,1897.83,25.26,26.13,-0.86,-0.46,N
1897,12,1897.92,25.82,26.17,-0.34,-0.42,N
1898,1,1898.00,26.16,26.22,-0.06,-0.24,N
1898,2,1898.08,26.01,26.32,-0.31,-0.4,N
1898,3,1898.17,25.91,26.74,-0.83,-0.51,L
1898,4,1898.25,26.97,27.35,-0.38,-0.46,N
1898,5,1898.33,27.32,27.47,-0.16,-0.24,N
1898,6,1898.42,26.97,27.16,-0.19,-0.32,N
1898,7,1898.50,26.03,26.64,-0.61,-0.54,L
1898,8,1898.58,25.39,26.21,-0.82,-0.7,L
1898,9,1898.67,25.47,26.13,-0.66,-0.68,L
1898,10,1898.75,25.5,26.07,-0.57,-0.64,L
1898,11,1898.83,25.42,26.13,-0.7,-0.73,L
1898,12,1898.92,25.24,26.17,-0.93,-0.73,L
1899,1,1899.00,25.67,26.22,-0.55,-0.73,L
1899,2,1899.08,25.62,26.32,-0.7,-0.54,L
1899,3,1899.17,26.38,26.74,-0.37,-0.3,N
1899,4,1899.25,27.51,27.35,0.17,-0.05,N
1899,5,1899.33,27.52,27.47,0.04,0.06,N
1899,6,1899.42,27.13,27.16,-0.03,0.1,N
1899,7,1899.50,26.93,26.64,0.29,0.27,N
1899,8,1899.58,26.76,26.21,0.55,0.49,N
1899,9,1899.67,26.77,26.13,0.64,0.67,E
1899,10,1899.75,26.89,26.07,0.82,0.95,E
1899,11,1899.83,27.51,26.13,1.38,1.26,E
1899,12,1899.92,27.75,26.17,1.58,1.49,E
1900,1,1900.00,27.74,26.22,1.52,1.56,E
1900,2,1900.08,27.89,26.32,1.57,1.51,E
1900,3,1900.17,28.18,26.74,1.44,1.37,E
1900,4,1900.25,28.46,27.35,1.11,1.25,E
1900,5,1900.33,28.67,27.47,1.2,1.1,E
1900,6,1900.42,28.14,27.16,0.98,1.06,E
1900,7,1900.50,27.63,26.64,0.99,0.85,E
1900,8,1900.58,26.78,26.21,0.57,0.67,E
1900,9,1900.67,26.57,26.13,0.44,0.53,E
1900,10,1900.75,26.63,26.07,0.57,0.47,N
1900,11,1900.83,26.51,26.13,0.38,0.46,N
1900,12,1900.92,26.59,26.17,0.42,0.44,N
1901,1,1901.00,26.8,26.28,0.52,0.51,E
1901,2,1901.08,26.94,26.34,0.59,0.45,N
1901,3,1901.17,26.99,26.74,0.25,0.34,N
1901,4,1901.25,27.51,27.33,0.18,0.06,N
1901,5,1901.33,27.24,27.49,-0.25,-0.15,N
1901,6,1901.42,26.81,27.18,-0.37,-0.34,N
1901,7,1901.50,26.31,26.69,-0.38,-0.34,N
1901,8,1901.58,25.98,26.26,-0.28,-0.3,N
1901,9,1901.67,25.89,26.13,-0.23,-0.28,N
1901,10,1901.75,25.76,26.09,-0.33,-0.23,N
1901,11,1901.83,26.02,26.14,-0.12,-0.19,N
1901,12,1901.92,26.08,26.2,-0.12,-0.07,N
1902,1,1902.00,26.31,26.28,0.03,0,N
1902,2,1902.08,26.42,26.34,0.08,0.17,N
1902,3,1902.17,27.14,26.74,0.41,0.46,N
1902,4,1902.25,28.21,27.33,0.89,0.67,E
1902,5,1902.33,28.21,27.49,0.72,0.92,E
1902,6,1902.42,28.34,27.18,1.16,1.17,E
1902,7,1902.50,28.34,26.69,1.65,1.58,E
1902,8,1902.58,28.18,26.26,1.93,1.91,E
1902,9,1902.67,28.28,26.13,2.15,2.14,E
1902,10,1902.75,28.42,26.09,2.33,2.26,E
1902,11,1902.83,28.42,26.14,2.29,2.14,E
1902,12,1902.92,28.02,26.2,1.82,1.89,E
1903,1,1903.00,27.86,26.28,1.57,1.63,E
1903,2,1903.08,27.83,26.34,1.48,1.36,E
1903,3,1903.17,27.77,26.74,1.03,0.94,E
1903,4,1903.25,27.65,27.33,0.32,0.44,N
1903,5,1903.33,27.46,27.49,-0.04,0.05,N
1903,6,1903.42,27.06,27.18,-0.12,-0.2,N
1903,7,1903.50,26.25,26.69,-0.43,-0.56,L
1903,8,1903.58,25.12,26.26,-1.14,-0.87,L
1903,9,1903.67,25.09,26.13,-1.04,-1.09,L
1903,10,1903.75,25,26.09,-1.09,-1.1,L
1903,11,1903.83,24.95,26.14,-1.18,-1.12,L
1903,12,1903.92,25.11,26.2,-1.09,-1.28,L
1904,1,1904.00,24.72,26.28,-1.56,-1.38,L
1904,2,1904.08,24.85,26.34,-1.5,-1.46,L
1904,3,1904.17,25.41,26.74,-1.33,-1.14,L
1904,4,1904.25,26.74,27.33,-0.59,-0.73,L
1904,5,1904.33,27.21,27.49,-0.29,-0.3,N
1904,6,1904.42,27.15,27.18,-0.03,-0.07,N
1904,7,1904.50,26.78,26.69,0.09,0.09,N
1904,8,1904.58,26.47,26.26,0.22,0.16,N
1904,9,1904.67,26.31,26.13,0.18,0.27,N
1904,10,1904.75,26.51,26.09,0.42,0.48,N
1904,11,1904.83,26.97,26.14,0.84,0.74,E
1904,12,1904.92,27.16,26.2,0.96,0.9,E
1905,1,1905.00,27.19,26.28,0.9,0.98,E
1905,2,1905.08,27.43,26.34,1.09,1.06,E
1905,3,1905.17,27.91,26.74,1.17,1.15,E
1905,4,1905.25,28.51,27.33,1.18,1.19,E
1905,5,1905.33,28.7,27.49,1.21,1.21,E
1905,6,1905.42,28.43,27.18,1.25,1.31,E
1905,7,1905.50,28.15,26.69,1.46,1.45,E
1905,8,1905.58,27.91,26.26,1.65,1.65,E
1905,9,1905.67,27.95,26.13,1.82,1.62,E
1905,10,1905.75,27.47,26.09,1.38,1.46,E
1905,11,1905.83,27.32,26.14,1.18,1.25,E
1905,12,1905.92,27.39,26.2,1.19,1.11,E
1906,1,1906.00,27.22,26.25,0.97,0.92,E
1906,2,1906.08,26.93,26.35,0.59,0.7,E
1906,3,1906.17,27.28,26.73,0.55,0.43,N
1906,4,1906.25,27.4,27.25,0.14,0.16,N
1906,5,1906.33,27.26,27.48,-0.22,-0.16,N
1906,6,1906.42,26.77,27.18,-0.41,-0.39,N
1906,7,1906.50,26.18,26.73,-0.55,-0.58,L
1906,8,1906.58,25.46,26.24,-0.78,-0.62,L
1906,9,1906.67,25.59,26.12,-0.53,-0.51,L
1906,10,1906.75,25.88,26.09,-0.21,-0.4,N
1906,11,1906.83,25.67,26.13,-0.46,-0.5,N
1906,12,1906.92,25.39,26.21,-0.82,-0.73,L
1907,1,1907.00,25.35,26.25,-0.9,-0.86,L
1907,2,1907.08,25.49,26.35,-0.86,-0.8,L
1907,3,1907.17,26.1,26.73,-0.64,-0.63,L
1907,4,1907.25,26.85,27.25,-0.41,-0.42,N
1907,5,1907.33,27.26,27.48,-0.22,-0.23,N
1907,6,1907.42,27.11,27.18,-0.07,-0.13,N
1907,7,1907.50,26.62,26.73,-0.1,0.07,N
1907,8,1907.58,26.62,26.24,0.38,0.15,N
1907,9,1907.67,26.3,26.12,0.17,0.27,N
1907,10,1907.75,26.35,26.09,0.26,0.12,N
1907,11,1907.83,26.06,26.13,-0.08,-0.01,N
1907,12,1907.92,26.01,26.21,-0.2,-0.06,N
1908,1,1908.00,26.33,26.25,0.08,0,N
1908,2,1908.08,26.46,26.35,0.11,0.04,N
1908,3,1908.17,26.67,26.73,-0.06,-0.2,N
1908,4,1908.25,26.59,27.25,-0.66,-0.46,N
1908,5,1908.33,26.81,27.48,-0.67,-0.61,L
1908,6,1908.42,26.68,27.18,-0.5,-0.51,L
1908,7,1908.50,26.37,26.73,-0.36,-0.43,N
1908,8,1908.58,25.8,26.24,-0.44,-0.47,N
1908,9,1908.67,25.5,26.12,-0.63,-0.63,L
1908,10,1908.75,25.27,26.09,-0.82,-0.77,L
1908,11,1908.83,25.26,26.13,-0.87,-1.01,L
1908,12,1908.92,24.87,26.21,-1.34,-1.24,L
1909,1,1909.00,24.73,26.25,-1.52,-1.34,L
1909,2,1909.08,25.2,26.35,-1.15,-1.06,L
1909,3,1909.17,26.21,26.73,-0.52,-0.75,L
1909,4,1909.25,26.66,27.25,-0.6,-0.58,L
1909,5,1909.33,26.85,27.48,-0.63,-0.62,L
1909,6,1909.42,26.55,27.18,-0.64,-0.66,L
1909,7,1909.50,26.02,26.73,-0.7,-0.66,L
1909,8,1909.58,25.6,26.24,-0.64,-0.86,L
1909,9,1909.67,24.89,26.12,-1.23,-1.07,L
1909,10,1909.75,24.76,26.09,-1.33,-1.28,L
1909,11,1909.83,24.87,26.13,-1.26,-1.32,L
1909,12,1909.92,24.83,26.21,-1.37,-1.39,L
1910,1,1910.00,24.72,26.25,-1.53,-1.48,L
1910,2,1910.08,24.8,26.35,-1.55,-1.59,L
1910,3,1910.17,25.04,26.73,-1.7,-1.4,L
1910,4,1910.25,26.3,27.25,-0.95,-1.17,L
1910,5,1910.33,26.62,27.48,-0.86,-0.86,L
1910,6,1910.42,26.42,27.18,-0.76,-0.86,L
1910,7,1910.50,25.77,26.73,-0.96,-0.9,L
1910,8,1910.58,25.27,26.24,-0.97,-1.01,L
1910,9,1910.67,25.02,26.12,-1.1,-1.01,L
1910,10,1910.75,25.14,26.09,-0.95,-0.97,L
1910,11,1910.83,25.27,26.13,-0.87,-0.97,L
1910,12,1910.92,25.12,26.21,-1.09,-1.03,L
1911,1,1911.00,25.14,26.29,-1.15,-1.05,L
1911,2,1911.08,25.41,26.32,-0.91,-0.94,L
1911,3,1911.17,26,26.77,-0.77,-0.73,L
1911,4,1911.25,26.72,27.22,-0.5,-0.57,L
1911,5,1911.33,27.03,27.47,-0.44,-0.25,N
1911,6,1911.42,27.33,27.15,0.18,0.09,N
1911,7,1911.50,27.27,26.74,0.53,0.45,N
1911,8,1911.58,26.92,26.29,0.63,0.51,E
1911,9,1911.67,26.55,26.17,0.38,0.72,E
1911,10,1911.75,27.34,26.2,1.14,0.89,E
1911,11,1911.83,27.4,26.26,1.14,1.2,E
1911,12,1911.92,27.62,26.31,1.31,1.26,E
1912,1,1912.00,27.63,26.29,1.34,1.33,E
1912,2,1912.08,27.64,26.32,1.32,1.32,E
1912,3,1912.17,28.06,26.77,1.29,1.18,E
1912,4,1912.25,28.16,27.22,0.94,0.93,E
1912,5,1912.33,28.05,27.47,0.58,0.51,E
1912,6,1912.42,27.15,27.15,0,0.16,N
1912,7,1912.50,26.65,26.74,-0.09,0.03,N
1912,8,1912.58,26.48,26.29,0.19,-0.11,N
1912,9,1912.67,25.75,26.17,-0.42,-0.25,N
1912,10,1912.75,25.69,26.2,-0.51,-0.55,L
1912,11,1912.83,25.55,26.26,-0.71,-0.64,L
1912,12,1912.92,25.59,26.31,-0.71,-0.63,L
1913,1,1913.00,25.83,26.29,-0.46,-0.47,N
1913,2,1913.08,26.07,26.32,-0.25,-0.31,N
1913,3,1913.17,26.55,26.77,-0.22,-0.13,N
1913,4,1913.25,27.32,27.22,0.1,0.03,N
1913,5,1913.33,27.67,27.47,0.2,0.19,N
1913,6,1913.42,27.41,27.15,0.25,0.24,N
1913,7,1913.50,26.99,26.74,0.25,0.25,N
1913,8,1913.58,26.54,26.29,0.25,0.21,N
1913,9,1913.67,26.29,26.17,0.12,0.15,N
1913,10,1913.75,26.28,26.2,0.08,0.27,N
1913,11,1913.83,26.86,26.26,0.6,0.59,E
1913,12,1913.92,27.4,26.31,1.1,0.98,E
1914,1,1914.00,27.52,26.29,1.23,1.08,E
1914,2,1914.08,27.24,26.32,0.92,0.99,E
1914,3,1914.17,27.6,26.77,0.83,0.76,E
1914,4,1914.25,27.75,27.22,0.53,0.71,E
1914,5,1914.33,28.24,27.47,0.77,0.59,E
1914,6,1914.42,27.63,27.15,0.48,0.71,E
1914,7,1914.50,27.62,26.74,0.88,0.81,E
1914,8,1914.58,27.37,26.29,1.08,1.16,E
1914,9,1914.67,27.68,26.17,1.51,1.41,E
1914,10,1914.75,27.85,26.2,1.65,1.47,E
1914,11,1914.83,27.5,26.26,1.24,1.44,E
1914,12,1914.92,27.75,26.31,1.44,1.37,E
1915,1,1915.00,27.7,26.29,1.41,1.4,E
1915,2,1915.08,27.65,26.32,1.34,1.15,E
1915,3,1915.17,27.49,26.77,0.72,1.07,E
1915,4,1915.25,28.37,27.22,1.15,0.99,E
1915,5,1915.33,28.57,27.47,1.1,1,E
1915,6,1915.42,27.91,27.15,0.76,0.68,E
1915,7,1915.50,26.91,26.74,0.17,0.24,N
1915,8,1915.58,26.07,26.29,-0.22,-0.14,N
1915,9,1915.67,25.78,26.17,-0.39,-0.49,N
1915,10,1915.75,25.35,26.2,-0.85,-0.82,L
1915,11,1915.83,25.05,26.26,-1.21,-1.09,L
1915,12,1915.92,25.1,26.31,-1.21,-0.96,L
1916,1,1916.00,25.78,26.23,-0.45,-0.73,L
1916,2,1916.08,25.74,26.28,-0.54,-0.38,N
1916,3,1916.17,26.63,26.77,-0.14,-0.55,L
1916,4,1916.25,26.2,27.17,-0.98,-0.51,L
1916,5,1916.33,27.01,27.42,-0.41,-0.75,L
1916,6,1916.42,26.24,27.12,-0.88,-0.58,L
1916,7,1916.50,26.24,26.71,-0.47,-0.69,L
1916,8,1916.58,25.56,26.28,-0.72,-0.73,L
1916,9,1916.67,25.13,26.15,-1.02,-1.18,L
1916,10,1916.75,24.36,26.18,-1.82,-1.71,L
1916,11,1916.83,23.92,26.22,-2.3,-2.11,L
1916,12,1916.92,24.05,26.25,-2.21,-2.3,L
1917,1,1917.00,23.83,26.23,-2.4,-2.09,L
1917,2,1917.08,24.62,26.28,-1.66,-1.8,L
1917,3,1917.17,25.43,26.77,-1.34,-1.21,L
1917,4,1917.25,26.55,27.17,-0.63,-0.89,L
1917,5,1917.33,26.71,27.42,-0.71,-0.74,L
1917,6,1917.42,26.25,27.12,-0.87,-0.87,L
1917,7,1917.50,25.68,26.71,-1.02,-1.08,L
1917,8,1917.58,24.93,26.28,-1.35,-1.14,L
1917,9,1917.67,25.1,26.15,-1.05,-1.4,L
1917,10,1917.75,24.36,26.18,-1.81,-1.53,L
1917,11,1917.83,24.5,26.22,-1.72,-1.56,L
1917,12,1917.92,25.11,26.25,-1.15,-1.2,L
1918,1,1918.00,25.49,26.23,-0.74,-0.74,L
1918,2,1918.08,25.96,26.28,-0.32,-0.59,L
1918,3,1918.17,26.06,26.77,-0.71,-0.48,N
1918,4,1918.25,26.75,27.17,-0.42,-0.3,N
1918,5,1918.33,27.65,27.42,0.23,0.13,N
1918,6,1918.42,27.7,27.12,0.58,0.36,N
1918,7,1918.50,26.97,26.71,0.27,0.46,N
1918,8,1918.58,26.82,26.28,0.54,0.5,E
1918,9,1918.67,26.86,26.15,0.71,0.92,E
1918,10,1918.75,27.69,26.18,1.51,1.45,E
1918,11,1918.83,28.37,26.22,2.14,1.86,E
1918,12,1918.92,28.18,26.25,1.93,1.89,E
1919,1,1919.00,27.83,26.23,1.6,1.58,E
1919,2,1919.08,27.49,26.28,1.21,1.35,E
1919,3,1919.17,28,26.77,1.23,0.67,E
1919,4,1919.25,26.74,27.17,-0.43,0.2,N
1919,5,1919.33,27.22,27.42,-0.2,-0.34,N
1919,6,1919.42,26.74,27.12,-0.38,-0.29,N
1919,7,1919.50,26.41,26.71,-0.3,-0.5,N
1919,8,1919.58,25.46,26.28,-0.82,-0.32,N
1919,9,1919.67,26.32,26.15,0.17,0.01,N
1919,10,1919.75,26.85,26.18,0.68,0.39,N
1919,11,1919.83,26.54,26.22,0.31,0.66,E
1919,12,1919.92,27.24,26.25,0.99,0.68,E
1920,1,1920.00,26.97,26.23,0.74,0.91,E
1920,2,1920.08,27.29,26.28,1.01,0.8,E
1920,3,1920.17,27.42,26.77,0.65,0.65,E
1920,4,1920.25,27.47,27.17,0.29,0.29,N
1920,5,1920.33,27.33,27.42,-0.09,0.2,N
1920,6,1920.42,27.5,27.12,0.38,0.28,N
1920,7,1920.50,27.27,26.71,0.56,0.47,N
1920,8,1920.58,26.76,26.28,0.48,0.36,N
1920,9,1920.67,26.19,26.15,0.04,0.08,N
1920,10,1920.75,25.89,26.18,-0.29,-0.11,N
1920,11,1920.83,26.14,26.22,-0.08,-0.26,N
1920,12,1920.92,25.84,26.25,-0.41,-0.26,N
1921,1,1921.00,25.82,26.12,-0.3,-0.62,L
1921,2,1921.08,25.05,26.2,-1.14,-1.13,L
1921,3,1921.17,24.76,26.71,-1.95,-1.48,L
1921,4,1921.25,25.73,27.08,-1.35,-1.25,L
1921,5,1921.33,26.89,27.35,-0.46,-0.78,L
1921,6,1921.42,26.52,27.04,-0.52,-0.31,N
1921,7,1921.50,26.67,26.61,0.06,0.03,N
1921,8,1921.58,26.72,26.16,0.55,0.4,N
1921,9,1921.67,26.59,25.99,0.6,0.79,E
1921,10,1921.75,27.22,26.01,1.21,1.06,E
1921,11,1921.83,27.41,26.04,1.37,1.14,E
1921,12,1921.92,26.9,26.05,0.84,0.92,E
1922,1,1922.00,26.66,26.12,0.54,0.32,N
1922,2,1922.08,25.78,26.2,-0.42,0.07,N
1922,3,1922.17,26.8,26.71,0.09,-0.26,N
1922,4,1922.25,26.62,27.08,-0.46,-0.16,N
1922,5,1922.33,27.22,27.35,-0.13,-0.34,N
1922,6,1922.42,26.61,27.04,-0.43,-0.46,N
1922,7,1922.50,25.78,26.61,-0.83,-0.76,L
1922,8,1922.58,25.15,26.16,-1.02,-0.95,L
1922,9,1922.67,24.97,25.99,-1.02,-0.99,L
1922,10,1922.75,25.07,26.01,-0.95,-0.79,L
1922,11,1922.83,25.64,26.04,-0.4,-0.64,L
1922,12,1922.92,25.46,26.05,-0.59,-0.59,L
1923,1,1923.00,25.34,26.12,-0.78,-0.72,L
1923,2,1923.08,25.41,26.2,-0.78,-0.49,N
1923,3,1923.17,26.79,26.71,0.08,-0.19,N
1923,4,1923.25,27.21,27.08,0.14,0.15,N
1923,5,1923.33,27.57,27.35,0.22,0.25,N
1923,6,1923.42,27.43,27.04,0.39,0.3,N
1923,7,1923.50,26.9,26.61,0.29,0.41,N
1923,8,1923.58,26.72,26.16,0.56,0.55,E
1923,9,1923.67,26.79,25.99,0.8,0.8,E
1923,10,1923.75,27.05,26.01,1.04,0.96,E
1923,11,1923.83,27.08,26.04,1.04,1.03,E
1923,12,1923.92,27.07,26.05,1.01,0.98,E
1924,1,1924.00,27,26.12,0.88,0.87,E
1924,2,1924.08,26.91,26.2,0.71,0.73,E
1924,3,1924.17,27.32,26.71,0.61,0.54,E
1924,4,1924.25,27.38,27.08,0.3,0.28,N
1924,5,1924.33,27.28,27.35,-0.07,-0.1,N
1924,6,1924.42,26.52,27.04,-0.52,-0.49,N
1924,7,1924.50,25.73,26.61,-0.88,-0.77,L
1924,8,1924.58,25.26,26.16,-0.9,-0.95,L
1924,9,1924.67,24.93,25.99,-1.06,-1.07,L
1924,10,1924.75,24.78,26.01,-1.23,-1.22,L
1924,11,1924.83,24.67,26.04,-1.37,-1.34,L
1924,12,1924.92,24.63,26.05,-1.42,-1.39,L
1925,1,1925.00,24.74,26.12,-1.38,-1.34,L
1925,2,1925.08,24.98,26.2,-1.22,-0.96,L
1925,3,1925.17,26.43,26.71,-0.27,-0.53,L
1925,4,1925.25,26.97,27.08,-0.11,-0.2,N
1925,5,1925.33,27.11,27.35,-0.24,-0.17,N
1925,6,1925.42,26.87,27.04,-0.16,-0.05,N
1925,7,1925.50,26.87,26.61,0.26,0.23,N
1925,8,1925.58,26.76,26.16,0.6,0.55,E
1925,9,1925.67,26.79,25.99,0.8,0.84,E
1925,10,1925.75,27.12,26.01,1.11,1.13,E
1925,11,1925.83,27.53,26.04,1.49,1.42,E
1925,12,1925.92,27.71,26.05,1.66,1.58,E
1926,1,1926.00,27.74,26.14,1.6,1.52,E
1926,2,1926.08,27.55,26.24,1.3,1.42,E
1926,3,1926.17,28.17,26.81,1.36,1.3,E
1926,4,1926.25,28.37,27.15,1.22,1.09,E
1926,5,1926.33,28.11,27.43,0.69,0.8,E
1926,6,1926.42,27.58,27.1,0.48,0.48,N
1926,7,1926.50,26.93,26.67,0.26,0.25,N
1926,8,1926.58,26.26,26.27,0,-0.05,N
1926,9,1926.67,25.73,26.13,-0.4,-0.44,N
1926,10,1926.75,25.22,26.13,-0.91,-0.73,L
1926,11,1926.83,25.29,26.17,-0.88,-0.83,L
1926,12,1926.92,25.55,26.23,-0.68,-0.68,L
1927,1,1927.00,25.67,26.14,-0.47,-0.46,N
1927,2,1927.08,26.01,26.24,-0.23,-0.33,N
1927,3,1927.17,26.51,26.81,-0.3,-0.33,N
1927,4,1927.25,26.7,27.15,-0.45,-0.41,N
1927,5,1927.33,26.93,27.43,-0.5,-0.34,N
1927,6,1927.42,27.01,27.1,-0.09,-0.24,N
1927,7,1927.50,26.54,26.67,-0.13,-0.1,N
1927,8,1927.58,26.19,26.27,-0.07,0.02,N
1927,9,1927.67,26.38,26.13,0.26,0.22,N
1927,10,1927.75,26.6,26.13,0.47,0.3,N
1927,11,1927.83,26.34,26.17,0.17,0.23,N
1927,12,1927.92,26.28,26.23,0.06,0.2,N
1928,1,1928.00,26.51,26.14,0.37,0.23,N
1928,2,1928.08,26.5,26.24,0.26,0.19,N
1928,3,1928.17,26.76,26.81,-0.05,0.08,N
1928,4,1928.25,27.17,27.15,0.03,-0.02,N
1928,5,1928.33,27.37,27.43,-0.05,-0.07,N
1928,6,1928.42,26.92,27.1,-0.17,-0.03,N
1928,7,1928.50,26.79,26.67,0.12,0.02,N
1928,8,1928.58,26.38,26.27,0.11,0.08,N
1928,9,1928.67,26.13,26.13,0.01,-0.02,N
1928,10,1928.75,25.95,26.13,-0.18,-0.11,N
1928,11,1928.83,26,26.17,-0.17,-0.18,N
1928,12,1928.92,26.04,26.23,-0.19,-0.25,N
1929,1,1929.00,25.76,26.14,-0.38,-0.32,N
1929,2,1929.08,25.87,26.24,-0.38,-0.33,N
1929,3,1929.17,26.57,26.81,-0.24,-0.26,N
1929,4,1929.25,26.99,27.15,-0.16,-0.21,N
1929,5,1929.33,27.18,27.43,-0.25,-0.15,N
1929,6,1929.42,27.04,27.1,-0.06,-0.07,N
1929,7,1929.50,26.76,26.67,0.09,0.04,N
1929,8,1929.58,26.36,26.27,0.09,0.15,N
1929,9,1929.67,26.4,26.13,0.27,0.21,N
1929,10,1929.75,26.39,26.13,0.26,0.26,N
1929,11,1929.83,26.41,26.17,0.24,0.26,N
1929,12,1929.92,26.51,26.23,0.28,0.35,N
1930,1,1930.00,26.67,26.14,0.53,0.49,N
1930,2,1930.08,26.9,26.24,0.65,0.54,E
1930,3,1930.17,27.24,26.81,0.43,0.53,E
1930,4,1930.25,27.64,27.15,0.49,0.43,N
1930,5,1930.33,27.8,27.43,0.38,0.58,E
1930,6,1930.42,27.98,27.1,0.88,0.69,E
1930,7,1930.50,27.49,26.67,0.82,0.87,E
1930,8,1930.58,27.18,26.27,0.91,0.99,E
1930,9,1930.67,27.36,26.13,1.23,1.21,E
1930,10,1930.75,27.64,26.13,1.5,1.43,E
1930,11,1930.83,27.71,26.17,1.54,1.48,E
1930,12,1930.92,27.62,26.23,1.39,1.5,E
1931,1,1931.00,27.61,26.06,1.56,1.48,E
1931,2,1931.08,27.69,26.19,1.5,1.32,E
1931,3,1931.17,27.7,26.79,0.91,1.12,E
1931,4,1931.25,28.07,27.13,0.94,0.84,E
1931,5,1931.33,28.09,27.4,0.69,0.72,E
1931,6,1931.42,27.59,27.06,0.54,0.55,E
1931,7,1931.50,27.03,26.61,0.42,0.39,N
1931,8,1931.58,26.39,26.2,0.2,0.07,N
1931,9,1931.67,25.64,26.05,-0.41,-0.29,N
1931,10,1931.75,25.32,25.97,-0.65,-0.58,L
1931,11,1931.83,25.42,26.09,-0.67,-0.65,L
1931,12,1931.92,25.48,26.11,-0.63,-0.62,L
1932,1,1932.00,25.48,26.06,-0.57,-0.48,N
1932,2,1932.08,25.94,26.19,-0.25,-0.25,N
1932,3,1932.17,26.87,26.79,0.08,0.09,N
1932,4,1932.25,27.57,27.13,0.44,0.29,N
1932,5,1932.33,27.76,27.4,0.36,0.39,N
1932,6,1932.42,27.44,27.06,0.38,0.35,N
1932,7,1932.50,26.92,26.61,0.31,0.25,N
1932,8,1932.58,26.25,26.2,0.05,0.09,N
1932,9,1932.67,25.95,26.05,-0.1,-0.01,N
1932,10,1932.75,25.98,25.97,0.01,-0.06,N
1932,11,1932.83,25.98,26.09,-0.1,-0.17,N
1932,12,1932.92,25.69,26.11,-0.42,-0.31,N
1933,1,1933.00,25.65,26.06,-0.41,-0.43,N
1933,2,1933.08,25.73,26.19,-0.47,-0.47,N
1933,3,1933.17,26.27,26.79,-0.53,-0.45,N
1933,4,1933.25,26.78,27.13,-0.35,-0.5,N
1933,5,1933.33,26.79,27.4,-0.61,-0.6,L
1933,6,1933.42,26.23,27.06,-0.83,-0.82,L
1933,7,1933.50,25.6,26.61,-1.01,-0.99,L
1933,8,1933.58,25.05,26.2,-1.15,-1.09,L
1933,9,1933.67,24.92,26.05,-1.13,-1.18,L
1933,10,1933.75,24.69,25.97,-1.28,-1.3,L
1933,11,1933.83,24.6,26.09,-1.49,-1.41,L
1933,12,1933.92,24.65,26.11,-1.46,-1.33,L
1934,1,1934.00,25.01,26.06,-1.05,-1.07,L
1934,2,1934.08,25.5,26.19,-0.7,-0.86,L
1934,3,1934.17,25.96,26.79,-0.84,-0.7,L
1934,4,1934.25,26.58,27.13,-0.56,-0.56,L
1934,5,1934.33,27.1,27.4,-0.3,-0.27,N
1934,6,1934.42,27.11,27.06,0.05,-0.03,N
1934,7,1934.50,26.75,26.61,0.14,0.09,N
1934,8,1934.58,26.27,26.2,0.08,-0.01,N
1934,9,1934.67,25.81,26.05,-0.24,-0.05,N
1934,10,1934.75,25.98,25.97,0.02,-0.11,N
1934,11,1934.83,25.96,26.09,-0.12,-0.09,N
1934,12,1934.92,25.94,26.11,-0.16,-0.17,N
1935,1,1935.00,25.82,26.06,-0.24,-0.18,N
1935,2,1935.08,26.05,26.19,-0.14,-0.2,N
1935,3,1935.17,26.57,26.79,-0.23,-0.25,N
1935,4,1935.25,26.75,27.13,-0.38,-0.33,N
1935,5,1935.33,27.02,27.4,-0.38,-0.31,N
1935,6,1935.42,26.89,27.06,-0.17,-0.2,N
1935,7,1935.50,26.56,26.61,-0.05,-0.03,N
1935,8,1935.58,26.33,26.2,0.13,0.12,N
1935,9,1935.67,26.33,26.05,0.29,0.26,N
1935,10,1935.75,26.34,25.97,0.37,0.25,N
1935,11,1935.83,26.17,26.09,0.09,0.11,N
1935,12,1935.92,25.99,26.11,-0.12,-0.05,N
1936,1,1936.00,25.93,26.06,-0.12,-0.07,N
1936,2,1936.08,26.2,26.16,0.04,-0.07,N
1936,3,1936.17,26.63,26.76,-0.13,0,N
1936,4,1936.25,27.3,27.21,0.09,-0.03,N
1936,5,1936.33,27.39,27.42,-0.04,0.01,N
1936,6,1936.42,27.01,27.03,-0.02,-0.06,N
1936,7,1936.50,26.43,26.55,-0.13,-0.05,N
1936,8,1936.58,26.14,26.15,-0.02,0,N
1936,9,1936.67,26.14,25.99,0.15,0.08,N
1936,10,1936.75,26.01,25.9,0.11,0.02,N
1936,11,1936.83,25.77,25.98,-0.2,-0.18,N
1936,12,1936.92,25.63,26.06,-0.43,-0.39,N
1937,1,1937.00,25.51,26.06,-0.54,-0.32,N
1937,2,1937.08,26.17,26.16,0.01,-0.18,N
1937,3,1937.17,26.76,26.76,0,-0.06,N
1937,4,1937.25,27.01,27.21,-0.2,-0.14,N
1937,5,1937.33,27.21,27.42,-0.21,-0.1,N
1937,6,1937.42,27.15,27.03,0.11,-0.01,N
1937,7,1937.50,26.63,26.55,0.07,0.17,N
1937,8,1937.58,26.49,26.15,0.33,0.29,N
1937,9,1937.67,26.46,25.99,0.47,0.42,N
1937,10,1937.75,26.37,25.9,0.47,0.39,N
1937,11,1937.83,26.22,25.98,0.24,0.21,N
1937,12,1937.92,25.97,26.06,-0.09,-0.15,N
1938,1,1938.00,25.46,26.06,-0.59,-0.46,N
1938,2,1938.08,25.45,26.16,-0.71,-0.65,L
1938,3,1938.17,26.12,26.76,-0.64,-0.73,L
1938,4,1938.25,26.36,27.21,-0.85,-0.77,L
1938,5,1938.33,26.61,27.42,-0.81,-0.93,L
1938,6,1938.42,25.9,27.03,-1.13,-1.15,L
1938,7,1938.50,25.05,26.55,-1.51,-1.36,L
1938,8,1938.58,24.71,26.15,-1.45,-1.28,L
1938,9,1938.67,25.11,25.99,-0.88,-0.97,L
1938,10,1938.75,25.31,25.9,-0.59,-0.75,L
1938,11,1938.83,25.21,25.98,-0.77,-0.8,L
1938,12,1938.92,25.02,26.06,-1.03,-1.02,L
1939,1,1939.00,24.81,26.06,-1.25,-1.11,L
1939,2,1939.08,25.1,26.16,-1.06,-0.84,L
1939,3,1939.17,26.54,26.76,-0.22,-0.42,N
1939,4,1939.25,27.22,27.21,0.01,0.01,N
1939,5,1939.33,27.66,27.42,0.23,0.18,N
1939,6,1939.42,27.34,27.03,0.31,0.37,N
1939,7,1939.50,27.13,26.55,0.57,0.54,E
1939,8,1939.58,26.88,26.15,0.73,0.55,E
1939,9,1939.67,26.35,25.99,0.36,0.5,N
1939,10,1939.75,26.3,25.9,0.4,0.23,N
1939,11,1939.83,25.92,25.98,-0.06,0.21,N
1939,12,1939.92,26.35,26.06,0.29,0.48,N
1940,1,1940.00,27.27,26.06,1.22,0.93,E
1940,2,1940.08,27.44,26.16,1.28,1.3,E
1940,3,1940.17,28.17,26.76,1.42,1.15,E
1940,4,1940.25,27.97,27.21,0.76,0.98,E
1940,5,1940.33,28.2,27.42,0.78,0.8,E
1940,6,1940.42,27.89,27.03,0.86,0.86,E
1940,7,1940.50,27.51,26.55,0.95,1.09,E
1940,8,1940.58,27.61,26.15,1.45,1.26,E
1940,9,1940.67,27.37,25.99,1.38,1.32,E
1940,10,1940.75,27.02,25.9,1.12,1.48,E
1940,11,1940.83,27.93,25.98,1.96,1.83,E
1940,12,1940.92,28.46,26.06,2.41,2.21,E
1941,1,1941.00,28.38,26.11,2.27,2.36,E
1941,2,1941.08,28.69,26.3,2.39,2.14,E
1941,3,1941.17,28.59,26.85,1.75,1.81,E
1941,4,1941.25,28.58,27.3,1.28,1.42,E
1941,5,1941.33,28.73,27.48,1.25,1.2,E
1941,6,1941.42,28.18,27.11,1.07,1.12,E
1941,7,1941.50,27.66,26.62,1.04,1.07,E
1941,8,1941.58,27.26,26.17,1.09,1.05,E
1941,9,1941.67,27.03,26.02,1.01,1.17,E
1941,10,1941.75,27.28,25.86,1.42,1.37,E
1941,11,1941.83,27.58,25.9,1.69,1.56,E
1941,12,1941.92,27.59,26,1.59,1.4,E
1942,1,1942.00,27.03,26.11,0.92,1.04,E
1942,2,1942.08,26.9,26.3,0.6,0.7,E
1942,3,1942.17,27.43,26.85,0.59,0.6,E
1942,4,1942.25,27.91,27.3,0.6,0.45,N
1942,5,1942.33,27.63,27.48,0.15,0.21,N
1942,6,1942.42,26.99,27.11,-0.12,-0.27,N
1942,7,1942.50,25.78,26.62,-0.83,-0.7,L
1942,8,1942.58,25.04,26.17,-1.13,-1.14,L
1942,9,1942.67,24.57,26.02,-1.45,-1.31,L
1942,10,1942.75,24.52,25.86,-1.34,-1.4,L
1942,11,1942.83,24.48,25.9,-1.42,-1.43,L
1942,12,1942.92,24.46,26,-1.54,-1.58,L
1943,1,1943.00,24.33,26.11,-1.79,-1.68,L
1943,2,1943.08,24.59,26.3,-1.71,-1.55,L
1943,3,1943.17,25.71,26.85,-1.14,-1.18,L
1943,4,1943.25,26.62,27.3,-0.68,-0.71,L
1943,5,1943.33,27.17,27.48,-0.31,-0.29,N
1943,6,1943.42,27.23,27.11,0.12,0.01,N
1943,7,1943.50,26.85,26.62,0.23,0.24,N
1943,8,1943.58,26.54,26.17,0.37,0.19,N
1943,9,1943.67,25.99,26.02,-0.03,0.06,N
1943,10,1943.75,25.7,25.86,-0.16,-0.08,N
1943,11,1943.83,25.85,25.9,-0.04,-0.11,N
1943,12,1943.92,25.86,26,-0.14,-0.13,N
1944,1,1944.00,25.9,26.11,-0.21,-0.06,N
1944,2,1944.08,26.47,26.3,0.17,0.19,N
1944,3,1944.17,27.46,26.85,0.62,0.5,E
1944,4,1944.25,28.02,27.3,0.71,0.55,E
1944,5,1944.33,27.79,27.48,0.31,0.45,N
1944,6,1944.42,27.43,27.11,0.32,0.39,N
1944,7,1944.50,27.16,26.62,0.54,0.39,N
1944,8,1944.58,26.48,26.17,0.31,0.27,N
1944,9,1944.67,25.98,26.02,-0.05,-0.08,N
1944,10,1944.75,25.37,25.86,-0.49,-0.27,N
1944,11,1944.83,25.63,25.9,-0.26,-0.36,N
1944,12,1944.92,25.67,26,-0.33,-0.34,N
1945,1,1945.00,25.67,26.11,-0.44,-0.42,N
1945,2,1945.08,25.8,26.3,-0.5,-0.54,L
1945,3,1945.17,26.16,26.85,-0.69,-0.6,L
1945,4,1945.25,26.68,27.3,-0.62,-0.45,N
1945,5,1945.33,27.43,27.48,-0.05,-0.46,N
1945,6,1945.42,26.39,27.11,-0.72,-0.39,N
1945,7,1945.50,26.23,26.62,-0.39,-0.46,N
1945,8,1945.58,25.92,26.17,-0.25,-0.2,N
1945,9,1945.67,26.05,26.02,0.03,-0.48,N
1945,10,1945.75,24.65,25.86,-1.2,-0.26,N
1945,11,1945.83,26.28,25.9,0.39,-0.18,N
1945,12,1945.92,26.27,26,0.27,0.26,N
1946,1,1946.00,26.26,26.13,0.12,-0.17,N
1946,2,1946.08,25.43,26.34,-0.91,-0.46,N
1946,3,1946.17,26.31,26.9,-0.59,-0.57,L
1946,4,1946.25,27.16,27.36,-0.21,-0.26,N
1946,5,1946.33,27.57,27.55,0.02,-0.26,N
1946,6,1946.42,26.55,27.15,-0.6,-0.47,N
1946,7,1946.50,25.8,26.63,-0.83,-0.92,L
1946,8,1946.58,24.85,26.19,-1.34,-1.05,L
1946,9,1946.67,25.03,26.02,-0.99,-0.79,L
1946,10,1946.75,25.82,25.87,-0.05,-0.35,N
1946,11,1946.83,25.9,25.91,-0.01,0.29,N
1946,12,1946.92,26.94,26.02,0.92,0.36,N
1947,1,1947.00,26.31,26.13,0.18,0.44,N
1947,2,1947.08,26.58,26.34,0.24,0.2,N
1947,3,1947.17,27.09,26.9,0.2,0.19,N
1947,4,1947.25,27.5,27.36,0.14,0.26,N
1947,5,1947.33,27.99,27.55,0.44,0.26,N
1947,6,1947.42,27.37,27.15,0.22,0.23,N
1947,7,1947.50,26.65,26.63,0.02,0.03,N
1947,8,1947.58,26.04,26.19,-0.15,-0.03,N
1947,9,1947.67,26.05,26.02,0.03,-0.33,N
1947,10,1947.75,25,25.87,-0.86,-0.64,L
1947,11,1947.83,24.81,25.91,-1.1,-0.54,L
1947,12,1947.92,26.36,26.02,0.35,-0.04,N
1948,1,1948.00,26.76,26.13,0.63,0.56,E
1948,2,1948.08,27.06,26.34,0.72,0.29,N
1948,3,1948.17,26.41,26.9,-0.49,0.22,N
1948,4,1948.25,27.8,27.36,0.43,0.15,N
1948,5,1948.33,28.05,27.55,0.51,0.24,N
1948,6,1948.42,26.94,27.15,-0.21,-0.1,N
1948,7,1948.50,26.03,26.63,-0.6,-0.47,N
1948,8,1948.58,25.59,26.19,-0.61,-0.63,L
1948,9,1948.67,25.35,26.02,-0.67,-0.65,L
1948,10,1948.75,25.18,25.87,-0.69,-0.74,L
1948,11,1948.83,25.05,25.91,-0.86,-0.57,L
1948,12,1948.92,25.87,26.02,-0.15,-0.4,N
1949,1,1949.00,25.95,26.13,-0.18,-0.23,N
1949,2,1949.08,25.99,26.34,-0.35,-0.22,N
1949,3,1949.17,26.78,26.9,-0.12,-0.16,N
1949,4,1949.25,27.35,27.36,-0.01,-0.26,N
1949,5,1949.33,26.89,27.55,-0.65,-0.47,N
1949,6,1949.42,26.4,27.15,-0.75,-0.64,L
1949,7,1949.50,26.12,26.63,-0.51,-0.5,L
1949,8,1949.58,25.94,26.19,-0.25,-0.32,N
1949,9,1949.67,25.83,26.02,-0.19,-0.28,N
1949,10,1949.75,25.45,25.87,-0.41,-0.5,L
1949,11,1949.83,25.01,25.91,-0.9,-0.94,L
1949,12,1949.92,24.52,26.02,-1.5,-1.32,L
1950,1,1950.00,24.56,26.13,-1.57,-1.45,L
1950,2,1950.08,25.07,26.34,-1.27,-1.29,L
1950,3,1950.17,25.88,26.9,-1.02,-1.12,L
1950,4,1950.25,26.29,27.36,-1.08,-1.15,L
1950,5,1950.33,26.19,27.55,-1.35,-1.04,L
1950,6,1950.42,26.47,27.15,-0.68,-0.8,L
1950,7,1950.50,26.28,26.63,-0.35,-0.45,N
1950,8,1950.58,25.88,26.19,-0.31,-0.32,N
1950,9,1950.67,25.73,26.02,-0.29,-0.26,N
1950,10,1950.75,25.68,25.87,-0.18,-0.3,N
1950,11,1950.83,25.46,25.91,-0.45,-0.45,N
1950,12,1950.92,25.29,26.02,-0.73,-0.7,L
1951,1,1951.00,25.25,26.18,-0.93,-0.77,L
1951,2,1951.08,25.72,26.39,-0.66,-0.54,L
1951,3,1951.17,26.91,26.95,-0.04,-0.17,N
1951,4,1951.25,27.59,27.39,0.2,0.18,N
1951,5,1951.33,27.93,27.56,0.36,0.36,N
1951,6,1951.42,27.73,27.21,0.52,0.58,E
1951,7,1951.50,27.59,26.72,0.87,0.7,E
1951,8,1951.58,27.01,26.3,0.71,0.89,E
1951,9,1951.67,27.22,26.14,1.08,0.99,E
1951,10,1951.75,27.2,26.01,1.19,1.15,E
1951,11,1951.83,27.25,26.06,1.19,1.04,E
1951,12,1951.92,26.92,26.18,0.74,0.81,E
1952,1,1952.00,26.67,26.18,0.49,0.53,E
1952,2,1952.08,26.75,26.39,0.37,0.37,N
1952,3,1952.17,27.19,26.95,0.24,0.34,N
1952,4,1952.25,27.81,27.39,0.42,0.29,N
1952,5,1952.33,27.79,27.56,0.23,0.2,N
1952,6,1952.42,27.18,27.21,-0.03,0,N
1952,7,1952.50,26.53,26.72,-0.2,-0.08,N
1952,8,1952.58,26.3,26.3,0,0,N
1952,9,1952.67,26.35,26.14,0.21,0.15,N
1952,10,1952.75,26.25,26.01,0.25,0.1,N
1952,11,1952.83,25.92,26.06,-0.14,0.04,N
1952,12,1952.92,26.21,26.18,0.03,0.15,N
1953,1,1953.00,26.74,26.18,0.56,0.4,N
1953,2,1953.08,27,26.39,0.61,0.6,E
1953,3,1953.17,27.57,26.95,0.62,0.63,E
1953,4,1953.25,28.03,27.39,0.64,0.66,E
1953,5,1953.33,28.28,27.56,0.71,0.75,E
1953,6,1953.42,28.12,27.21,0.9,0.77,E
1953,7,1953.50,27.42,26.72,0.7,0.75,E
1953,8,1953.58,26.93,26.3,0.63,0.73,E
1953,9,1953.67,27,26.14,0.85,0.78,E
1953,10,1953.75,26.87,26.01,0.86,0.84,E
1953,11,1953.83,26.88,26.06,0.82,0.84,E
1953,12,1953.92,27.01,26.18,0.83,0.81,E
1954,1,1954.00,26.98,26.18,0.8,0.76,E
1954,2,1954.08,27.03,26.39,0.64,0.47,N
1954,3,1954.17,26.91,26.95,-0.04,-0.05,N
1954,4,1954.25,26.65,27.39,-0.74,-0.41,N
1954,5,1954.33,27.11,27.56,-0.45,-0.54,L
1954,6,1954.42,26.79,27.21,-0.42,-0.5,N
1954,7,1954.50,26.1,26.72,-0.62,-0.64,L
1954,8,1954.58,25.42,26.3,-0.88,-0.84,L
1954,9,1954.67,25.11,26.14,-1.03,-0.9,L
1954,10,1954.75,25.22,26.01,-0.78,-0.77,L
1954,11,1954.83,25.56,26.06,-0.5,-0.73,L
1954,12,1954.92,25.26,26.18,-0.91,-0.66,L
1955,1,1955.00,25.62,26.18,-0.56,-0.68,L
1955,2,1955.08,25.82,26.39,-0.57,-0.62,L
1955,3,1955.17,26.23,26.95,-0.72,-0.69,L
1955,4,1955.25,26.61,27.39,-0.78,-0.8,L
1955,5,1955.33,26.65,27.56,-0.91,-0.79,L
1955,6,1955.42,26.54,27.21,-0.67,-0.72,L
1955,7,1955.50,26.14,26.72,-0.58,-0.68,L
1955,8,1955.58,25.5,26.3,-0.8,-0.75,L
1955,9,1955.67,25.28,26.14,-0.87,-1.09,L
1955,10,1955.75,24.41,26.01,-1.6,-1.42,L
1955,11,1955.83,24.25,26.06,-1.81,-1.67,L
1955,12,1955.92,24.57,26.18,-1.61,-1.47,L
1956,1,1956.00,25.34,26.33,-0.99,-1.11,L
1956,2,1956.08,25.77,26.51,-0.74,-0.76,L
1956,3,1956.17,26.47,27.01,-0.54,-0.63,L
1956,4,1956.25,26.86,27.46,-0.6,-0.54,L
1956,5,1956.33,27.13,27.59,-0.46,-0.52,L
1956,6,1956.42,26.81,27.29,-0.48,-0.51,L
1956,7,1956.50,26.22,26.8,-0.58,-0.57,L
1956,8,1956.58,25.67,26.32,-0.65,-0.55,L
1956,9,1956.67,25.72,26.15,-0.43,-0.46,N
1956,10,1956.75,25.74,26.03,-0.29,-0.42,N
1956,11,1956.83,25.56,26.1,-0.54,-0.43,N
1956,12,1956.92,25.71,26.18,-0.47,-0.43,N
1957,1,1957.00,26.04,26.33,-0.29,-0.25,N
1957,2,1957.08,26.54,26.51,0.02,0.06,N
1957,3,1957.17,27.46,27.01,0.45,0.41,N
1957,4,1957.25,28.23,27.46,0.77,0.72,E
1957,5,1957.33,28.54,27.59,0.94,0.92,E
1957,6,1957.42,28.35,27.29,1.05,1.11,E
1957,7,1957.50,28.15,26.8,1.34,1.25,E
1957,8,1957.58,27.68,26.32,1.36,1.32,E
1957,9,1957.67,27.42,26.15,1.27,1.33,E
1957,10,1957.75,27.41,26.03,1.37,1.39,E
1957,11,1957.83,27.61,26.1,1.52,1.53,E
1957,12,1957.92,27.89,26.18,1.71,1.74,E
1958,1,1958.00,28.32,26.33,1.98,1.81,E
1958,2,1958.08,28.24,26.51,1.72,1.66,E
1958,3,1958.17,28.27,27.01,1.26,1.27,E
1958,4,1958.25,28.28,27.46,0.81,0.93,E
1958,5,1958.33,28.3,27.59,0.71,0.74,E
1958,6,1958.42,27.98,27.29,0.69,0.64,E
1958,7,1958.50,27.31,26.8,0.51,0.57,E
1958,8,1958.58,26.84,26.32,0.52,0.43,N
1958,9,1958.67,26.4,26.15,0.25,0.39,N
1958,10,1958.75,26.45,26.03,0.41,0.44,N
1958,11,1958.83,26.75,26.1,0.65,0.5,N
1958,12,1958.92,26.61,26.18,0.44,0.61,E
1959,1,1959.00,27.07,26.33,0.74,0.61,E
1959,2,1959.08,27.18,26.51,0.67,0.62,E
1959,3,1959.17,27.47,27.01,0.46,0.51,E
1959,4,1959.25,27.88,27.46,0.42,0.33,N
1959,5,1959.33,27.69,27.59,0.1,0.2,N
1959,6,1959.42,27.36,27.29,0.07,-0.07,N
1959,7,1959.50,26.43,26.8,-0.37,-0.18,N
1959,8,1959.58,26.09,26.32,-0.24,-0.28,N
1959,9,1959.67,25.92,26.15,-0.23,-0.09,N
1959,10,1959.75,26.24,26.03,0.2,-0.03,N
1959,11,1959.83,26.04,26.1,-0.06,0.05,N
1959,12,1959.92,26.18,26.18,0,-0.04,N
1960,1,1960.00,26.26,26.33,-0.07,-0.1,N
1960,2,1960.08,26.29,26.51,-0.22,-0.1,N
1960,3,1960.17,26.99,27.01,-0.02,-0.07,N
1960,4,1960.25,27.49,27.46,0.03,0.03,N
1960,5,1960.33,27.68,27.59,0.08,0.02,N
1960,6,1960.42,27.23,27.29,-0.06,0.03,N
1960,7,1960.50,26.87,26.8,0.07,0.13,N
1960,8,1960.58,26.69,26.32,0.36,0.24,N
1960,9,1960.67,26.43,26.15,0.28,0.27,N
1960,10,1960.75,26.21,26.03,0.18,0.2,N
1960,11,1960.83,26.25,26.1,0.15,0.12,N
1960,12,1960.92,26.22,26.18,0.04,0.05,N
1961,1,1961.00,26.23,26.27,-0.03,0.04,N
1961,2,1961.08,26.56,26.45,0.1,0.03,N
1961,3,1961.17,26.94,26.92,0.02,0.04,N
1961,4,1961.25,27.37,27.37,0,0.09,N
1961,5,1961.33,27.75,27.49,0.26,0.23,N
1961,6,1961.42,27.66,27.22,0.44,0.27,N
1961,7,1961.50,26.87,26.76,0.11,0.14,N
1961,8,1961.58,26.18,26.3,-0.12,-0.13,N
1961,9,1961.67,25.78,26.16,-0.38,-0.3,N
1961,10,1961.75,25.7,26.09,-0.38,-0.26,N
1961,11,1961.83,26.06,26.08,-0.01,-0.19,N
1961,12,1961.92,25.98,26.14,-0.16,-0.16,N
1962,1,1962.00,25.96,26.27,-0.3,-0.24,N
1962,2,1962.08,26.2,26.45,-0.26,-0.22,N
1962,3,1962.17,26.81,26.92,-0.11,-0.2,N
1962,4,1962.25,27.13,27.37,-0.24,-0.26,N
1962,5,1962.33,27.05,27.49,-0.44,-0.28,N
1962,6,1962.42,27.08,27.22,-0.14,-0.2,N
1962,7,1962.50,26.75,26.76,0,-0.04,N
1962,8,1962.58,26.32,26.3,0.02,-0.07,N
1962,9,1962.67,25.93,26.16,-0.23,-0.11,N
1962,10,1962.75,25.96,26.09,-0.13,-0.22,N
1962,11,1962.83,25.75,26.08,-0.32,-0.31,N
1962,12,1962.92,25.67,26.14,-0.47,-0.43,N
1963,1,1963.00,25.77,26.27,-0.5,-0.4,N
1963,2,1963.08,26.23,26.45,-0.22,-0.15,N
1963,3,1963.17,27.18,26.92,0.26,0.15,N
1963,4,1963.25,27.79,27.37,0.41,0.27,N
1963,5,1963.33,27.63,27.49,0.14,0.32,N
1963,6,1963.42,27.61,27.22,0.39,0.52,E
1963,7,1963.50,27.77,26.76,1.01,0.86,E
1963,8,1963.58,27.47,26.3,1.17,1.14,E
1963,9,1963.67,27.39,26.16,1.23,1.22,E
1963,10,1963.75,27.35,26.09,1.26,1.29,E
1963,11,1963.83,27.46,26.08,1.39,1.37,E
1963,12,1963.92,27.61,26.14,1.47,1.31,E
1964,1,1964.00,27.33,26.27,1.06,1.07,E
1964,2,1964.08,27.13,26.45,0.68,0.62,E
1964,3,1964.17,27.02,26.92,0.1,0.12,N
1964,4,1964.25,26.95,27.37,-0.42,-0.33,N
1964,5,1964.33,26.82,27.49,-0.67,-0.58,L
1964,6,1964.42,26.58,27.22,-0.64,-0.58,L
1964,7,1964.50,26.33,26.76,-0.43,-0.59,L
1964,8,1964.58,25.58,26.3,-0.72,-0.66,L
1964,9,1964.67,25.32,26.16,-0.84,-0.76,L
1964,10,1964.75,25.36,26.09,-0.73,-0.8,L
1964,11,1964.83,25.26,26.08,-0.82,-0.82,L
1964,12,1964.92,25.22,26.14,-0.92,-0.78,L
1965,1,1965.00,25.66,26.27,-0.61,-0.59,L
1965,2,1965.08,26.2,26.45,-0.25,-0.28,N
1965,3,1965.17,26.95,26.92,0.03,-0.07,N
1965,4,1965.25,27.38,27.37,0.01,0.18,N
1965,5,1965.33,27.99,27.49,0.5,0.46,N
1965,6,1965.42,28.08,27.22,0.86,0.83,E
1965,7,1965.50,27.89,26.76,1.14,1.22,E
1965,8,1965.58,27.96,26.3,1.66,1.54,E
1965,9,1965.67,28,26.16,1.84,1.85,E
1965,10,1965.75,28.15,26.09,2.06,1.98,E
1965,11,1965.83,28.11,26.08,2.03,1.97,E
1965,12,1965.92,27.95,26.14,1.81,1.72,E
1966,1,1966.00,27.66,26.36,1.31,1.37,E
1966,2,1966.08,27.55,26.56,1,1.17,E
1966,3,1966.17,28.21,27.02,1.19,0.98,E
1966,4,1966.25,28.16,27.4,0.76,0.66,E
1966,5,1966.33,27.55,27.53,0.02,0.35,N
1966,6,1966.42,27.63,27.35,0.29,0.24,N
1966,7,1966.50,27.32,26.9,0.42,0.24,N
1966,8,1966.58,26.48,26.46,0.02,0.12,N
1966,9,1966.67,26.27,26.34,-0.07,-0.05,N
1966,10,1966.75,26.22,26.33,-0.1,-0.1,N
1966,11,1966.83,26.23,26.35,-0.12,-0.18,N
1966,12,1966.92,26.02,26.33,-0.31,-0.3,N
1967,1,1967.00,25.88,26.36,-0.48,-0.41,N
1967,2,1967.08,26.12,26.56,-0.44,-0.48,N
1967,3,1967.17,26.51,27.02,-0.51,-0.54,L
1967,4,1967.25,26.75,27.4,-0.66,-0.45,N
1967,5,1967.33,27.35,27.53,-0.18,-0.24,N
1967,6,1967.42,27.46,27.35,0.12,0,N
1967,7,1967.50,26.96,26.9,0.06,0.05,N
1967,8,1967.58,26.43,26.46,-0.04,-0.16,N
1967,9,1967.67,25.85,26.34,-0.49,-0.3,N
1967,10,1967.75,25.97,26.33,-0.36,-0.38,N
1967,11,1967.83,26.08,26.35,-0.28,-0.34,N
1967,12,1967.92,25.95,26.33,-0.38,-0.44,N
1968,1,1968.00,25.69,26.36,-0.67,-0.64,L
1968,2,1968.08,25.69,26.56,-0.86,-0.74,L
1968,3,1968.17,26.34,27.02,-0.68,-0.62,L
1968,4,1968.25,27.1,27.4,-0.3,-0.44,N
1968,5,1968.33,27.19,27.53,-0.34,-0.04,N
1968,6,1968.42,27.87,27.35,0.52,0.28,N
1968,7,1968.50,27.57,26.9,0.66,0.58,E
1968,8,1968.58,27,26.46,0.54,0.53,E
1968,9,1968.67,26.72,26.34,0.38,0.45,N
1968,10,1968.75,26.75,26.33,0.42,0.55,E
1968,11,1968.83,27.2,26.35,0.85,0.73,E
1968,12,1968.92,27.27,26.33,0.94,0.98,E
1969,1,1969.00,27.5,26.36,1.14,1.13,E
1969,2,1969.08,27.86,26.56,1.31,1.08,E
1969,3,1969.17,27.83,27.02,0.81,0.95,E
1969,4,1969.25,28.14,27.4,0.73,0.77,E
1969,5,1969.33,28.29,27.53,0.76,0.61,E
1969,6,1969.42,27.69,27.35,0.35,0.43,N
1969,7,1969.50,27.08,26.9,0.18,0.36,N
1969,8,1969.58,27.02,26.46,0.56,0.51,E
1969,9,1969.67,27.15,26.34,0.81,0.79,E
1969,10,1969.75,27.34,26.33,1.01,0.86,E
1969,11,1969.83,27.11,26.35,0.76,0.81,E
1969,12,1969.92,26.98,26.33,0.66,0.63,E
1970,1,1970.00,26.84,26.36,0.48,0.51,E
1970,2,1970.08,26.96,26.56,0.41,0.34,N
1970,3,1970.17,27.15,27.02,0.13,0.29,N
1970,4,1970.25,27.75,27.4,0.34,0.19,N
1970,5,1970.33,27.63,27.53,0.1,0.05,N
1970,6,1970.42,27.03,27.35,-0.31,-0.3,N
1970,7,1970.50,26.21,26.9,-0.7,-0.63,L
1970,8,1970.58,25.59,26.46,-0.87,-0.76,L
1970,9,1970.67,25.64,26.34,-0.71,-0.77,L
1970,10,1970.75,25.59,26.33,-0.74,-0.74,L
1970,11,1970.83,25.57,26.35,-0.78,-0.86,L
1970,12,1970.92,25.27,26.33,-1.06,-1.15,L
1971,1,1971.00,24.82,26.42,-1.59,-1.36,L
1971,2,1971.08,25.2,26.61,-1.42,-1.38,L
1971,3,1971.17,25.93,27.06,-1.13,-1.12,L
1971,4,1971.25,26.64,27.44,-0.8,-0.85,L
1971,5,1971.33,26.95,27.56,-0.61,-0.73,L
1971,6,1971.42,26.6,27.38,-0.78,-0.74,L
1971,7,1971.50,26.12,26.94,-0.82,-0.8,L
1971,8,1971.58,25.74,26.54,-0.79,-0.77,L
1971,9,1971.67,25.71,26.42,-0.71,-0.82,L
1971,10,1971.75,25.47,26.43,-0.96,-0.85,L
1971,11,1971.83,25.55,26.43,-0.88,-0.96,L
1971,12,1971.92,25.37,26.4,-1.03,-0.9,L
1972,1,1972.00,25.63,26.42,-0.78,-0.71,L
1972,2,1972.08,26.31,26.61,-0.3,-0.35,N
1972,3,1972.17,27.09,27.06,0.03,0.06,N
1972,4,1972.25,27.9,27.44,0.45,0.41,N
1972,5,1972.33,28.31,27.56,0.75,0.67,E
1972,6,1972.42,28.18,27.38,0.8,0.92,E
1972,7,1972.50,28.14,26.94,1.2,1.13,E
1972,8,1972.58,27.94,26.54,1.4,1.37,E
1972,9,1972.67,27.94,26.42,1.52,1.58,E
1972,10,1972.75,28.25,26.43,1.83,1.84,E
1972,11,1972.83,28.6,26.43,2.17,2.09,E
1972,12,1972.92,28.68,26.4,2.28,2.12,E
1973,1,1973.00,28.33,26.42,1.92,1.84,E
1973,2,1973.08,27.95,26.61,1.34,1.25,E
1973,3,1973.17,27.56,27.06,0.49,0.55,E
1973,4,1973.25,27.25,27.44,-0.19,-0.1,N
1973,5,1973.33,26.97,27.56,-0.59,-0.54,L
1973,6,1973.42,26.55,27.38,-0.83,-0.87,L
1973,7,1973.50,25.76,26.94,-1.18,-1.11,L
1973,8,1973.58,25.23,26.54,-1.31,-1.28,L
1973,9,1973.67,25.06,26.42,-1.36,-1.45,L
1973,10,1973.75,24.74,26.43,-1.69,-1.71,L
1973,11,1973.83,24.34,26.43,-2.09,-1.95,L
1973,12,1973.92,24.34,26.4,-2.06,-2.03,L
1974,1,1974.00,24.47,26.42,-1.95,-1.84,L
1974,2,1974.08,25.11,26.61,-1.5,-1.55,L
1974,3,1974.17,25.86,27.06,-1.21,-1.23,L
1974,4,1974.25,26.48,27.44,-0.97,-1.03,L
1974,5,1974.33,26.65,27.56,-0.91,-0.91,L
1974,6,1974.42,26.53,27.38,-0.85,-0.77,L
1974,7,1974.50,26.39,26.94,-0.55,-0.53,L
1974,8,1974.58,26.33,26.54,-0.21,-0.37,N
1974,9,1974.67,26.07,26.42,-0.35,-0.41,N
1974,10,1974.75,25.77,26.43,-0.66,-0.61,L
1974,11,1974.83,25.61,26.43,-0.82,-0.75,L
1974,12,1974.92,25.63,26.4,-0.78,-0.64,L
1975,1,1975.00,26.1,26.42,-0.32,-0.54,L
1975,2,1975.08,26.08,26.61,-0.53,-0.57,L
1975,3,1975.17,26.2,27.06,-0.86,-0.65,L
1975,4,1975.25,26.87,27.44,-0.58,-0.73,L
1975,5,1975.33,26.8,27.56,-0.76,-0.83,L
1975,6,1975.42,26.23,27.38,-1.15,-0.98,L
1975,7,1975.50,25.9,26.94,-1.04,-1.13,L
1975,8,1975.58,25.34,26.54,-1.2,-1.2,L
1975,9,1975.67,25.05,26.42,-1.37,-1.37,L
1975,10,1975.75,24.89,26.43,-1.54,-1.43,L
1975,11,1975.83,25.05,26.43,-1.38,-1.55,L
1975,12,1975.92,24.67,26.4,-1.73,-1.65,L
1976,1,1976.00,24.54,26.39,-1.84,-1.56,L
1976,2,1976.08,25.49,26.59,-1.09,-1.17,L
1976,3,1976.17,26.46,27.04,-0.58,-0.73,L
1976,4,1976.25,26.89,27.42,-0.53,-0.47,N
1976,5,1976.33,27.2,27.51,-0.31,-0.28,N
1976,6,1976.42,27.35,27.35,0,-0.05,N
1976,7,1976.50,27.12,26.95,0.17,0.18,N
1976,8,1976.58,26.98,26.59,0.38,0.35,N
1976,9,1976.67,27.02,26.51,0.5,0.62,E
1976,10,1976.75,27.46,26.48,0.98,0.81,E
1976,11,1976.83,27.41,26.46,0.95,0.86,E
1976,12,1976.92,27.08,26.43,0.66,0.85,E
1977,1,1977.00,27.32,26.39,0.93,0.71,E
1977,2,1977.08,27.13,26.59,0.55,0.64,E
1977,3,1977.17,27.48,27.04,0.44,0.34,N
1977,4,1977.25,27.45,27.42,0.03,0.23,N
1977,5,1977.33,27.72,27.51,0.22,0.21,N
1977,6,1977.42,27.74,27.35,0.39,0.34,N
1977,7,1977.50,27.38,26.95,0.42,0.35,N
1977,8,1977.58,26.84,26.59,0.25,0.42,N
1977,9,1977.67,27.11,26.51,0.6,0.57,E
1977,10,1977.75,27.34,26.48,0.86,0.73,E
1977,11,1977.83,27.18,26.46,0.72,0.81,E
1977,12,1977.92,27.29,26.43,0.86,0.79,E
1978,1,1978.00,27.17,26.39,0.78,0.69,E
1978,2,1978.08,27.01,26.59,0.42,0.42,N
1978,3,1978.17,27.1,27.04,0.06,0.06,N
1978,4,1978.25,27.12,27.42,-0.3,-0.18,N
1978,5,1978.33,27.2,27.51,-0.31,-0.31,N
1978,6,1978.42,27.02,27.35,-0.33,-0.29,N
1978,7,1978.50,26.74,26.95,-0.22,-0.36,N
1978,8,1978.58,26.07,26.59,-0.53,-0.42,N
1978,9,1978.67,26.01,26.51,-0.5,-0.42,N
1978,10,1978.75,26.25,26.48,-0.23,-0.29,N
1978,11,1978.83,26.32,26.46,-0.14,-0.08,N
1978,12,1978.92,26.54,26.43,0.11,0,N
1979,1,1979.00,26.42,26.39,0.03,0.03,N
1979,2,1979.08,26.54,26.59,-0.04,0.07,N
1979,3,1979.17,27.28,27.04,0.23,0.2,N
1979,4,1979.25,27.84,27.42,0.42,0.28,N
1979,5,1979.33,27.69,27.51,0.19,0.23,N
1979,6,1979.42,27.43,27.35,0.08,0.05,N
1979,7,1979.50,26.83,26.95,-0.13,0.04,N
1979,8,1979.58,26.75,26.59,0.16,0.17,N
1979,9,1979.67,26.99,26.51,0.48,0.33,N
1979,10,1979.75,26.83,26.48,0.35,0.45,N
1979,11,1979.83,26.99,26.46,0.53,0.52,E
1979,12,1979.92,27.11,26.43,0.69,0.64,E
1980,1,1980.00,27.09,26.39,0.7,0.59,E
1980,2,1980.08,26.98,26.59,0.39,0.46,N
1980,3,1980.17,27.32,27.04,0.28,0.34,N
1980,4,1980.25,27.76,27.42,0.34,0.38,N
1980,5,1980.33,28.02,27.51,0.51,0.48,N
1980,6,1980.42,27.94,27.35,0.59,0.46,N
1980,7,1980.50,27.23,26.95,0.28,0.25,N
1980,8,1980.58,26.48,26.59,-0.11,0.03,N
1980,9,1980.67,26.44,26.51,-0.07,-0.07,N
1980,10,1980.75,26.46,26.48,-0.02,0.02,N
1980,11,1980.83,26.6,26.46,0.14,0.11,N
1980,12,1980.92,26.65,26.43,0.22,-0.01,N
1981,1,1981.00,26.19,26.57,-0.38,-0.26,N
1981,2,1981.08,26.12,26.75,-0.62,-0.5,L
1981,3,1981.17,26.66,27.17,-0.51,-0.47,N
1981,4,1981.25,27.3,27.59,-0.29,-0.37,N
1981,5,1981.33,27.36,27.66,-0.3,-0.26,N
1981,6,1981.42,27.27,27.46,-0.19,-0.29,N
1981,7,1981.50,26.65,27.02,-0.37,-0.3,N
1981,8,1981.58,26.32,26.64,-0.32,-0.25,N
1981,9,1981.67,26.52,26.56,-0.04,-0.16,N
1981,10,1981.75,26.42,26.53,-0.11,-0.13,N
1981,11,1981.83,26.29,26.52,-0.23,-0.15,N
1981,12,1981.92,26.4,26.51,-0.11,-0.08,N
1982,1,1982.00,26.68,26.57,0.11,-0.05,N
1982,2,1982.08,26.6,26.75,-0.15,0.07,N
1982,3,1982.17,27.42,27.17,0.25,0.19,N
1982,4,1982.25,28.03,27.59,0.45,0.47,N
1982,5,1982.33,28.39,27.66,0.72,0.66,E
1982,6,1982.42,28.26,27.46,0.8,0.72,E
1982,7,1982.50,27.66,27.02,0.64,0.79,E
1982,8,1982.58,27.58,26.64,0.93,1.07,E
1982,9,1982.67,28.2,26.56,1.64,1.58,E
1982,10,1982.75,28.69,26.53,2.16,1.97,E
1982,11,1982.83,28.61,26.52,2.09,2.18,E
1982,12,1982.92,28.79,26.51,2.28,2.23,E
1983,1,1983.00,28.88,26.57,2.32,2.18,E
1983,2,1983.08,28.69,26.75,1.94,1.92,E
1983,3,1983.17,28.67,27.17,1.49,1.54,E
1983,4,1983.25,28.77,27.59,1.19,1.29,E
1983,5,1983.33,28.84,27.66,1.18,1.06,E
1983,6,1983.42,28.28,27.46,0.82,0.72,E
1983,7,1983.50,27.19,27.02,0.17,0.31,N
1983,8,1983.58,26.6,26.64,-0.05,-0.08,N
1983,9,1983.67,26.2,26.56,-0.36,-0.45,N
1983,10,1983.75,25.57,26.53,-0.96,-0.81,L
1983,11,1983.83,25.42,26.52,-1.1,-1,L
1983,12,1983.92,25.58,26.51,-0.94,-0.91,L
1984,1,1984.00,25.88,26.57,-0.69,-0.6,L
1984,2,1984.08,26.57,26.75,-0.18,-0.42,N
1984,3,1984.17,26.78,27.17,-0.39,-0.34,N
1984,4,1984.25,27.15,27.59,-0.44,-0.43,N
1984,5,1984.33,27.2,27.66,-0.46,-0.51,L
1984,6,1984.42,26.83,27.46,-0.63,-0.45,N
1984,7,1984.50,26.78,27.02,-0.24,-0.3,N
1984,8,1984.58,26.6,26.64,-0.04,-0.16,N
1984,9,1984.67,26.38,26.56,-0.19,-0.24,N
1984,10,1984.75,26.04,26.53,-0.49,-0.56,L
1984,11,1984.83,25.52,26.52,-1,-0.92,L
1984,12,1984.92,25.26,26.51,-1.25,-1.14,L
1985,1,1985.00,25.39,26.57,-1.17,-1.04,L
1985,2,1985.08,26.04,26.75,-0.71,-0.85,L
1985,3,1985.17,26.5,27.17,-0.67,-0.77,L
1985,4,1985.25,26.65,27.59,-0.93,-0.78,L
1985,5,1985.33,26.91,27.66,-0.75,-0.78,L
1985,6,1985.42,26.81,27.46,-0.65,-0.63,L
1985,7,1985.50,26.55,27.02,-0.47,-0.49,N
1985,8,1985.58,26.29,26.64,-0.35,-0.46,N
1985,9,1985.67,26.02,26.56,-0.55,-0.4,N
1985,10,1985.75,26.23,26.53,-0.3,-0.35,N
1985,11,1985.83,26.33,26.52,-0.19,-0.27,N
1985,12,1985.92,26.19,26.51,-0.32,-0.36,N
1986,1,1986.00,25.89,26.46,-0.56,-0.49,N
1986,2,1986.08,26.07,26.66,-0.6,-0.47,N
1986,3,1986.17,26.88,27.14,-0.26,-0.31,N
1986,4,1986.25,27.49,27.58,-0.08,-0.2,N
1986,5,1986.33,27.41,27.68,-0.27,-0.12,N
1986,6,1986.42,27.42,27.43,-0.01,-0.04,N
1986,7,1986.50,27.18,27.01,0.17,0.22,N
1986,8,1986.58,27.17,26.66,0.51,0.44,N
1986,9,1986.67,27.24,26.59,0.65,0.71,E
1986,10,1986.75,27.51,26.54,0.98,0.94,E
1986,11,1986.83,27.7,26.5,1.2,1.14,E
1986,12,1986.92,27.71,26.47,1.24,1.22,E
1987,1,1987.00,27.68,26.46,1.22,1.23,E
1987,2,1987.08,27.89,26.66,1.23,1.19,E
1987,3,1987.17,28.27,27.14,1.14,1.06,E
1987,4,1987.25,28.4,27.58,0.82,0.95,E
1987,5,1987.33,28.56,27.68,0.88,0.97,E
1987,6,1987.42,28.64,27.43,1.21,1.22,E
1987,7,1987.50,28.58,27.01,1.57,1.51,E
1987,8,1987.58,28.41,26.66,1.76,1.7,E
1987,9,1987.67,28.36,26.59,1.77,1.65,E
1987,10,1987.75,27.95,26.54,1.41,1.48,E
1987,11,1987.83,27.77,26.5,1.27,1.25,E
1987,12,1987.92,27.54,26.47,1.07,1.11,E
1988,1,1988.00,27.45,26.46,0.99,0.81,E
1988,2,1988.08,27.04,26.66,0.37,0.54,E
1988,3,1988.17,27.39,27.14,0.25,0.14,N
1988,4,1988.25,27.38,27.58,-0.2,-0.31,N
1988,5,1988.33,26.68,27.68,-1,-0.88,L
1988,6,1988.42,25.99,27.43,-1.44,-1.3,L
1988,7,1988.50,25.56,27.01,-1.45,-1.3,L
1988,8,1988.58,25.67,26.66,-0.99,-1.11,L
1988,9,1988.67,25.72,26.59,-0.87,-1.19,L
1988,10,1988.75,24.82,26.54,-1.71,-1.48,L
1988,11,1988.83,24.66,26.5,-1.85,-1.8,L
1988,12,1988.92,24.64,26.47,-1.83,-1.85,L
1989,1,1989.00,24.59,26.46,-1.87,-1.69,L
1989,2,1989.08,25.29,26.66,-1.37,-1.43,L
1989,3,1989.17,26.09,27.14,-1.05,-1.08,L
1989,4,1989.25,26.75,27.58,-0.82,-0.83,L
1989,5,1989.33,27.07,27.68,-0.61,-0.58,L
1989,6,1989.42,27.14,27.43,-0.29,-0.4,N
1989,7,1989.50,26.72,27.01,-0.3,-0.31,N
1989,8,1989.58,26.32,26.66,-0.33,-0.27,N
1989,9,1989.67,26.41,26.59,-0.18,-0.24,N
1989,10,1989.75,26.32,26.54,-0.22,-0.22,N
1989,11,1989.83,26.25,26.5,-0.25,-0.16,N
1989,12,1989.92,26.46,26.47,-0.01,-0.05,N
1990,1,1990.00,26.56,26.46,0.11,0.14,N
1990,2,1990.08,26.98,26.66,0.31,0.21,N
1990,3,1990.17,27.34,27.14,0.2,0.28,N
1990,4,1990.25,27.9,27.58,0.33,0.29,N
1990,5,1990.33,28.02,27.68,0.34,0.29,N
1990,6,1990.42,27.65,27.43,0.21,0.31,N
1990,7,1990.50,27.38,27.01,0.37,0.33,N
1990,8,1990.58,27.07,26.66,0.42,0.38,N
1990,9,1990.67,26.94,26.59,0.35,0.39,N
1990,10,1990.75,26.93,26.54,0.4,0.35,N
1990,11,1990.83,26.81,26.5,0.31,0.4,N
1990,12,1990.92,26.96,26.47,0.48,0.41,N
1991,1,1991.00,27.04,26.59,0.45,0.41,N
1991,2,1991.08,27.08,26.79,0.29,0.26,N
1991,3,1991.17,27.33,27.28,0.05,0.22,N
1991,4,1991.25,28.02,27.7,0.32,0.26,N
1991,5,1991.33,28.2,27.8,0.4,0.45,N
1991,6,1991.42,28.25,27.6,0.65,0.64,E
1991,7,1991.50,28.05,27.19,0.86,0.73,E
1991,8,1991.58,27.53,26.84,0.69,0.64,E
1991,9,1991.67,27.14,26.78,0.36,0.62,E
1991,10,1991.75,27.58,26.76,0.82,0.79,E
1991,11,1991.83,27.89,26.7,1.19,1.21,E
1991,12,1991.92,28.28,26.66,1.62,1.53,E
1992,1,1992.00,28.37,26.59,1.78,1.71,E
1992,2,1992.08,28.53,26.79,1.74,1.63,E
1992,3,1992.17,28.66,27.28,1.38,1.48,E
1992,4,1992.25,29.02,27.7,1.32,1.29,E
1992,5,1992.33,28.97,27.8,1.16,1.06,E
1992,6,1992.42,28.3,27.6,0.7,0.73,E
1992,7,1992.50,27.51,27.19,0.33,0.37,N
1992,8,1992.58,26.91,26.84,0.07,0.09,N
1992,9,1992.67,26.66,26.78,-0.13,-0.13,N
1992,10,1992.75,26.42,26.76,-0.34,-0.25,N
1992,11,1992.83,26.42,26.7,-0.28,-0.28,N
1992,12,1992.92,26.45,26.66,-0.21,-0.13,N
1993,1,1993.00,26.7,26.59,0.1,0.09,N
1993,2,1993.08,27.17,26.79,0.38,0.3,N
1993,3,1993.17,27.68,27.28,0.4,0.5,N
1993,4,1993.25,28.41,27.7,0.71,0.67,E
1993,5,1993.33,28.71,27.8,0.91,0.7,E
1993,6,1993.42,28.08,27.6,0.48,0.57,E
1993,7,1993.50,27.51,27.19,0.33,0.32,N
1993,8,1993.58,26.99,26.84,0.15,0.25,N
1993,9,1993.67,27.07,26.78,0.29,0.15,N
1993,10,1993.75,26.78,26.76,0.02,0.1,N
1993,11,1993.83,26.71,26.7,0.01,0.04,N
1993,12,1993.92,26.76,26.66,0.1,0.06,N
1994,1,1994.00,26.65,26.59,0.06,0.06,N
1994,2,1994.08,26.82,26.79,0.03,0.07,N
1994,3,1994.17,27.39,27.28,0.11,0.17,N
1994,4,1994.25,28.08,27.7,0.38,0.31,N
1994,5,1994.33,28.24,27.8,0.43,0.42,N
1994,6,1994.42,28.04,27.6,0.44,0.41,N
1994,7,1994.50,27.54,27.19,0.35,0.44,N
1994,8,1994.58,27.38,26.84,0.54,0.43,N
1994,9,1994.67,27.19,26.78,0.41,0.55,E
1994,10,1994.75,27.47,26.76,0.71,0.74,E
1994,11,1994.83,27.81,26.7,1.11,1.01,E
1994,12,1994.92,27.85,26.66,1.19,1.09,E
1995,1,1995.00,27.57,26.59,0.98,0.96,E
1995,2,1995.08,27.49,26.79,0.71,0.72,E
1995,3,1995.17,27.76,27.28,0.48,0.53,E
1995,4,1995.25,28.11,27.7,0.41,0.3,N
1995,5,1995.33,27.83,27.8,0.02,0.14,N
1995,6,1995.42,27.59,27.6,-0.01,-0.03,N
1995,7,1995.50,27.08,27.19,-0.11,-0.24,N
1995,8,1995.58,26.23,26.84,-0.61,-0.54,L
1995,9,1995.67,25.88,26.78,-0.9,-0.81,L
1995,10,1995.75,25.84,26.76,-0.91,-0.97,L
1995,11,1995.83,25.61,26.7,-1.1,-1,L
1995,12,1995.92,25.66,26.66,-1,-0.98,L
1996,1,1996.00,25.7,26.56,-0.86,-0.9,L
1996,2,1996.08,25.9,26.75,-0.85,-0.75,L
1996,3,1996.17,26.69,27.24,-0.56,-0.59,L
1996,4,1996.25,27.36,27.72,-0.36,-0.39,N
1996,5,1996.33,27.55,27.81,-0.26,-0.31,N
1996,6,1996.42,27.29,27.59,-0.3,-0.3,N
1996,7,1996.50,26.85,27.18,-0.32,-0.27,N
1996,8,1996.58,26.64,26.83,-0.2,-0.33,N
1996,9,1996.67,26.27,26.73,-0.45,-0.35,N
1996,10,1996.75,26.27,26.67,-0.4,-0.4,N
1996,11,1996.83,26.29,26.63,-0.34,-0.45,N
1996,12,1996.92,25.96,26.56,-0.61,-0.49,N
1997,1,1997.00,26.02,26.56,-0.54,-0.5,L
1997,2,1997.08,26.39,26.75,-0.36,-0.36,N
1997,3,1997.17,27.05,27.24,-0.2,-0.1,N
1997,4,1997.25,27.99,27.72,0.27,0.28,N
1997,5,1997.33,28.58,27.81,0.76,0.75,E
1997,6,1997.42,28.81,27.59,1.22,1.22,E
1997,7,1997.50,28.85,27.18,1.67,1.6,E
1997,8,1997.58,28.74,26.83,1.91,1.9,E
1997,9,1997.67,28.84,26.73,2.12,2.14,E
1997,10,1997.75,29.07,26.67,2.4,2.33,E
1997,11,1997.83,29.11,26.63,2.48,2.4,E
1997,12,1997.92,28.89,26.56,2.32,2.39,E
1998,1,1998.00,28.93,26.56,2.37,2.24,E
1998,2,1998.08,28.79,26.75,2.03,1.93,E
1998,3,1998.17,28.63,27.24,1.38,1.44,E
1998,4,1998.25,28.61,27.72,0.9,0.99,E
1998,5,1998.33,28.52,27.81,0.7,0.45,N
1998,6,1998.42,27.35,27.59,-0.24,-0.13,N
1998,7,1998.50,26.32,27.18,-0.86,-0.78,L
1998,8,1998.58,25.59,26.83,-1.25,-1.12,L
1998,9,1998.67,25.47,26.73,-1.26,-1.31,L
1998,10,1998.75,25.26,26.67,-1.41,-1.35,L
1998,11,1998.83,25.25,26.63,-1.38,-1.48,L
1998,12,1998.92,24.92,26.56,-1.64,-1.57,L
1999,1,1999.00,24.87,26.56,-1.69,-1.55,L
1999,2,1999.08,25.44,26.75,-1.31,-1.3,L
1999,3,1999.17,26.34,27.24,-0.9,-1.07,L
1999,4,1999.25,26.71,27.72,-1,-0.98,L
1999,5,1999.33,26.79,27.81,-1.02,-1.02,L
1999,6,1999.42,26.54,27.59,-1.05,-1.04,L
1999,7,1999.50,26.13,27.18,-1.05,-1.1,L
1999,8,1999.58,25.64,26.83,-1.19,-1.11,L
1999,9,1999.67,25.63,26.73,-1.09,-1.16,L
1999,10,1999.75,25.48,26.67,-1.19,-1.26,L
1999,11,1999.83,25.13,26.63,-1.5,-1.46,L
1999,12,1999.92,24.87,26.56,-1.7,-1.66,L
2000,1,2000.00,24.79,26.56,-1.77,-1.66,L
2000,2,2000.08,25.23,26.75,-1.53,-1.41,L
2000,3,2000.17,26.31,27.24,-0.93,-1.07,L
2000,4,2000.25,26.96,27.72,-0.75,-0.81,L
2000,5,2000.33,27.08,27.81,-0.74,-0.71,L
2000,6,2000.42,26.95,27.59,-0.64,-0.64,L
2000,7,2000.50,26.63,27.18,-0.55,-0.55,L
2000,8,2000.58,26.37,26.83,-0.47,-0.51,L
2000,9,2000.67,26.2,26.73,-0.52,-0.55,L
2000,10,2000.75,26.02,26.67,-0.65,-0.63,L
2000,11,2000.83,25.92,26.63,-0.71,-0.75,L
2000,12,2000.92,25.69,26.56,-0.88,-0.74,L
2001,1,2001.00,25.82,26.45,-0.63,-0.68,L
2001,2,2001.08,26.14,26.66,-0.53,-0.52,L
2001,3,2001.17,26.82,27.21,-0.39,-0.44,N
2001,4,2001.25,27.34,27.73,-0.39,-0.34,N
2001,5,2001.33,27.61,27.85,-0.24,-0.25,N
2001,6,2001.42,27.54,27.65,-0.11,-0.12,N
2001,7,2001.50,27.25,27.26,-0.01,-0.07,N
2001,8,2001.58,26.8,26.91,-0.1,-0.13,N
2001,9,2001.67,26.52,26.8,-0.28,-0.19,N
2001,10,2001.75,26.57,26.75,-0.18,-0.29,N
2001,11,2001.83,26.34,26.75,-0.41,-0.35,N
2001,12,2001.92,26.2,26.65,-0.46,-0.31,N
2002,1,2002.00,26.4,26.45,-0.05,-0.15,N
2002,2,2002.08,26.72,26.66,0.06,0.03,N
2002,3,2002.17,27.3,27.21,0.09,0.09,N
2002,4,2002.25,27.85,27.73,0.12,0.2,N
2002,5,2002.33,28.24,27.85,0.4,0.43,N
2002,6,2002.42,28.44,27.65,0.79,0.65,E
2002,7,2002.50,28.03,27.26,0.77,0.79,E
2002,8,2002.58,27.72,26.91,0.81,0.86,E
2002,9,2002.67,27.81,26.8,1.01,1.01,E
2002,10,2002.75,27.96,26.75,1.2,1.21,E
2002,11,2002.83,28.16,26.75,1.41,1.31,E
2002,12,2002.92,27.97,26.65,1.32,1.14,E
2003,1,2003.00,27.16,26.45,0.7,0.92,E
2003,2,2003.08,27.4,26.66,0.74,0.63,E
2003,3,2003.17,27.66,27.21,0.45,0.38,N
2003,4,2003.25,27.69,27.73,-0.05,-0.04,N
2003,5,2003.33,27.33,27.85,-0.52,-0.26,N
2003,6,2003.42,27.44,27.65,-0.21,-0.16,N
2003,7,2003.50,27.5,27.26,0.24,0.08,N
2003,8,2003.58,27.11,26.91,0.2,0.21,N
2003,9,2003.67,26.98,26.8,0.19,0.26,N
2003,10,2003.75,27.14,26.75,0.38,0.29,N
2003,11,2003.83,27.04,26.75,0.29,0.35,N
2003,12,2003.92,27.04,26.65,0.39,0.35,N
2004,1,2004.00,26.83,26.45,0.37,0.37,N
2004,2,2004.08,27,26.66,0.34,0.31,N
2004,3,2004.17,27.41,27.21,0.21,0.23,N
2004,4,2004.25,27.89,27.73,0.16,0.17,N
2004,5,2004.33,27.99,27.85,0.14,0.17,N
2004,6,2004.42,27.85,27.65,0.2,0.28,N
2004,7,2004.50,27.77,27.26,0.51,0.47,N
2004,8,2004.58,27.6,26.91,0.7,0.64,E
2004,9,2004.67,27.52,26.8,0.73,0.7,E
2004,10,2004.75,27.44,26.75,0.68,0.67,E
2004,11,2004.83,27.36,26.75,0.61,0.66,E
2004,12,2004.92,27.34,26.65,0.69,0.69,E
2005,1,2005.00,27.21,26.45,0.76,0.64,E
2005,2,2005.08,27.12,26.66,0.46,0.58,E
2005,3,2005.17,27.74,27.21,0.53,0.45,N
2005,4,2005.25,28.09,27.73,0.35,0.43,N
2005,5,2005.33,28.24,27.85,0.39,0.29,N
2005,6,2005.42,27.77,27.65,0.12,0.11,N
2005,7,2005.50,27.07,27.26,-0.19,-0.06,N
2005,8,2005.58,26.8,26.91,-0.1,-0.14,N
2005,9,2005.67,26.68,26.8,-0.11,-0.11,N
2005,10,2005.75,26.65,26.75,-0.1,-0.28,N
2005,11,2005.83,26.11,26.75,-0.64,-0.57,L
2005,12,2005.92,25.68,26.65,-0.97,-0.84,L
2006,1,2006.00,25.64,26.55,-0.91,-0.85,L
2006,2,2006.08,26.09,26.77,-0.67,-0.77,L
2006,3,2006.17,26.58,27.3,-0.71,-0.57,L
2006,4,2006.25,27.51,27.83,-0.32,-0.37,N
2006,5,2006.33,27.85,27.94,-0.09,-0.14,N
2006,6,2006.42,27.73,27.73,0,-0.03,N
2006,7,2006.50,27.3,27.29,0,0.1,N
2006,8,2006.58,27.16,26.86,0.3,0.3,N
2006,9,2006.67,27.32,26.72,0.6,0.53,E
2006,10,2006.75,27.42,26.72,0.7,0.76,E
2006,11,2006.83,27.7,26.7,0.99,0.94,E
2006,12,2006.92,27.74,26.6,1.14,0.94,E
2007,1,2007.00,27.25,26.55,0.7,0.66,E
2007,2,2007.08,26.9,26.77,0.13,0.22,N
2007,3,2007.17,27.12,27.3,-0.18,-0.12,N
2007,4,2007.25,27.51,27.83,-0.31,-0.32,N
2007,5,2007.33,27.46,27.94,-0.47,-0.38,N
2007,6,2007.42,27.37,27.73,-0.36,-0.47,N
2007,7,2007.50,26.7,27.29,-0.59,-0.56,L
2007,8,2007.58,26.13,26.86,-0.72,-0.81,L
2007,9,2007.67,25.61,26.72,-1.11,-1.08,L
2007,10,2007.75,25.33,26.72,-1.39,-1.34,L
2007,11,2007.83,25.17,26.7,-1.53,-1.5,L
2007,12,2007.92,25.02,26.6,-1.58,-1.6,L
2008,1,2008.00,24.87,26.55,-1.68,-1.64,L
2008,2,2008.08,25.1,26.77,-1.67,-1.52,L
2008,3,2008.17,26.09,27.3,-1.21,-1.29,L
2008,4,2008.25,26.84,27.83,-0.99,-1.01,L
2008,5,2008.33,27.09,27.94,-0.84,-0.84,L
2008,6,2008.42,27.04,27.73,-0.69,-0.61,L
2008,7,2008.50,26.99,27.29,-0.3,-0.37,N
2008,8,2008.58,26.72,26.86,-0.13,-0.23,N
2008,9,2008.67,26.47,26.72,-0.25,-0.25,N
2008,10,2008.75,26.37,26.72,-0.35,-0.35,N
2008,11,2008.83,26.25,26.7,-0.46,-0.56,L
2008,12,2008.92,25.74,26.6,-0.86,-0.74,L
2009,1,2009.00,25.67,26.55,-0.89,-0.85,L
2009,2,2009.08,25.97,26.77,-0.79,-0.79,L
2009,3,2009.17,26.6,27.3,-0.7,-0.61,L
2009,4,2009.25,27.48,27.83,-0.35,-0.33,N
2009,5,2009.33,27.99,27.94,0.06,0.01,N
2009,6,2009.42,28.04,27.73,0.31,0.28,N
2009,7,2009.50,27.77,27.29,0.48,0.45,N
2009,8,2009.58,27.42,26.86,0.56,0.57,E
2009,9,2009.67,27.4,26.72,0.68,0.71,E
2009,10,2009.75,27.61,26.72,0.89,1.01,E
2009,11,2009.83,28.15,26.7,1.45,1.36,E
2009,12,2009.92,28.33,26.6,1.73,1.56,E
2010,1,2010.00,28.06,26.55,1.51,1.5,E
2010,2,2010.08,28.01,26.77,1.25,1.22,E
2010,3,2010.17,28.19,27.3,0.9,0.84,E
2010,4,2010.25,28.21,27.83,0.39,0.36,N
2010,5,2010.33,27.72,27.94,-0.22,-0.17,N
2010,6,2010.42,27.04,27.73,-0.69,-0.66,L
2010,7,2010.50,26.23,27.29,-1.07,-1.05,L
2010,8,2010.58,25.47,26.86,-1.38,-1.35,L
2010,9,2010.67,25.13,26.72,-1.59,-1.55,L
2010,10,2010.75,25.03,26.72,-1.69,-1.64,L
2010,11,2010.83,25.06,26.7,-1.64,-1.64,L
2010,12,2010.92,25,26.6,-1.6,-1.59,L
2011,1,2011.00,25.02,26.55,-1.54,-1.41,L
2011,2,2011.08,25.66,26.77,-1.1,-1.18,L
2011,3,2011.17,26.38,27.3,-0.91,-0.92,L
2011,4,2011.25,27.07,27.83,-0.76,-0.73,L
2011,5,2011.33,27.42,27.94,-0.52,-0.55,L
2011,6,2011.42,27.35,27.73,-0.38,-0.44,N
2011,7,2011.50,26.87,27.29,-0.42,-0.48,N
2011,8,2011.58,26.22,26.86,-0.64,-0.62,L
2011,9,2011.67,25.92,26.72,-0.79,-0.83,L
2011,10,2011.75,25.67,26.72,-1.05,-1.01,L
2011,11,2011.83,25.53,26.7,-1.18,-1.09,L
2011,12,2011.92,25.55,26.6,-1.06,-1.03,L
2012,1,2012.00,25.69,26.55,-0.87,-0.87,L
2012,2,2012.08,26.09,26.77,-0.67,-0.72,L
2012,3,2012.17,26.68,27.3,-0.61,-0.6,L
2012,4,2012.25,27.33,27.83,-0.5,-0.48,N
2012,5,2012.33,27.61,27.94,-0.32,-0.27,N
2012,6,2012.42,27.75,27.73,0.02,-0.02,N
2012,7,2012.50,27.54,27.29,0.24,0.24,N
2012,8,2012.58,27.32,26.86,0.46,0.36,N
2012,9,2012.67,27.1,26.72,0.38,0.36,N
2012,10,2012.75,26.98,26.72,0.26,0.26,N
2012,11,2012.83,26.86,26.7,0.15,0.05,N
2012,12,2012.92,26.34,26.6,-0.26,-0.21,N
2013,1,2013.00,26.03,26.55,-0.52,-0.43,N
2013,2,2013.08,26.25,26.77,-0.51,-0.43,N
2013,3,2013.17,27.04,27.3,-0.25,-0.34,N
2013,4,2013.25,27.58,27.83,-0.25,-0.3,N
2013,5,2013.33,27.54,27.94,-0.4,-0.36,N
2013,6,2013.42,27.3,27.73,-0.43,-0.41,N
2013,7,2013.50,26.9,27.29,-0.39,-0.4,N
2013,8,2013.58,26.47,26.86,-0.38,-0.32,N
2013,9,2013.67,26.54,26.72,-0.18,-0.26,N
2013,10,2013.75,26.52,26.72,-0.2,-0.18,N
2013,11,2013.83,26.56,26.7,-0.14,-0.17,N
2013,12,2013.92,26.44,26.6,-0.16,-0.27,N
2014,1,2014.00,26.05,26.55,-0.51,-0.43,N
2014,2,2014.08,26.14,26.77,-0.63,-0.47,N
2014,3,2014.17,27.01,27.3,-0.29,-0.28,N
2014,4,2014.25,27.9,27.83,0.08,0.03,N
2014,5,2014.33,28.24,27.94,0.31,0.2,N
2014,6,2014.42,27.94,27.73,0.21,0.15,N
2014,7,2014.50,27.22,27.29,-0.07,0.03,N
2014,8,2014.58,26.82,26.86,-0.04,0.05,N
2014,9,2014.67,27,26.72,0.28,0.22,N
2014,10,2014.75,27.15,26.72,0.43,0.48,N
2014,11,2014.83,27.45,26.7,0.74,0.62,E
2014,12,2014.92,27.3,26.6,0.7,0.65,E
2015,1,2015.00,27.07,26.55,0.52,0.55,E
2015,2,2015.08,27.2,26.77,0.43,0.48,N
2015,3,2015.17,27.78,27.3,0.48,0.54,E
2015,4,2015.25,28.53,27.83,0.7,0.7,E
2015,5,2015.33,28.86,27.94,0.92,0.93,E
2015,6,2015.42,28.9,27.73,1.17,1.18,E
2015,7,2015.50,28.74,27.29,1.45,1.51,E
2015,8,2015.58,28.78,26.86,1.92,1.86,E
2015,9,2015.67,28.92,26.72,2.2,2.16,E
2015,10,2015.75,29.07,26.72,2.35,2.42,E
2015,11,2015.83,29.41,26.7,2.71,2.57,E
2015,12,2015.92,29.26,26.6,2.66,2.64,E
2016,1,2016.00,29.12,26.55,2.56,2.49,E
2016,2,2016.08,29.02,26.77,2.25,2.15,E
2016,3,2016.17,28.92,27.3,1.62,1.59,E
2016,4,2016.25,28.74,27.83,0.91,0.95,E
2016,5,2016.33,28.25,27.94,0.32,0.4,N
2016,6,2016.42,27.72,27.73,-0.01,-0.05,N
2016,7,2016.50,26.83,27.29,-0.46,-0.35,N
2016,8,2016.58,26.3,26.86,-0.56,-0.53,L
2016,9,2016.67,26.16,26.72,-0.56,-0.62,L
2016,10,2016.75,25.99,26.72,-0.73,-0.68,L
2016,11,2016.83,25.96,26.7,-0.75,-0.66,L
2016,12,2016.92,26.11,26.6,-0.49,-0.56,L
2017,1,2017.00,26.13,26.55,-0.43,-0.33,N
2017,2,2017.08,26.68,26.77,-0.08,-0.16,N
2017,3,2017.17,27.33,27.3,0.03,0.05,N
2017,4,2017.25,28.03,27.83,0.21,0.2,N
2017,5,2017.33,28.29,27.94,0.36,0.3,N
2017,6,2017.42,28.06,27.73,0.33,0.32,N
2017,7,2017.50,27.55,27.29,0.26,0.15,N
2017,8,2017.58,26.71,26.86,-0.15,-0.11,N
2017,9,2017.67,26.29,26.72,-0.43,-0.38,N
2017,10,2017.75,26.15,26.72,-0.56,-0.65,L
2017,11,2017.83,25.75,26.7,-0.96,-0.84,L
2017,12,2017.92,25.61,26.6,-0.99,-0.98,L
2018,1,2018.00,25.58,26.55,-0.97,-0.91,L
2018,2,2018.08,25.99,26.77,-0.78,-0.85,L
2018,3,2018.17,26.5,27.3,-0.79,-0.69,L
2018,4,2018.25,27.33,27.83,-0.5,-0.5,N
2018,5,2018.33,27.75,27.94,-0.19,-0.21,N
2018,6,2018.42,27.79,27.73,0.06,0.01,N
2018,7,2018.50,27.44,27.29,0.14,0.11,N
2018,8,2018.58,26.97,26.86,0.11,0.25,N
2018,9,2018.67,27.21,26.72,0.49,0.51,E
2018,10,2018.75,27.64,26.72,0.92,0.78,E
2018,11,2018.83,27.63,26.7,0.92,0.91,E
2018,12,2018.92,27.5,26.6,0.9,0.83,E
2019,1,2019.00,27.21,26.55,0.66,0.76,E
2019,2,2019.08,27.49,26.77,0.72,0.73,E
2019,3,2019.17,28.11,27.3,0.82,0.72,E
2019,4,2019.25,28.46,27.83,0.63,0.67,E
2019,5,2019.33,28.5,27.94,0.56,0.55,E
2019,6,2019.42,28.19,27.73,0.46,0.46,N
2019,7,2019.50,27.65,27.29,0.36,0.29,N
2019,8,2019.58,26.91,26.86,0.05,0.15,N
2019,9,2019.67,26.77,26.72,0.05,0.2,N
2019,10,2019.75,27.22,26.72,0.5,0.36,N
2019,11,2019.83,27.24,26.7,0.54,0.52,E
2019,12,2019.92,27.13,26.6,0.53,0.56,E
2020,1,2020.00,27.16,26.55,0.61,0.5,E
2020,2,2020.08,27.14,26.77,0.37,0.49,N
2020,3,2020.17,27.78,27.3,0.48,0.41,N
2020,4,2020.25,28.2,27.83,0.37,0.2,N
2020,5,2020.33,27.67,27.94,-0.27,-0.08,N
2020,6,2020.42,27.4,27.73,-0.33,-0.3,N
2020,7,2020.50,27,27.29,-0.29,-0.4,N
2020,8,2020.58,26.28,26.86,-0.58,-0.56,L
2020,9,2020.67,25.9,26.72,-0.82,-0.88,L
2020,10,2020.75,25.48,26.72,-1.24,-1.16,L
2020,11,2020.83,25.3,26.7,-1.41,-1.26,L
2020,12,2020.92,25.46,26.6,-1.14,-1.18,L
2021,1,2021.00,25.56,26.55,-1,-1.05,L
2021,2,2021.08,25.76,26.77,-1,-0.93,L
2021,3,2021.17,26.5,27.3,-0.8,-0.84,L
2021,4,2021.25,27.11,27.83,-0.72,-0.66,L
2021,5,2021.33,27.48,27.94,-0.46,-0.49,N
2021,6,2021.42,27.45,27.73,-0.28,-0.38,N
2021,7,2021.50,26.9,27.29,-0.39,-0.4,N
2021,8,2021.58,26.32,26.86,-0.53,-0.49,N
2021,9,2021.67,26.16,26.72,-0.55,-0.68,L
2021,10,2021.75,25.78,26.72,-0.94,-0.81,L
2021,11,2021.83,25.76,26.7,-0.94,-0.98,L
2021,12,2021.92,25.54,26.6,-1.06,-0.99,L
2022,1,2022.00,25.6,26.55,-0.95,-0.97,L
2022,2,2022.08,25.87,26.77,-0.9,-0.94,L
2022,3,2022.17,26.32,27.3,-0.98,-1,L
2022,4,2022.25,26.7,27.83,-1.13,NaN,M
2022,5,2022.33,NaN,27.94,NaN,NaN,M
2022,6,2022.42,NaN,27.73,NaN,NaN,M
2022,7,2022.50,NaN,27.29,NaN,NaN,M
2022,8,2022.58,NaN,26.86,NaN,NaN,M
2022,9,2022.67,NaN,26.72,NaN,NaN,M
2022,10,2022.75,NaN,26.72,NaN,NaN,M
2022,11,2022.83,NaN,26.7,NaN,NaN,M
2022,12,2022.92,NaN,26.6,NaN,NaN,M