Depth [m],d18O [permil],Age [yr BP]
2.13,-34.73,-36.88
4,-35.9,-33.99
6,-35.4,-30.08
8,-34.67,-26.37
10,-35,-21.83
12,-34.2,-17.33
14,-33.59,-12.41
16,-35.71,-7.62
18,-34.76,-3.06
20,-34.71,2.25
22,-33.51,7.05
24,-34.13,11.79
26,-34.01,17.24
28,-36.39,22.54
30,-35.7,28.97
32,-35.98,34.88
34,-34.55,40.27
36,-34.94,46.68
38,-35.25,53.44
40,-34.96,59.31
42,-35.27,65.1
44,-34.34,71.32
46,-34.31,77.32
48,-35.35,84.1
50,-35.8,90.64
52,-34.61,96.83
54,-35.37,103.41
56,-35.62,110.92
58,-35.07,117.83
60,-34.93,123.27
62,-34.87,130.45
64,-35.44,138.57
66,-34.66,145.06
68,-35.22,152.43
70,-34.59,159.35
72,-35.5,166.21
74,-34.52,174.43
76,-35.05,181.84
78,-36.12,190.23
80,-35.09,197.26
82,-35.16,204.28
84,-35.62,212.7
86,-34.35,219.84
88,-35.94,227.23
90,-35.15,235.16
92,-35.31,243.26
94,-35.89,251.48
96,-35.09,258.78
98,-35.17,266.09
100,-34.66,273.2
102,-34.81,281.33
104,-34.82,290
106,-34.72,297.5
108,-36.22,305
110,-34.88,313.33
112,-35.29,320.33
114,-34.33,328.67
116,-35.26,336.33
118,-34.89,345.33
120,-35.23,353
122,-35.29,361.33
124,-34.9,369
126,-36.1,377
128,-34.75,386
130,-34.83,395.33
132,-35.23,403.5
134,-34.5,411.33
136,-35.14,419.33
138,-35.81,427.5
140,-35.05,437.33
142,-34.88,445.33
144,-34.71,453
146,-35.68,461.33
148,-35.59,470.25
150,-35.08,480
152,-34.57,489.67
154,-35.25,498
156,-34.93,506.5
158,-35.28,515.33
160,-34.62,523
162,-34.84,531
164,-34.38,539.33
166,-34.62,548
168,-35.28,556.5
170,-35.22,564
172,-34.75,572.67
174,-35.28,581
176,-35.99,589
178,-35.1,597.67
180,-35.26,606.33
182,-35.36,614.67
184,-35.11,623.33
186,-34.99,632.33
188,-34.99,640.67
190,-34.89,649.5
192,-35.49,658.5
194,-34.07,666.92
196,-34.95,675.63
198,-35.6,684.33
200,-34.46,693.18
202,-35.05,702.74
204,-35.75,711.1
206,-34.87,720
208,-34.67,730.11
210,-34.14,738.73
212,-35.36,748.89
214,-34.97,758.35
216,-35.12,767.3
218,-35.35,776.71
220,-35.6,786.55
222,-35.6,794.78
224,-34.51,803.78
226,-34.57,812.04
228,-34.27,819.96
230,-34.49,829
232,-35.23,837.53
234,-34.56,845.85
236,-35.12,854.5
238,-34.67,862.48
240,-35.01,872.1
242,-34.82,882.43
244,-35.2,889.73
246,-34.88,898.31
248,-35.03,906.79
250,-35.54,915.04
252,-34.57,924.95
254,-34.55,932.38
256,-34.85,941.04
258,-34.78,949.67
260,-34.26,957.78
262,-34.48,967.74
264,-34.02,975.89
266,-35.53,984.33
268,-34.05,993.33
270,-34.6,1001.88
272,-34.08,1010.55
274,-34.63,1019.07
276,-35.35,1027.61
278,-34.57,1036.84
280,-35.4,1046.32
282,-34.73,1054.83
284,-35.24,1063.67
286,-35.13,1071.85
288,-35.08,1080.85
290,-36.17,1090.13
292,-35.12,1098.18
294,-35.49,1106.36
296,-34.34,1115.06
298,-35.4,1124.27
300,-35.59,1132.32
302,-35.27,1140.29
304,-34.86,1149.85
306,-34.37,1158.18
308,-35.59,1166.38
310,-35.09,1175.47
312,-35.22,1184.09
314,-34.61,1193.3
316,-34.6,1201.32
318,-34.93,1209.57
320,-35.56,1218.12
322,-35.39,1227.41
324,-34.88,1237.1
326,-35.49,1246.76
328,-35.54,1255.57
330,-34.77,1264.17
332,-34.97,1272.4
334,-35.36,1281.11
336,-34.57,1290.15
338,-35.16,1298.46
340,-35.1,1308.57
342,-35.01,1317
344,-34.77,1325.79
346,NaN,1337.1
348,NaN,1347.1
350,NaN,1357.1
352,NaN,1367.1
354,NaN,1377.1
356,NaN,1387.1
358,NaN,1397.1
360,-34.81,1406.54
362,-35.1,1415.68
364,-34.18,1426.15
366,-35.16,1435.96
368,-34.82,1446.55
370,-35.13,1456.63
372,-34.54,1466.59
374,-35.27,1475.08
376,-33.99,1484.23
378,-34.89,1493.3
380,-35.21,1502.8
382,-34.1,1513.27
384,-34.28,1522.19
386,-34.09,1532.56
388,-35.22,1541.9
390,NaN,1551.9
392,-34.8,1561.78
394,NaN,1570.86
396,-34.95,1580.38
398,-34.81,1589.79
400,-34.74,1600.5
402,-34.87,1611.09
404,-35.05,1619.82
406,-34.7,1630.05
408,-34.62,1639.43
410,-34.58,1650.27
412,-34.5,1660.7
414,-34.04,1670.29
416,-34.5,1679.55
418,-35.14,1690.36
420,-34.67,1700.79
422,-35.11,1710.63
424,-35.22,1720.64
426,-35.04,1731.05
428,-35.02,1741.26
430,-34.8,1751
432,-35.01,1762.05
434,-35.9,1773.5
436,-35.07,1784.59
438,-34.97,1793.89
440,-34.92,1804.56
442,-35.08,1813.83
444,-34.45,1822.89
446,-34.47,1832.83
448,-34.98,1843.06
450,-35.21,1853.2
452,-34.67,1863.91
454,-34.44,1873.11
456,-33.93,1882.83
458,-34.68,1891.18
460,-35.63,1901.41
462,-34.68,1910.1
464,-35.17,1919.53
466,-34.53,1929.2
468,-34.98,1939
470,-34.37,1948.65
472,-34.8,1958.3
474,-33.98,1968.17
476,NaN,1977.75
478,-34.19,1987.75
480,-35.13,1996.62
482,-34.81,2007.71
484,-34.48,2018.68
486,-35.06,2030.18
488,-34.19,2039.75
490,-34.5,2050.5
492,-33.58,2060.16
494,-34.8,2069.82
496,-34.51,2079.7
498,-34.36,2089.81
500,-33.93,2100.43
502,-34.41,2110.27
504,-35.04,2120.86
506,-35.13,2132.56
508,-35.16,2143.38
510,-34.84,2153.55
512,-34.96,2163.64
514,-34.42,2173.83
516,-34.91,2184.17
518,-34.5,2194.24
520,-34.84,2203.76
522,-34.59,2214.3
524,-34.08,2224
526,-34.8,2234.16
528,-34.43,2244.15
530,-35.18,2254
532,-35.28,2264.55
534,-35.26,2274.9
536,-34.95,2284.95
538,-34.55,2294.95
540,-34.34,2305.11
542,-35.13,2315.73
544,-34.88,2325.84
546,NaN,2335.63
548,-34.79,2346.2
550,-34.14,2357.07
552,-33.77,2367.58
554,-34.24,2377.45
556,-34.61,2387.61
558,-34.55,2397.63
560,-34.97,2408.1
562,-34.99,2419.07
564,-34.62,2429
566,-35.4,2439.67
568,-35.61,2450.58
570,-34.51,2461.5
572,-34.42,2471.9
574,-34.75,2482.08
576,-34.82,2492.15
578,-35.1,2504.53
580,-34.17,2515.13
582,-35.12,2526
584,-34.48,2536.69
586,-34.33,2548.45
588,-34.54,2559.46
590,-34.63,2569.95
592,-35.33,2581.4
594,-34.56,2591.89
596,-34.88,2602.48
598,-35.13,2612.76
600,-35.13,2623.39
602,-34.79,2634.04
604,-34.54,2644.35
606,-35.35,2655.25
608,-34.97,2666.55
610,-35.18,2676.7
612,-34.39,2688.2
614,-35.01,2699.17
616,-34.05,2709.36
618,-33.95,2721.53
620,-34.85,2734.32
622,-35.54,2745.52
624,-34.88,2756.14
626,-35.16,2766.74
628,-34.52,2777.81
630,-35.15,2788.14
632,-34.96,2798.26
634,-34.05,2808.7
636,-34.92,2818.75
638,-34.44,2829.53
640,-34.65,2840.63
642,-34.37,2851.6
644,-34.47,2862.5
646,-34.58,2873.26
648,-35.43,2883.78
650,-34.7,2895.06
652,-34.07,2906.19
654,-35.12,2916.5
656,-34.32,2927.05
658,-34.6,2937.8
660,-34.72,2948.59
662,-34.88,2960.23
664,-35.54,2971.23
666,-35.14,2982.81
668,-34.93,2993
670,-34.73,3004
672,-35.08,3014.56
674,-34.44,3025.44
676,-34.84,3036.12
678,-34.95,3047.16
680,-34.85,3058.31
682,-34.26,3070.41
684,-34.5,3082.92
686,-34.82,3095.6
688,-34.81,3109
690,-35.35,3120.17
692,-34.78,3131.89
694,-33.86,3144.15
696,-34.2,3155.54
698,-34.29,3167.45
700,-34.82,3178.57
702,-34.78,3188.5
704,-34.74,3199.14
706,-34.42,3210.93
708,-34.54,3224.68
710,-34.36,3236.71
712,-34.54,3247.39
714,-34.61,3259.05
716,-34.46,3270.63
718,-34.09,3282.44
720,-33.7,3293.35
722,-34.5,3305.49
724,-34.55,3317.85
726,-34.33,3329.4
728,-34.76,3340.7
730,-35.03,3353.05
732,-35.24,3364.38
734,-35.2,3376.57
736,-35.01,3387.82
738,-35,3399.88
740,-35.32,3412.19
742,NaN,3424.42
744,NaN,3436.41
746,-34.9,3448.41
748,-34.44,3460.68
750,-34.91,3472.91
752,-34.23,3484.29
754,-34.16,3496.5
756,-34.34,3508.4
758,-34.65,3519.49
760,-34.4,3531.52
762,-35.25,3543.97
764,-35.14,3555.81
766,-34.68,3568.11
768,-34.69,3579
770,-34.18,3590.56
772,-34.73,3602.03
774,-34.63,3615.28
776,-34.28,3627.32
778,-35.1,3639.3
780,-34.07,3651.06
782,-34.65,3663.93
784,-34.84,3675.59
786,-34.56,3686.72
788,-34.87,3697.83
790,-34.88,3710.03
792,-34.91,3722.07
794,-35.11,3734.5
796,-34.64,3746.38
798,-34.24,3758.2
800,-35.05,3770.44
802,-34.41,3782.68
804,-35.05,3793.87
806,-34.93,3805.92
808,-35.22,3818.09
810,-34.33,3830.56
812,-35.48,3842.91
814,-34.92,3855.18
816,-34.78,3866.82
818,-35.36,3878.86
820,-35.01,3891.6
822,-34.37,3903.94
824,-34.99,3916.31
826,-35.21,3929.2
828,-35.16,3941.12
830,-34.92,3953.55
832,-34.68,3967.06
834,-34.61,3979.43
836,-34.61,3992.29
838,-34.24,4004.45
840,-34.54,4016.68
842,-35.18,4030.21
844,-35.06,4042.56
846,-34.63,4054.94
848,-34.36,4067.61
850,-35.35,4080.64
852,-34.78,4093.74
854,-33.81,4105.9
856,-34.96,4118.96
858,-34.4,4132.19
860,-34.79,4145
862,-35.02,4157.52
864,-34.53,4169.26
866,-34.76,4181.82
868,-34.46,4194.15
870,-34.7,4206.61
872,-34.68,4219.25
874,-34.93,4231.65
876,-35.02,4243.74
878,-34.18,4257.38
880,-34.24,4270.47
882,-34.54,4282.6
884,-35,4295.32
886,-34.69,4307.36
888,-34.86,4320.14
890,-34.59,4333.33
892,-35.49,4345.59
894,-35.79,4359.06
896,-34.56,4371.36
898,-35.41,4384.23
900,-34.74,4396.94
902,-34.79,4410.21
904,-35.26,4422.63
906,-34.49,4435.48
908,-34.52,4448.04
910,-35.76,4460.3
912,-34.88,4473.22
914,-34.75,4486.16
916,-35.24,4499.46
918,-34.53,4512.88
920,-34.89,4525.27
922,-34.87,4538.4
924,-35.11,4551.89
926,-34.58,4565.08
928,-34.33,4578.24
930,-34.9,4590.82
932,-35.52,4603.9
934,-35.11,4617.14
936,-34.67,4630.68
938,-36.09,4643.45
940,-36.16,4656.37
942,-34.57,4669.83
944,-34.6,4681.56
946,-34.95,4694.31
948,-34.68,4708.64
950,-34.61,4721.16
952,-35.43,4734
954,-35.32,4747.35
956,-35.16,4761.36
958,-35.64,4774.13
960,-34.73,4788.47
962,-34.61,4801.8
964,-34.91,4814.75
966,-34.97,4828.16
968,-35.24,4840.7
970,-34.53,4854.06
972,-33.68,4866.92
974,-34.76,4880.18
976,-34.67,4893.69
978,-34.52,4906.79
980,-34.82,4920.11
982,-33.96,4933.27
984,-34.9,4946.3
986,-34.66,4959.17
988,-34.71,4973.27
990,-35.09,4987.5
992,-34.31,5000.66
994,-35.04,5015.09
996,-34.52,5028.65
998,-34.21,5041.69
1000,-34.57,5054.7
1002,-35.18,5069.84
1004,-35.24,5083.56
1006,-34.73,5097.29
1008,-34.35,5110.46
1010,-34.22,5125.04
1012,-35.11,5138.67
1014,-34.78,5152.71
1016,-33.59,5167.06
1018,-34.74,5180.66
1020,-34.16,5195.2
1022,-34.51,5209.7
1024,-34.99,5223.66
1026,-34.56,5237.8
1028,-34.6,5251
1030,NaN,5265.52
1032,-35.04,5279.5
1034,-35.18,5294.09
1036,-34.88,5309.08
1038,-35.1,5323.39
1040,-34.89,5338.08
1042,-34.62,5352.21
1044,-35.4,5366.07
1046,-35.72,5380.19
1048,-35.16,5393.63
1050,-35.27,5407.43
1052,-34.66,5421.97
1054,-34.63,5437.13
1056,-34.65,5451.33
1058,-35.07,5465.73
1060,-34.33,5480.36
1062,-34.42,5495.56
1064,-34.51,5510.9
1066,-34.76,5526.36
1068,-34.51,5540.71
1070,-34.57,5555.55
1072,-34.63,5570.68
1074,-34.4,5584.31
1076,-34.97,5599.67
1078,-34.4,5613.81
1080,-34.49,5629.81
1082,-34.94,5645.2
1084,-34.83,5660.13
1086,-33.98,5675.29
1088,-34.84,5692.14
1090,-34.76,5707.89
1092,-34.71,5723.82
1094,-35.09,5739.32
1096,-34.67,5755.71
1098,-35.04,5772.12
1100,-34.35,5787.1
1102,-34.68,5802.94
1104,-34.83,5818.46
1106,-35.33,5832.91
1108,-34.75,5848.81
1110,-33.92,5863.79
1112,-34.96,5879.07
1114,-34.3,5894.12
1116,-34.94,5909
1118,-34.9,5924.41
1120,-34.51,5939.31
1122,-34.39,5954.43
1124,-34.69,5969.75
1126,-34.79,5983.29
1128,-34.44,5998.52
1130,-34.55,6013.87
1132,-34.97,6029.62
1134,-34.92,6044.2
1136,-35.03,6060.24
1138,-34.34,6075.93
1140,-35.44,6092.18
1142,-35.32,6108.29
1144,-34.75,6124.5
1146,-34.33,6140.63
1148,-34.69,6155
1150,-34.21,6168.83
1152,-35.18,6184.88
1154,-34.33,6201.43
1156,-35.04,6216.86
1158,-34.98,6233.21
1160,-35.08,6249.88
1162,-34.89,6266.2
1164,-35.13,6282.33
1166,-35.48,6296.91
1168,-34.2,6313.36
1170,-34.57,6328.69
1172,-34.72,6344.4
1174,-34.56,6359.58
1176,-35.05,6375.14
1178,-34.48,6389.81
1180,-34.54,6406.5
1182,-35.04,6422.37
1184,-35.13,6438.12
1186,-34.7,6454.07
1188,-34.71,6469.71
1190,-34.77,6486.21
1192,-34.53,6502
1194,-35.11,6517.33
1196,-34.79,6533.77
1198,-35.01,6549.23
1200,-35.44,6564.13
1202,-34.58,6580.08
1204,-34.59,6596.04
1206,-34.98,6611.25
1208,-35.19,6627.08
1210,-34.49,6643.92
1212,-34.22,6659.05
1214,-35.09,6675.25
1216,-34.91,6691.64
1218,-34.65,6707.33
1220,-34.83,6724.3
1222,-35.08,6740.25
1224,-33.94,6757.26
1226,-34.25,6774.04
1228,-34.24,6790.67
1230,-34.29,6808.91
1232,-33.79,6825.29
1234,-33.65,6841.69
1236,-34.9,6858.26
1238,-34.67,6873.58
1240,-33.97,6890.17
1242,-34.07,6906.45
1244,-34.31,6922.73
1246,-35.2,6939.24
1248,-34.2,6956.25
1250,-34.65,6974
1252,-35.02,6990.59
1254,-34.16,7008.16
1256,-34.83,7025.08
1258,-35.21,7042.42
1260,-35.15,7060.1
1262,-35.14,7076.83
1264,-34.9,7094.28
1266,-34.73,7111.27
1268,-34.66,7128.21
1270,-35.42,7145.08
1272,-34.29,7161.5
1274,-35.03,7177.06
1276,-34.73,7195.32
1278,-35.13,7212.55
1280,-35.02,7229.61
1282,-34.98,7247.2
1284,-34.95,7265.5
1286,-34.37,7282.83
1288,-35.03,7299.06
1290,-34.28,7316.27
1292,-34.29,7333.96
1294,-34.42,7350.86
1296,-34.99,7367.52
1298,-34.73,7384.26
1300,-33.94,7401.25
1302,-34.58,7419.24
1304,-34.42,7435.32
1306,-34.61,7452.23
1308,-34.61,7469.42
1310,-35,7486.77
1312,-35.64,7504.37
1314,-34.46,7521.92
1316,-34.89,7540.25
1318,-34.59,7556.67
1320,-34.39,7573.11
1322,-34.83,7590.41
1324,-33.71,7607.36
1326,-35.14,7625.05
1328,-34.4,7643.04
1330,-34.64,7660.04
1332,-34.24,7678.27
1334,-33.84,7694.75
1336,-34.57,7711.95
1338,-34.01,7730.52
1340,-34.45,7747.83
1342,-34.53,7765.04
1344,-34.37,7782.1
1346,-34.35,7799.36
1348,-33.41,7815.85
1350,-34.71,7832.76
1352,-34.12,7851.36
1354,-34.41,7868.81
1356,-34.7,7886.05
1358,-34.4,7903.95
1360,-34.81,7922.17
1362,-34.78,7939.58
1364,-34.16,7958.71
1366,-34.3,7976.5
1368,-34.57,7993.32
1370,-34.49,8011.57
1372,-35.19,8030.42
1374,-35.18,8048.79
1376,-34.77,8065.92
1378,-35.15,8085.42
1380,-34.73,8100.29
1382,-35.27,8119.15
1384,-34.92,8136
1386,-35.35,8157.15
1388,-36.19,8175.64
1390,-36.01,8197
1392,-36.44,8215.36
1394,-35.73,8235.23
1396,-35.27,8256
1398,-34.77,8276.63
1400,-34.54,8295.8
1402,-34.73,8312.92
1404,-34.45,8330.5
1406,-34.83,8350.33
1408,-34.84,8370.18
1410,-34.98,8388.92
1412,-34.92,8407.31
1414,-34.34,8427.69
1416,-34.85,8444.86
1418,-34.6,8465.22
1420,-34.71,8484.5
1422,-34.81,8504.71
1424,-34.96,8523.83
1426,-34.86,8543.2
1428,-34.32,8562.42
1430,-34.49,8579.33
1432,-34.54,8598.38
1434,-34.54,8617.37
1436,-34.71,8636.33
1438,-34.85,8654.62
1440,-34.4,8673.17
1442,-34.73,8693.33
1444,-34.76,8713.22
1446,-34.06,8731.5
1448,-34.52,8750.17
1450,-34.68,8768.43
1452,-34.31,8787.7
1454,-34.36,8808.17
1456,-34.88,8829
1458,-34.79,8850.14
1460,-34.23,8869.38
1462,-33.99,8888.67
1464,-33.82,8907.6
1466,-34.58,8926.14
1468,-34.66,8946.56
1470,-34.57,8967.14
1472,-35.09,8987.33
1474,-34.57,9007.07
1476,-34.46,9027.67
1478,-34.39,9048.35
1480,-34.77,9066.86
1482,-33.9,9085.81
1484,-34.46,9105.09
1486,-34.9,9123.86
1488,-34.9,9144
1490,-34.48,9164.67
1492,-34.65,9183.22
1494,-35.33,9204.73
1496,-35.03,9226.75
1498,-34.6,9248
1500,-35.07,9268.78
1502,-33.94,9290.17
1504,-34.19,9312.83
1506,-34.4,9331.83
1508,-34.15,9353.78
1510,-34.89,9374
1512,-34.39,9396.43
1514,-34.92,9417.7
1516,-35.48,9438.78
1518,-35.13,9459.44
1520,-35.28,9481.38
1522,-34.84,9504.44
1524,-35.09,9528.2
1526,-34.4,9550.63
1528,-34.64,9573.79
1530,-34.78,9595.89
1532,-33.9,9619.45
1534,-35.34,9643.32
1536,-34.28,9664.95
1538,-34.21,9690.41
1540,-34.48,9713.22
1542,-35.23,9735.62
1544,-34.14,9759.5
1546,-34.57,9783.31
1548,-35.31,9806.89
1550,-35.07,9828.67
1552,-35.04,9852.23
1554,-34.86,9873.89
1556,-34.17,9899.05
1558,-35.17,9920.42
1560,-34.9,9945.36
1562,-34.62,9968.58
1564,-35.17,9990.42
1566,-34.59,10014.2
1568,-35.45,10038
1570,-35.61,10061.5
1572,-35.57,10084.5
1574,-34.65,10109.4
1576,-35.05,10134.8
1578,-35.4,10161.1
1580,-35.46,10187.5
1582,-35.16,10214.1
1584,-35.33,10238.1
1586,-35.14,10262.1
1588,-35.87,10285.8
1590,-36.26,10312.2
1592,-35.83,10339.5
1594,-35.83,10363.6
1596,-35.87,10390
1598,-35.35,10414.8
1600,-35.38,10443.3
1602,-36,10471
1604,-35.69,10499
1606,-35.51,10527
1608,-36.05,10555
1610,-35.65,10582
1612,-35.49,10610
1614,-36.52,10640
1616,-35.61,10668
1618,-36.59,10696
1620,-35.5,10724
1622,-35.99,10754
1624,-35.99,10781
1626,-36.13,10809
1628,-36.24,10839
1630,-36.92,10868
1632,-36.82,10899
1634,-36.52,10927
1636,-36.04,10957
1638,-36.53,10987
1640,-36.4,11019
1642,-36.67,11049
1644,-36.56,11082
1646,-36.81,11111
1648,-36.76,11142
1650,-35.82,11175
1652,-36.42,11205
1654,-37.11,11236
1656,-36.52,11269
1658,-37.09,11301
1660,-38.25,11333
1662,-38.05,11370
1664,-37.05,11408
1666,-37.39,11441
1668,-36.77,11474
1670,-36.57,11504
1672,-36.46,11538
1674,-36.54,11573
1676,-38.72,11609
1678,-40.29,11652
1680,-40.01,11717
1682,-40.48,11785
1684,-40.45,11851
1686,-40.7,11921
1688,-39.57,11991
1690,-40.14,12066
1692,-40.71,12136
1694,-40.3,12208
1696,-40.36,12284
1698,-40.14,12363
1700,-41.34,12437
1702,-40.84,12512
1704,-41.66,12590
1706,-40.85,12667
1708,-40.58,12741
1710,-40.45,12816
1712,-38.76,12882
1714,-38.24,12935
1716,-38.44,12976
1718,-38.63,13017
1720,-39.27,13064
1722,-40.98,13107
1724,-39.69,13167
1726,-39.15,13224
1728,-38.46,13278
1730,-38.46,13328
1732,-37.2,13378
1734,-38,13422
1736,-37.81,13466
1738,-37.19,13509
1740,-37.61,13550
1742,-38.18,13587
1744,-38.36,13634
1746,-38.07,13682
1748,-37.8,13724
1750,-37.91,13764
1752,-37.53,13803
1754,-38.13,13844
1756,-38.19,13886
1758,-37.67,13931
1760,-38.35,13972
1762,-39.15,14013
1764,-38.54,14072
1766,-37.56,14114
1768,-37.98,14149
1770,-37.38,14187
1772,-36.87,14223
1774,-36.67,14261
1776,-36.04,14296
1778,-36.11,14331
1780,-36.65,14363
1782,-36.18,14398
1784,-35.56,14432
1786,-35.3,14462
1788,-35.23,14494
1790,-35.4,14527
1792,-36,14558
1794,-36.66,14591
1796,-37.63,14631
1798,-39.87,14673
1800,-38.97,14750
1802,-39.97,14822
1804,-40.18,14894
1806,-39.71,14963
1808,-38.82,15036
1810,-38.68,15104
1812,-39.29,15176
1814,-39.43,15254
1816,-39.39,15337
1818,-39.33,15422
1820,-39.55,15497
1822,-40.6,15580
1824,-40.5,15662
1826,-40.63,15746
1828,-41.13,15829
1830,-41.24,15908
1832,-40,15995
1834,-40.2,16077
1836,-40.16,16161
1838,-40.34,16236
1840,-40.13,16310
1842,-40.12,16391
1844,-41.25,16472
1846,-40.63,16553
1848,-40.68,16624
1850,-40.38,16702
1852,-39.57,16775
1854,-40.01,16847
1856,-40.81,16922
1858,-40.92,17004
1860,-40.76,17089
1862,-40.19,17173
1864,-39.97,17246
1866,-39.91,17336
1868,-40.53,17420
1870,-39.86,17510
1872,-40.22,17600
1874,-40.36,17692
1876,-40.34,17783
1878,-39.34,17882
1880,-39.3,17981
1882,-40.46,18078
1884,-39.39,18178
1886,-39.94,18279
1888,-39.72,18370
1890,-39.39,18476
1892,-39.81,18572
1894,-39.28,18677
1896,-39.33,18781
1898,-39.26,18889
1900,-39.33,18995
1902,-39.02,19088
1904,-38.71,19172
1906,-39.29,19255
1908,-39.92,19344
1910,-39.62,19428
1912,-39.01,19522
1914,-40.15,19620
1916,-39.15,19723
1918,-40.11,19820
1920,-39.51,19916
1922,-39.63,20013
1924,-39.98,20106
1926,-40.45,20195
1928,-40.56,20293
1930,-39.15,20387
1932,-39.49,20488
1934,-38.94,20583
1936,-40.05,20683
1938,-39.71,20792
1940,-40.81,20888
1942,-40.56,20998
1944,-40.53,21099
1946,-41.24,21201
1948,-41.38,21307
1950,-40.96,21411
1952,-40.87,21518
1954,-41.25,21633
1956,-40.71,21755
1958,-40.76,21878
1960,-40.96,21997.5
1962,-40.53,22100.5
1964,-39.8,22213.5
1966,-40.94,22321.5
1968,-40.26,22443
1970,-40.72,22557
1972,-40.74,22669
1974,-40.69,22777
1976,-39.16,22888
1978,-40.36,22990
1980,-40.62,23095
1982,-40.48,23209
1984,-38.31,23303
1986,-40.08,23406
1988,-41.58,23528
1990,-41.91,23656
1992,-41.93,23776
1994,-42.02,23896
1996,-42.74,24000
1998,-41.9,24115
2000,-41.71,24229
2002,-40.9,24363
2004,-40.8,24493
2006,-42.01,24615
2008,-42.1,24742
2010,-41.18,24872
2012,-40.05,24999
2014,-41.06,25126
2016,-40.86,25256
2018,-41.01,25388
2020,-42.18,25525
2022,-41.77,25662
2024,-40.61,25793
2026,-41.57,25935
2028,-40.36,26072
2030,-40.53,26204
2032,-40.87,26336
2034,-40.56,26475
2036,-41.01,26609
2038,-40.85,26730
2040,-39.81,26854
2042,-41.01,26980
2044,-40.57,27107
2046,-40.52,27239
2048,-40.91,27381
2050,-38.77,27521
2052,-37.91,27633
2054,-36.99,27736
2056,-39.57,27844
2058,-41.07,27987
2060,-41.31,28143
2062,-41.64,28287
2064,-40.41,28417
2066,-41.48,28540
2068,-39.97,28649
2070,-38.46,28751
2072,-38.18,28843
2074,-37.88,28941
2076,-40.22,29033
2078,-41.95,29149
2080,-41.28,29277
2082,-41.68,29399
2084,-42.23,29548
2086,-42.29,29706
2088,-42.35,29840
2090,-42.41,29967
2092,-42.59,30102
2094,-41.42,30233
2096,-41.72,30363
2098,-41.22,30498
2100,-41.14,30619
2102,-42.2,30745
2104,-42.24,30876
2106,-41.61,31008
2108,-42.14,31140
2110,-41.47,31267
2112,-41.75,31395
2114,-41.79,31521
2116,-40.51,31643
2118,-39.69,31768
2120,-39.26,31888
2122,-38.35,32003
2124,-37.66,32123
2126,-38.93,32245
2128,-41.61,32372
2130,-42.24,32506
2132,-42.23,32638
2134,-42.55,32777
2136,-43.05,32913
2138,-40.11,33044
2140,-39.11,33182
2142,-38.8,33319
2144,-38.22,33455
2146,-39.8,33587
2148,-41.23,33721
2150,-41.21,33856
2152,-40.86,33988
2154,-42.05,34120
2156,-41.84,34246
2158,-41.59,34377
2160,-40.43,34496
2162,-39.5,34591
2164,-40.01,34695
2166,-39.73,34792
2168,-38.88,34884
2170,-38.18,34972
2172,-38.63,35062
2174,-38.1,35147
2176,-38.63,35232
2178,-41.76,35324
2180,-41.73,35447
2182,-41.64,35571
2184,-42.96,35706
2186,-41.98,35827
2188,-42.09,35943
2190,-41.29,36061
2192,-40.96,36171
2194,-39.6,36274
2196,-39.11,36376
2198,-40.46,36481
2200,-40.37,36591
2202,-39.43,36709
2204,-38.22,36822
2206,-38.41,36927
2208,-38.7,37035
2210,-38.07,37143
2212,-38.06,37247
2214,-38.29,37359
2216,-37.91,37469
2218,-37.51,37574
2220,-37.55,37684
2222,-37.41,37804
2224,-37.73,37930
2226,-37.39,38062
2228,-37.15,38201
2230,-37.31,38320
2232,-40.58,38432
2234,-41.39,38565
2236,-41.34,38711
2238,-41.37,38871
2240,-41.39,39026
2242,-41.22,39183
2244,-40.79,39347
2246,-41.65,39513
2248,-41.67,39678
2250,-41.33,39852
2252,-40.24,40006
2254,-38.92,40134
2256,-40.47,40250
2258,-40.79,40371
2260,-40.99,40468
2262,-41.72,40562
2264,-40.61,40649
2266,-39.47,40737
2268,-38.62,40823
2270,-39.23,40916
2272,-38.67,41009
2274,-37.87,41091
2276,-40.32,41172
2278,-41.04,41274
2280,-41.45,41381
2282,-41.63,41497
2284,-40.58,41596
2286,-39.77,41695
2288,-39.69,41802
2290,-39.39,41908
2292,-38.61,42014
2294,-38.22,42115
2296,-38.58,42208
2298,-38.5,42309
2300,-38.16,42393
2302,-38.1,42486
2304,-41.55,42581
2306,-41.81,42713
2308,-41.7,42839
2310,-41.59,42967
2312,-41.22,43085
2314,-39.63,43203
2316,-39.16,43305
2318,-40.21,43413
2320,-39.93,43532
2322,-39.94,43649
2324,-39.64,43770
2326,-39.1,43887
2328,-39.55,44003
2330,-38.88,44111
2332,-38.8,44210
2334,-38.16,44299
2336,-37.96,44393
2338,-38.2,44492
2340,-38.13,44583
2342,-38.4,44676
2344,-37.69,44761
2346,-37.52,44850
2348,-37.27,44941
2350,-37.27,45028
2352,-36.81,45107
2354,-36.91,45197
2356,-36.79,45283
2358,-38.85,45360
2360,-40.93,45462
2362,-41,45585
2364,-40.28,45721
2366,-40.85,45859
2368,-40.55,46024
2370,-41.19,46194
2372,-40.68,46363
2374,-39.55,46531
2376,-39.62,46664
2378,-38.97,46788
2380,-38.44,46911
2382,-39.33,47026
2384,-38.83,47146
2386,-40.74,47245
2388,-39.48,47391
2390,-39.4,47529
2392,-39.77,47649
2394,-39.44,47767
2396,-39.73,47892
2398,-39.38,48021
2400,-39.2,48151
2402,-39.05,48279
2404,-39.46,48400
2406,-39.43,48532
2408,-39.25,48671
2410,-38.83,48795
2412,-38.91,48926
2414,-39.27,49057
2416,-38.24,49190
2418,-38.85,49320
2420,-38.26,49432
2422,-38.3,49541
2424,-38.05,49652
2426,-38.11,49768
2428,-38,49884
2430,-38.07,50002
2432,-37.93,50307.5
2434,-37.28,50470
2436,-37.59,50632.6
2438,-37.77,50795.1
2440,-37.76,50957.7
2442,-37.14,51120.2
2444,-37.11,51282.8
2446,-37.37,51445.3
2448,-36.79,51607.9
2450,-37.43,51770.4
2452,-37.22,51933
2454,-39.2,52134.7
2456,-40.33,52336.4
2458,-40.29,52538.1
2460,-38.07,52739.8
2462,-40.48,52941.5
2464,-38.29,53219.3
2466,-37.8,53497.2
2468,-39.32,53775.1
2470,-40.28,54052.9
2472,-40.17,54330.8
2474,-39.12,54584
2476,-38.63,54837.3
2478,-39.16,55090.5
2480,-38.85,55343.8
2482,-38.6,55597
2484,-38.53,55810.6
2486,-38.09,56024.2
2488,-37.39,56237.8
2490,-37.68,56451.4
2492,-38.72,56665
2494,-39.74,56883.6
2496,-39.21,57102.2
2498,-38.01,57320.8
2500,-37.27,57539.4
2502,-38.42,57758
2504,-38.69,57998.8
2506,-39.23,58239.6
2508,-41.22,58480.4
2510,-41.06,58721.2
2512,-40.47,58962
2514,-41.16,59219
2516,-40.92,59476
2518,-41.01,59733
2520,-41.22,59990
2522,-41.23,60247
2524,-42.06,60524.4
2526,-41.68,60801.8
2528,-41.45,61079.2
2530,-41.01,61356.6
2532,-39.86,61634
2534,-38.39,61869.8
2536,-41.56,62105.6
2538,-41.01,62341.4
2540,-41.37,62577.2
2542,-41.67,62813
2544,-41.84,63066.4
2546,-40.92,63319.8
2548,-41.38,63573.2
2550,-41.12,63826.6
2552,-41.87,64080
2554,-42.3,64411.2
2556,-42.08,64742.4
2558,-41.67,65073.6
2560,-40.94,65404.8
2562,-39.97,65736
2564,-42.46,66022.2
2566,-41.33,66308.4
2568,-40.27,66594.6
2570,-38.54,66880.8
2572,-38.22,67167
2574,-37.88,67421
2576,-37.69,67675
2578,-37.33,67929
2580,-36.86,68183
2582,-36.45,68437
2584,-41.72,68747.2
2586,-42.58,69057.4
2588,-43.26,69367.6
2590,-42.37,69677.8
2592,-39.48,69988
2594,-39.26,70304.2
2596,-38.57,70620.4
2598,-38.43,70936.6
2600,-38.19,71252.8
2602,-38.01,71569
2604,-37.67,71872
2606,-37.61,72175
2608,-36.83,72478
2610,-36.64,72750.7
2612,-40.8,73023.3
2614,-41.91,73296
2616,-42.05,73623.3
2618,-39.86,73950.7
2620,-38.89,74278
2622,-39.51,74598.3
2624,-38.97,74918.7
2626,-38.22,75239
2628,-38.22,75564
2630,-38.85,75889
2632,-38.72,76214
2634,-38.48,76521
2636,-38.58,76828
2638,-37.95,77135
2640,-38.04,77438.3
2642,-37.99,77741.7
2644,-37.65,78045
2646,-37.51,78372.8
2648,-37.33,78700.5
2650,-37.15,79028.3
2652,-37.29,79356
2654,-37.26,79726.7
2656,-37.13,80097.3
2658,-37.05,80468
2660,-36.81,80846.3
2662,-36.95,81224.7
2664,-36.62,81603
2666,-36.69,81991
2668,-36.72,82379
2670,-36.95,82767
2672,-36.39,83161.7
2674,-35.8,83556.3
2676,-38.41,83951
2678,-38.22,84368
2680,-39.15,84785
2682,-39.31,85202
2684,-39.69,85637.3
2686,-40.09,86072.7
2688,-40.57,86508
2690,-40.11,86961.3
2692,-38.75,87414.7
2694,-38.4,87868
2696,-38.34,88326.7
2698,-38.24,88785.3
2700,-37.76,89244
2702,-37.97,89700
2704,-39.04,90156
2706,-39.15,90618.4
2708,-39.43,91087.3
2710,-39.53,91556.1
2712,-39.58,92025
2714,-39.48,92520
2716,-39.64,93015
2718,-39.29,93510
2720,-39.19,94021.3
2722,-39,94532.7
2724,-38.82,95044
2726,-38.81,95553
2728,-38.87,96062
2730,-38.39,96571
2732,-38.02,97080
2734,-37.71,97576.5
2736,-37.6,98073
2738,-37.23,98546
2740,-37.15,99019
2742,-36.71,99451
2744,-36.57,99883
2746,-36.59,100263
2748,-38.44,100643
2750,-39.07,101030
2752,-38.79,101417
2754,-38.4,101799.5
2756,-38.28,102182
2758,-39.03,102564.5
2760,-38.35,102947
2762,-38.69,103334
2764,-38.13,103721
2766,-37.81,104108
2768,-36.9,104495
2770,-37.33,104858
2772,-36.41,105221
2774,-37.78,105584
2776,-38.23,105947
2778,-38.42,106310.3
2780,-38.23,106673.5
2782,-38.78,107036.8
2784,-38.89,107400
2786,-38.63,107764.3
2788,-38.44,108128.5
2790,-37.49,108492.8
2792,-37.57,108857
2794,-37.91,109027.8
2796,-37.92,109198.5
2798,-38.13,109369.3
2800,-37.45,109540
2802,-38.85,109899.3
2804,-36.9,110258.5
2806,-40.46,110617.8
2808,-40.35,110977