NOAA ERSSTv5 data: https://www.esrl.noaa.gov/psd/data/gridded/data.noaa.ersst.v5.html,,,,,,
"MON/MMM    : month for Nino34 values, 3-month season centered on that month for ONI",,,,,,
"NINO34_MEAN: monthly average SST (¡C) in Nino3.4 region (5S-5N,190E-240E)",,,,,,
"NINO34_CLIM: climatological 30-year monthly average SST, updated every 5 years",,,,,,
NINO34_ANOM: difference between the monthly mean and the climatological value,,,,,,
"ONI        : 3-month average anomaly (¡C) centered on given month (01=DJF,08=JAS,etc)",,,,,,
"PHASE      : flags ONI value as Missing (M), El Nino (E), Neutral (N), La Nina (L)",,,,,,
"Data table generated by Brian McNoldy, University of Miami (bmcnoldy@rsmas.miami.edu)",,,,,,
,,,,,,
YEAR,MON/MMM,NINO34_MEAN,NINO34_CLIM,NINO34_ANOM,ONI,PHASE
1854,1,25.9,-99.99,-99.99,-99.99,M
1854,2,26.06,-99.99,-99.99,-99.99,M
1854,3,26.91,-99.99,-99.99,-99.99,M
1854,4,27.63,-99.99,-99.99,-99.99,M
1854,5,27.9,-99.99,-99.99,-99.99,M
1854,6,27.23,-99.99,-99.99,-99.99,M
1854,7,26.88,-99.99,-99.99,-99.99,M
1854,8,25.81,-99.99,-99.99,-99.99,M
1854,9,26.12,-99.99,-99.99,-99.99,M
1854,10,25.43,-99.99,-99.99,-99.99,M
1854,11,25.39,-99.99,-99.99,-99.99,M
1854,12,25.12,-99.99,-99.99,-99.99,M
1855,1,25.94,-99.99,-99.99,-99.99,M
1855,2,26.95,-99.99,-99.99,-99.99,M
1855,3,27.16,-99.99,-99.99,-99.99,M
1855,4,27.64,-99.99,-99.99,-99.99,M
1855,5,27.73,-99.99,-99.99,-99.99,M
1855,6,27.16,-99.99,-99.99,-99.99,M
1855,7,26.78,-99.99,-99.99,-99.99,M
1855,8,26.49,-99.99,-99.99,-99.99,M
1855,9,27.5,-99.99,-99.99,-99.99,M
1855,10,27.36,-99.99,-99.99,-99.99,M
1855,11,27.8,-99.99,-99.99,-99.99,M
1855,12,27.68,-99.99,-99.99,-99.99,M
1856,1,27.22,-99.99,-99.99,-99.99,M
1856,2,27.05,-99.99,-99.99,-99.99,M
1856,3,27.74,-99.99,-99.99,-99.99,M
1856,4,27.24,-99.99,-99.99,-99.99,M
1856,5,27.07,-99.99,-99.99,-99.99,M
1856,6,26.82,-99.99,-99.99,-99.99,M
1856,7,26.28,-99.99,-99.99,-99.99,M
1856,8,25.22,-99.99,-99.99,-99.99,M
1856,9,24.28,-99.99,-99.99,-99.99,M
1856,10,23.93,-99.99,-99.99,-99.99,M
1856,11,23.73,-99.99,-99.99,-99.99,M
1856,12,23.62,-99.99,-99.99,-99.99,M
1857,1,24.08,-99.99,-99.99,-99.99,M
1857,2,24.57,-99.99,-99.99,-99.99,M
1857,3,25.4,-99.99,-99.99,-99.99,M
1857,4,26.25,-99.99,-99.99,-99.99,M
1857,5,27.35,-99.99,-99.99,-99.99,M
1857,6,27.76,-99.99,-99.99,-99.99,M
1857,7,26.97,-99.99,-99.99,-99.99,M
1857,8,26.06,-99.99,-99.99,-99.99,M
1857,9,26.56,-99.99,-99.99,-99.99,M
1857,10,26.28,-99.99,-99.99,-99.99,M
1857,11,26.26,-99.99,-99.99,-99.99,M
1857,12,26.21,-99.99,-99.99,-99.99,M
1858,1,26.49,-99.99,-99.99,-99.99,M
1858,2,26.56,-99.99,-99.99,-99.99,M
1858,3,26.91,-99.99,-99.99,-99.99,M
1858,4,27.31,-99.99,-99.99,-99.99,M
1858,5,27.41,-99.99,-99.99,-99.99,M
1858,6,27.09,-99.99,-99.99,-99.99,M
1858,7,26.68,-99.99,-99.99,-99.99,M
1858,8,26.15,-99.99,-99.99,-99.99,M
1858,9,26.13,-99.99,-99.99,-99.99,M
1858,10,26.28,-99.99,-99.99,-99.99,M
1858,11,26.52,-99.99,-99.99,-99.99,M
1858,12,26.35,-99.99,-99.99,-99.99,M
1859,1,26.58,-99.99,-99.99,-99.99,M
1859,2,26.37,-99.99,-99.99,-99.99,M
1859,3,26.86,-99.99,-99.99,-99.99,M
1859,4,26.82,-99.99,-99.99,-99.99,M
1859,5,27.1,-99.99,-99.99,-99.99,M
1859,6,27.16,-99.99,-99.99,-99.99,M
1859,7,27.17,-99.99,-99.99,-99.99,M
1859,8,26.87,-99.99,-99.99,-99.99,M
1859,9,26.23,-99.99,-99.99,-99.99,M
1859,10,26.24,-99.99,-99.99,-99.99,M
1859,11,26.39,-99.99,-99.99,-99.99,M
1859,12,26.12,-99.99,-99.99,-99.99,M
1860,1,25.81,-99.99,-99.99,-99.99,M
1860,2,25.61,-99.99,-99.99,-99.99,M
1860,3,26.19,-99.99,-99.99,-99.99,M
1860,4,26.52,-99.99,-99.99,-99.99,M
1860,5,26.88,-99.99,-99.99,-99.99,M
1860,6,27.22,-99.99,-99.99,-99.99,M
1860,7,26.8,-99.99,-99.99,-99.99,M
1860,8,26.37,-99.99,-99.99,-99.99,M
1860,9,25.72,-99.99,-99.99,-99.99,M
1860,10,24.95,-99.99,-99.99,-99.99,M
1860,11,25.13,-99.99,-99.99,-99.99,M
1860,12,24.6,-99.99,-99.99,-99.99,M
1861,1,24.68,-99.99,-99.99,-99.99,M
1861,2,24.88,-99.99,-99.99,-99.99,M
1861,3,25.78,-99.99,-99.99,-99.99,M
1861,4,26.34,-99.99,-99.99,-99.99,M
1861,5,26.57,-99.99,-99.99,-99.99,M
1861,6,26.42,-99.99,-99.99,-99.99,M
1861,7,26.11,-99.99,-99.99,-99.99,M
1861,8,25.82,-99.99,-99.99,-99.99,M
1861,9,25.73,-99.99,-99.99,-99.99,M
1861,10,25.72,-99.99,-99.99,-99.99,M
1861,11,25.72,-99.99,-99.99,-99.99,M
1861,12,25.69,-99.99,-99.99,-99.99,M
1862,1,25.59,-99.99,-99.99,-99.99,M
1862,2,25.61,-99.99,-99.99,-99.99,M
1862,3,25.84,-99.99,-99.99,-99.99,M
1862,4,26.26,-99.99,-99.99,-99.99,M
1862,5,26.11,-99.99,-99.99,-99.99,M
1862,6,25.23,-99.99,-99.99,-99.99,M
1862,7,25.44,-99.99,-99.99,-99.99,M
1862,8,25.53,-99.99,-99.99,-99.99,M
1862,9,26.15,-99.99,-99.99,-99.99,M
1862,10,25.34,-99.99,-99.99,-99.99,M
1862,11,25.55,-99.99,-99.99,-99.99,M
1862,12,25.62,-99.99,-99.99,-99.99,M
1863,1,25.58,-99.99,-99.99,-99.99,M
1863,2,25.6,-99.99,-99.99,-99.99,M
1863,3,26.1,-99.99,-99.99,-99.99,M
1863,4,26.59,-99.99,-99.99,-99.99,M
1863,5,26.81,-99.99,-99.99,-99.99,M
1863,6,26.68,-99.99,-99.99,-99.99,M
1863,7,26.24,-99.99,-99.99,-99.99,M
1863,8,25.94,-99.99,-99.99,-99.99,M
1863,9,25.91,-99.99,-99.99,-99.99,M
1863,10,25.86,-99.99,-99.99,-99.99,M
1863,11,25.84,-99.99,-99.99,-99.99,M
1863,12,25.75,-99.99,-99.99,-99.99,M
1864,1,25.83,-99.99,-99.99,-99.99,M
1864,2,26.05,-99.99,-99.99,-99.99,M
1864,3,26.53,-99.99,-99.99,-99.99,M
1864,4,26.92,-99.99,-99.99,-99.99,M
1864,5,27.06,-99.99,-99.99,-99.99,M
1864,6,26.82,-99.99,-99.99,-99.99,M
1864,7,26.45,-99.99,-99.99,-99.99,M
1864,8,26.06,-99.99,-99.99,-99.99,M
1864,9,26.02,-99.99,-99.99,-99.99,M
1864,10,25.94,-99.99,-99.99,-99.99,M
1864,11,25.97,-99.99,-99.99,-99.99,M
1864,12,25.84,-99.99,-99.99,-99.99,M
1865,1,25.95,-99.99,-99.99,-99.99,M
1865,2,26.09,-99.99,-99.99,-99.99,M
1865,3,26.54,-99.99,-99.99,-99.99,M
1865,4,27.01,-99.99,-99.99,-99.99,M
1865,5,27.15,-99.99,-99.99,-99.99,M
1865,6,26.9,-99.99,-99.99,-99.99,M
1865,7,26.51,-99.99,-99.99,-99.99,M
1865,8,26.15,-99.99,-99.99,-99.99,M
1865,9,26.09,-99.99,-99.99,-99.99,M
1865,10,26.03,-99.99,-99.99,-99.99,M
1865,11,25.98,-99.99,-99.99,-99.99,M
1865,12,25.93,-99.99,-99.99,-99.99,M
1866,1,25.86,-99.99,-99.99,-99.99,M
1866,2,26.07,-99.99,-99.99,-99.99,M
1866,3,26.52,-99.99,-99.99,-99.99,M
1866,4,26.98,-99.99,-99.99,-99.99,M
1866,5,27.11,-99.99,-99.99,-99.99,M
1866,6,26.86,-99.99,-99.99,-99.99,M
1866,7,26.45,-99.99,-99.99,-99.99,M
1866,8,26.11,-99.99,-99.99,-99.99,M
1866,9,26.08,-99.99,-99.99,-99.99,M
1866,10,25.98,-99.99,-99.99,-99.99,M
1866,11,25.93,-99.99,-99.99,-99.99,M
1866,12,25.91,-99.99,-99.99,-99.99,M
1867,1,25.82,-99.99,-99.99,-99.99,M
1867,2,26,-99.99,-99.99,-99.99,M
1867,3,26.48,-99.99,-99.99,-99.99,M
1867,4,26.91,-99.99,-99.99,-99.99,M
1867,5,26.94,-99.99,-99.99,-99.99,M
1867,6,26.74,-99.99,-99.99,-99.99,M
1867,7,26.35,-99.99,-99.99,-99.99,M
1867,8,26.02,-99.99,-99.99,-99.99,M
1867,9,25.96,-99.99,-99.99,-99.99,M
1867,10,25.92,-99.99,-99.99,-99.99,M
1867,11,25.87,-99.99,-99.99,-99.99,M
1867,12,25.92,-99.99,-99.99,-99.99,M
1868,1,25.91,-99.99,-99.99,-99.99,M
1868,2,26.02,-99.99,-99.99,-99.99,M
1868,3,26.56,-99.99,-99.99,-99.99,M
1868,4,26.77,-99.99,-99.99,-99.99,M
1868,5,27,-99.99,-99.99,-99.99,M
1868,6,26.91,-99.99,-99.99,-99.99,M
1868,7,26.46,-99.99,-99.99,-99.99,M
1868,8,26.07,-99.99,-99.99,-99.99,M
1868,9,25.88,-99.99,-99.99,-99.99,M
1868,10,25.86,-99.99,-99.99,-99.99,M
1868,11,25.83,-99.99,-99.99,-99.99,M
1868,12,25.68,-99.99,-99.99,-99.99,M
1869,1,25.7,-99.99,-99.99,-99.99,M
1869,2,25.94,-99.99,-99.99,-99.99,M
1869,3,26.44,-99.99,-99.99,-99.99,M
1869,4,26.95,-99.99,-99.99,-99.99,M
1869,5,27.17,-99.99,-99.99,-99.99,M
1869,6,26.84,-99.99,-99.99,-99.99,M
1869,7,26.03,-99.99,-99.99,-99.99,M
1869,8,24.68,-99.99,-99.99,-99.99,M
1869,9,24.37,-99.99,-99.99,-99.99,M
1869,10,24.54,-99.99,-99.99,-99.99,M
1869,11,25.95,-99.99,-99.99,-99.99,M
1869,12,25.04,-99.99,-99.99,-99.99,M
1870,1,25.31,-99.99,-99.99,-99.99,M
1870,2,24.5,-99.99,-99.99,-99.99,M
1870,3,25.38,-99.99,-99.99,-99.99,M
1870,4,25.78,-99.99,-99.99,-99.99,M
1870,5,25.85,-99.99,-99.99,-99.99,M
1870,6,25.96,-99.99,-99.99,-99.99,M
1870,7,25.62,-99.99,-99.99,-99.99,M
1870,8,25.41,-99.99,-99.99,-99.99,M
1870,9,25.34,-99.99,-99.99,-99.99,M
1870,10,25.12,-99.99,-99.99,-99.99,M
1870,11,25.29,-99.99,-99.99,-99.99,M
1870,12,25.18,-99.99,-99.99,-99.99,M
1871,1,25.46,25.9,-0.45,-99.99,M
1871,2,25.59,26.03,-0.45,-0.26,N
1871,3,26.66,26.55,0.11,0.08,N
1871,4,27.57,26.99,0.58,0.31,N
1871,5,27.4,27.16,0.24,0.36,N
1871,6,27.17,26.93,0.24,0.26,N
1871,7,26.86,26.57,0.29,0.36,N
1871,8,26.69,26.13,0.56,0.49,N
1871,9,26.65,26.03,0.62,0.52,E
1871,10,26.24,25.85,0.39,0.4,N
1871,11,26.12,25.93,0.19,0.23,N
1871,12,25.96,25.87,0.09,-0.02,N
1872,1,25.56,25.9,-0.35,-0.22,N
1872,2,25.61,26.03,-0.42,-0.43,N
1872,3,26.03,26.55,-0.52,-0.47,N
1872,4,26.52,26.99,-0.47,-0.46,N
1872,5,26.77,27.16,-0.38,-0.45,N
1872,6,26.44,26.93,-0.49,-0.06,N
1872,7,27.25,26.57,0.68,-0.14,N
1872,8,25.52,26.13,-0.62,-0.12,N
1872,9,25.61,26.03,-0.43,-0.66,L
1872,10,24.92,25.85,-0.93,-0.74,L
1872,11,25.05,25.93,-0.88,-0.88,L
1872,12,25.04,25.87,-0.83,-0.86,L
1873,1,25.02,25.9,-0.88,-0.91,L
1873,2,25.01,26.03,-1.02,-0.94,L
1873,3,25.64,26.55,-0.91,-0.82,L
1873,4,26.46,26.99,-0.53,-0.59,L
1873,5,26.82,27.16,-0.34,-0.27,N
1873,6,27,26.93,0.07,0.01,N
1873,7,26.86,26.57,0.29,0.31,N
1873,8,26.71,26.13,0.58,0.45,N
1873,9,26.52,26.03,0.49,0.29,N
1873,10,25.64,25.85,-0.21,0,N
1873,11,25.64,25.93,-0.29,-0.27,N
1873,12,25.55,25.87,-0.31,-0.47,N
1874,1,25.08,25.9,-0.82,-0.74,L
1874,2,24.96,26.03,-1.08,-0.98,L
1874,3,25.51,26.55,-1.04,-0.99,L
1874,4,26.15,26.99,-0.84,-0.88,L
1874,5,26.41,27.16,-0.75,-0.71,L
1874,6,26.38,26.93,-0.55,-0.68,L
1874,7,25.83,26.57,-0.74,-0.62,L
1874,8,25.57,26.13,-0.56,-0.64,L
1874,9,25.4,26.03,-0.63,-0.57,L
1874,10,25.34,25.85,-0.52,-0.67,L
1874,11,25.05,25.93,-0.88,-0.69,L
1874,12,25.18,25.87,-0.69,-0.59,L
1875,1,25.69,25.9,-0.22,-0.38,N
1875,2,25.79,26.03,-0.24,-0.17,N
1875,3,26.48,26.55,-0.07,-0.17,N
1875,4,26.78,26.99,-0.21,-0.16,N
1875,5,26.95,27.16,-0.2,-0.26,N
1875,6,26.57,26.93,-0.36,-0.27,N
1875,7,26.34,26.57,-0.23,-0.3,N
1875,8,25.83,26.13,-0.3,-0.3,N
1875,9,25.68,26.03,-0.35,-0.38,N
1875,10,25.37,25.85,-0.49,-0.41,N
1875,11,25.54,25.93,-0.38,-0.38,N
1875,12,25.59,25.87,-0.27,-0.25,N
1876,1,25.84,25.93,-0.08,-0.28,N
1876,2,25.59,26.06,-0.47,-0.4,N
1876,3,25.92,26.57,-0.64,-0.74,L
1876,4,25.96,27.05,-1.1,-0.87,L
1876,5,26.3,27.18,-0.88,-0.64,L
1876,6,26.93,26.88,0.05,-0.07,N
1876,7,27.1,26.49,0.61,0.34,N
1876,8,26.47,26.11,0.37,0.39,N
1876,9,26.25,26.06,0.19,0.44,N
1876,10,26.65,25.9,0.75,0.55,E
1876,11,26.69,25.98,0.71,0.78,E
1876,12,26.86,25.98,0.89,0.9,E
1877,1,27.03,25.93,1.11,1.04,E
1877,2,27.17,26.06,1.12,1.22,E
1877,3,27.99,26.57,1.42,1.25,E
1877,4,28.28,27.05,1.22,1.2,E
1877,5,28.14,27.18,0.96,1.08,E
1877,6,27.94,26.88,1.06,1.25,E
1877,7,28.22,26.49,1.73,1.81,E
1877,8,28.74,26.11,2.63,2.34,E
1877,9,28.72,26.06,2.66,2.73,E
1877,10,28.79,25.9,2.89,2.89,E
1877,11,29.11,25.98,3.13,3.01,E
1877,12,29,25.98,3.03,3.07,E
1878,1,28.98,25.93,3.05,3.11,E
1878,2,29.3,26.06,3.24,2.61,E
1878,3,28.11,26.57,1.54,2.22,E
1878,4,28.94,27.05,1.88,1.75,E
1878,5,29.02,27.18,1.84,1.44,E
1878,6,27.47,26.88,0.6,0.75,E
1878,7,26.3,26.49,-0.19,0.12,N
1878,8,26.06,26.11,-0.05,-0.21,N
1878,9,25.65,26.06,-0.41,-0.35,N
1878,10,25.3,25.9,-0.6,-0.64,L
1878,11,25.07,25.98,-0.91,-0.76,L
1878,12,25.19,25.98,-0.78,-0.76,L
1879,1,25.32,25.93,-0.6,-0.37,N
1879,2,26.34,26.06,0.28,-0.14,N
1879,3,26.47,26.57,-0.09,0.03,N
1879,4,26.95,27.05,-0.1,-0.13,N
1879,5,26.98,27.18,-0.2,-0.21,N
1879,6,26.54,26.88,-0.34,-0.4,N
1879,7,25.82,26.49,-0.67,-0.54,L
1879,8,25.5,26.11,-0.61,-0.63,L
1879,9,25.45,26.06,-0.6,-0.67,L
1879,10,25.11,25.9,-0.8,-0.78,L
1879,11,25.03,25.98,-0.95,-0.83,L
1879,12,25.22,25.98,-0.76,-0.95,L
1880,1,24.78,25.93,-1.15,-0.88,L
1880,2,25.33,26.06,-0.72,-0.65,L
1880,3,26.5,26.57,-0.07,-0.42,N
1880,4,26.59,27.05,-0.46,-0.11,N
1880,5,27.37,27.18,0.19,0.03,N
1880,6,27.25,26.88,0.37,0.31,N
1880,7,26.87,26.49,0.38,0.37,N
1880,8,26.47,26.11,0.36,0.41,N
1880,9,26.54,26.06,0.48,0.48,N
1880,10,26.51,25.9,0.61,0.54,E
1880,11,26.5,25.98,0.52,0.54,E
1880,12,26.46,25.98,0.48,0.55,E
1881,1,26.61,25.95,0.66,0.61,E
1881,2,26.76,26.09,0.68,0.77,E
1881,3,27.54,26.57,0.97,0.82,E
1881,4,27.94,27.11,0.83,0.84,E
1881,5,28.01,27.27,0.74,0.72,E
1881,6,27.57,26.97,0.6,0.62,E
1881,7,27.03,26.51,0.52,0.52,E
1881,8,26.54,26.1,0.44,0.44,N
1881,9,26.39,26.02,0.37,0.34,N
1881,10,26.07,25.87,0.19,0.21,N
1881,11,26.02,25.96,0.06,0.27,N
1881,12,26.53,25.98,0.56,0.24,N
1882,1,26.05,25.95,0.09,0.36,N
1882,2,26.51,26.09,0.42,0.41,N
1882,3,27.29,26.57,0.72,0.65,E
1882,4,27.91,27.11,0.8,0.73,E
1882,5,27.93,27.27,0.66,0.5,N
1882,6,27,26.97,0.03,0.17,N
1882,7,26.33,26.51,-0.18,-0.04,N
1882,8,26.12,26.1,0.02,-0.18,N
1882,9,25.64,26.02,-0.38,-0.28,N
1882,10,25.38,25.87,-0.49,-0.5,L
1882,11,25.32,25.96,-0.64,-0.5,L
1882,12,25.6,25.98,-0.38,-0.36,N
1883,1,25.91,25.95,-0.05,0,N
1883,2,26.5,26.09,0.42,0.33,N
1883,3,27.19,26.57,0.62,0.62,E
1883,4,27.95,27.11,0.84,0.6,E
1883,5,27.61,27.27,0.34,0.48,N
1883,6,27.23,26.97,0.26,0.33,N
1883,7,26.9,26.51,0.39,0.31,N
1883,8,26.38,26.1,0.29,0.27,N
1883,9,26.15,26.02,0.13,0.23,N
1883,10,26.15,25.87,0.27,0.26,N
1883,11,26.35,25.96,0.39,0.28,N
1883,12,26.16,25.98,0.18,0.38,N
1884,1,26.51,25.95,0.56,0.49,N
1884,2,26.82,26.09,0.73,0.52,E
1884,3,26.83,26.57,0.26,0.56,E
1884,4,27.79,27.11,0.68,0.51,E
1884,5,27.87,27.27,0.6,0.6,E
1884,6,27.5,26.97,0.53,0.47,N
1884,7,26.78,26.51,0.27,0.32,N
1884,8,26.26,26.1,0.16,0.4,N
1884,9,26.8,26.02,0.78,0.6,E
1884,10,26.73,25.87,0.85,0.88,E
1884,11,26.98,25.96,1.02,0.94,E
1884,12,26.91,25.98,0.94,0.94,E
1885,1,26.83,25.95,0.87,0.82,E
1885,2,26.74,26.09,0.65,0.67,E
1885,3,27.07,26.57,0.5,0.45,N
1885,4,27.3,27.11,0.19,0.33,N
1885,5,27.58,27.27,0.32,0.34,N
1885,6,27.48,26.97,0.51,0.44,N
1885,7,27.01,26.51,0.5,0.52,E
1885,8,26.66,26.1,0.56,0.69,E
1885,9,27.02,26.02,1,1.05,E
1885,10,27.47,25.87,1.59,1.35,E
1885,11,27.4,25.96,1.44,1.44,E
1885,12,27.26,25.98,1.29,1.15,E
1886,1,26.87,26.14,0.73,0.71,E
1886,2,26.37,26.26,0.11,0.17,N
1886,3,26.37,26.7,-0.33,-0.17,N
1886,4,26.97,27.27,-0.3,-0.46,N
1886,5,26.66,27.43,-0.76,-0.77,L
1886,6,25.86,27.11,-1.24,-0.99,L
1886,7,25.7,26.66,-0.96,-1.02,L
1886,8,25.41,26.25,-0.84,-0.89,L
1886,9,25.32,26.18,-0.86,-0.94,L
1886,10,24.94,26.04,-1.11,-1.09,L
1886,11,24.79,26.09,-1.3,-1.47,L
1886,12,24.16,26.17,-2.01,-1.82,L
1887,1,24,26.14,-2.14,-2.03,L
1887,2,24.34,26.26,-1.93,-1.73,L
1887,3,25.59,26.7,-1.11,-1.31,L
1887,4,26.37,27.27,-0.9,-0.96,L
1887,5,26.57,27.43,-0.86,-0.76,L
1887,6,26.59,27.11,-0.51,-0.52,L
1887,7,26.47,26.66,-0.19,-0.22,N
1887,8,26.29,26.25,0.04,-0.01,N
1887,9,26.29,26.18,0.11,0.13,N
1887,10,26.28,26.04,0.23,0.24,N
1887,11,26.46,26.09,0.37,0.29,N
1887,12,26.44,26.17,0.27,0.41,N
1888,1,26.71,26.14,0.57,0.61,E
1888,2,27.23,26.26,0.97,0.82,E
1888,3,27.62,26.7,0.92,0.87,E
1888,4,27.98,27.27,0.71,0.76,E
1888,5,28.07,27.43,0.65,0.77,E
1888,6,28.07,27.11,0.96,0.85,E
1888,7,27.6,26.66,0.94,0.98,E
1888,8,27.29,26.25,1.04,1.2,E
1888,9,27.79,26.18,1.61,1.61,E
1888,10,28.21,26.04,2.17,2.04,E
1888,11,28.43,26.09,2.33,2.36,E
1888,12,28.76,26.17,2.59,2.52,E
1889,1,28.76,26.14,2.63,2.57,E
1889,2,28.77,26.26,2.51,2.27,E
1889,3,28.38,26.7,1.68,1.78,E
1889,4,28.45,27.27,1.17,1.22,E
1889,5,28.24,27.43,0.81,0.73,E
1889,6,27.33,27.11,0.22,-0.03,N
1889,7,25.54,26.66,-1.13,-0.67,L
1889,8,25.15,26.25,-1.1,-1.18,L
1889,9,24.87,26.18,-1.31,-1.39,L
1889,10,24.26,26.04,-1.78,-1.54,L
1889,11,24.57,26.09,-1.52,-1.62,L
1889,12,24.61,26.17,-1.57,-1.57,L
1890,1,24.51,26.14,-1.62,-1.73,L
1890,2,24.26,26.26,-2,-1.57,L
1890,3,25.62,26.7,-1.08,-1.37,L
1890,4,26.25,27.27,-1.02,-0.88,L
1890,5,26.87,27.43,-0.55,-0.68,L
1890,6,26.64,27.11,-0.47,-0.52,L
1890,7,26.12,26.66,-0.54,-0.49,N
1890,8,25.78,26.25,-0.47,-0.57,L
1890,9,25.48,26.18,-0.7,-0.6,L
1890,10,25.43,26.04,-0.61,-0.7,L
1890,11,25.32,26.09,-0.78,-0.44,N
1890,12,26.25,26.17,0.08,-0.14,N
1891,1,26.61,26.34,0.27,0.15,N
1891,2,26.58,26.48,0.1,0.17,N
1891,3,27,26.87,0.13,0.27,N
1891,4,28.04,27.44,0.59,0.41,N
1891,5,28.09,27.57,0.51,0.53,E
1891,6,27.73,27.25,0.49,0.45,N
1891,7,27.11,26.75,0.35,0.33,N
1891,8,26.5,26.36,0.14,0.16,N
1891,9,26.28,26.3,-0.03,0.1,N
1891,10,26.4,26.23,0.17,0.11,N
1891,11,26.49,26.3,0.19,0.08,N
1891,12,26.26,26.39,-0.13,-0.08,N
1892,1,26.04,26.34,-0.3,-0.22,N
1892,2,26.27,26.48,-0.22,-0.31,N
1892,3,26.45,26.87,-0.42,-0.34,N
1892,4,27.06,27.44,-0.39,-0.42,N
1892,5,27.12,27.57,-0.46,-0.47,N
1892,6,26.69,27.25,-0.56,-0.6,L
1892,7,25.95,26.75,-0.8,-0.8,L
1892,8,25.32,26.36,-1.04,-1.03,L
1892,9,25.06,26.3,-1.25,-1.3,L
1892,10,24.63,26.23,-1.6,-1.46,L
1892,11,24.76,26.3,-1.54,-1.54,L
1892,12,24.91,26.39,-1.47,-1.44,L
1893,1,25.03,26.34,-1.3,-1.32,L
1893,2,25.31,26.48,-1.17,-1.22,L
1893,3,25.7,26.87,-1.17,-1.17,L
1893,4,26.29,27.44,-1.16,-1.09,L
1893,5,26.62,27.57,-0.95,-0.98,L
1893,6,26.42,27.25,-0.83,-0.91,L
1893,7,25.79,26.75,-0.96,-0.98,L
1893,8,25.21,26.36,-1.15,-1.08,L
1893,9,25.18,26.3,-1.12,-1.23,L
1893,10,24.82,26.23,-1.41,-1.27,L
1893,11,25.04,26.3,-1.26,-1.33,L
1893,12,25.07,26.39,-1.31,-1.28,L
1894,1,25.06,26.34,-1.28,-1.29,L
1894,2,25.2,26.48,-1.28,-1.28,L
1894,3,25.57,26.87,-1.29,-1.23,L
1894,4,26.32,27.44,-1.12,-1.11,L
1894,5,26.66,27.57,-0.92,-0.89,L
1894,6,26.61,27.25,-0.64,-0.85,L
1894,7,25.75,26.75,-1.01,-0.8,L
1894,8,25.61,26.36,-0.75,-0.89,L
1894,9,25.37,26.3,-0.93,-0.83,L
1894,10,25.41,26.23,-0.82,-0.89,L
1894,11,25.39,26.3,-0.91,-0.79,L
1894,12,25.73,26.39,-0.65,-0.73,L
1895,1,25.72,26.34,-0.61,-0.69,L
1895,2,25.68,26.48,-0.81,-0.66,L
1895,3,26.29,26.87,-0.57,-0.58,L
1895,4,27.08,27.44,-0.37,-0.2,N
1895,5,27.9,27.57,0.33,0.02,N
1895,6,27.36,27.25,0.11,0.21,N
1895,7,26.93,26.75,0.18,0.16,N
1895,8,26.54,26.36,0.18,0.27,N
1895,9,26.77,26.3,0.46,0.39,N
1895,10,26.77,26.23,0.54,0.49,N
1895,11,26.76,26.3,0.46,0.49,N
1895,12,26.85,26.39,0.47,0.42,N
1896,1,26.56,26.22,0.34,0.42,N
1896,2,26.76,26.32,0.44,0.45,N
1896,3,27.3,26.74,0.56,0.5,E
1896,4,27.86,27.35,0.51,0.47,N
1896,5,27.82,27.47,0.35,0.56,E
1896,6,27.98,27.16,0.81,0.84,E
1896,7,28.01,26.64,1.37,1.2,E
1896,8,27.62,26.21,1.41,1.39,E
1896,9,27.51,26.13,1.39,1.44,E
1896,10,27.58,26.07,1.52,1.65,E
1896,11,28.18,26.13,2.06,1.85,E
1896,12,28.15,26.17,1.98,1.93,E
1897,1,27.96,26.22,1.74,1.68,E
1897,2,27.64,26.32,1.32,1.28,E
1897,3,27.5,26.74,0.76,0.75,E
1897,4,27.51,27.35,0.16,0.32,N
1897,5,27.51,27.47,0.03,0.08,N
1897,6,27.2,27.16,0.04,0.09,N
1897,7,26.83,26.64,0.19,0.09,N
1897,8,26.24,26.21,0.04,0.11,N
1897,9,26.24,26.13,0.11,-0.01,N
1897,10,25.89,26.07,-0.18,-0.31,N
1897,11,25.26,26.13,-0.86,-0.46,N
1897,12,25.82,26.17,-0.34,-0.42,N
1898,1,26.16,26.22,-0.06,-0.24,N
1898,2,26.01,26.32,-0.31,-0.4,N
1898,3,25.91,26.74,-0.83,-0.51,L
1898,4,26.97,27.35,-0.38,-0.46,N
1898,5,27.32,27.47,-0.16,-0.24,N
1898,6,26.97,27.16,-0.19,-0.32,N
1898,7,26.03,26.64,-0.61,-0.54,L
1898,8,25.39,26.21,-0.82,-0.7,L
1898,9,25.47,26.13,-0.66,-0.68,L
1898,10,25.5,26.07,-0.57,-0.64,L
1898,11,25.42,26.13,-0.7,-0.73,L
1898,12,25.24,26.17,-0.93,-0.73,L
1899,1,25.67,26.22,-0.55,-0.73,L
1899,2,25.62,26.32,-0.7,-0.54,L
1899,3,26.38,26.74,-0.37,-0.3,N
1899,4,27.51,27.35,0.17,-0.05,N
1899,5,27.52,27.47,0.04,0.06,N
1899,6,27.13,27.16,-0.03,0.1,N
1899,7,26.93,26.64,0.29,0.27,N
1899,8,26.76,26.21,0.55,0.49,N
1899,9,26.77,26.13,0.64,0.67,E
1899,10,26.89,26.07,0.82,0.95,E
1899,11,27.51,26.13,1.38,1.26,E
1899,12,27.75,26.17,1.58,1.49,E
1900,1,27.74,26.22,1.52,1.56,E
1900,2,27.89,26.32,1.57,1.51,E
1900,3,28.18,26.74,1.44,1.37,E
1900,4,28.46,27.35,1.11,1.25,E
1900,5,28.67,27.47,1.2,1.1,E
1900,6,28.14,27.16,0.98,1.06,E
1900,7,27.63,26.64,0.99,0.85,E
1900,8,26.78,26.21,0.57,0.67,E
1900,9,26.57,26.13,0.44,0.53,E
1900,10,26.63,26.07,0.57,0.47,N
1900,11,26.51,26.13,0.38,0.46,N
1900,12,26.59,26.17,0.42,0.44,N
1901,1,26.8,26.28,0.52,0.51,E
1901,2,26.94,26.34,0.59,0.45,N
1901,3,26.99,26.74,0.25,0.34,N
1901,4,27.51,27.33,0.18,0.06,N
1901,5,27.24,27.49,-0.25,-0.15,N
1901,6,26.81,27.18,-0.37,-0.34,N
1901,7,26.31,26.69,-0.38,-0.34,N
1901,8,25.98,26.26,-0.28,-0.3,N
1901,9,25.89,26.13,-0.23,-0.28,N
1901,10,25.76,26.09,-0.33,-0.23,N
1901,11,26.02,26.14,-0.12,-0.19,N
1901,12,26.08,26.2,-0.12,-0.07,N
1902,1,26.31,26.28,0.03,0,N
1902,2,26.42,26.34,0.08,0.17,N
1902,3,27.14,26.74,0.41,0.46,N
1902,4,28.21,27.33,0.89,0.67,E
1902,5,28.21,27.49,0.72,0.92,E
1902,6,28.34,27.18,1.16,1.17,E
1902,7,28.34,26.69,1.65,1.58,E
1902,8,28.18,26.26,1.93,1.91,E
1902,9,28.28,26.13,2.15,2.14,E
1902,10,28.42,26.09,2.33,2.26,E
1902,11,28.42,26.14,2.29,2.14,E
1902,12,28.02,26.2,1.82,1.89,E
1903,1,27.86,26.28,1.57,1.63,E
1903,2,27.83,26.34,1.48,1.36,E
1903,3,27.77,26.74,1.03,0.94,E
1903,4,27.65,27.33,0.32,0.44,N
1903,5,27.46,27.49,-0.04,0.05,N
1903,6,27.06,27.18,-0.12,-0.2,N
1903,7,26.25,26.69,-0.43,-0.56,L
1903,8,25.12,26.26,-1.14,-0.87,L
1903,9,25.09,26.13,-1.04,-1.09,L
1903,10,25,26.09,-1.09,-1.1,L
1903,11,24.95,26.14,-1.18,-1.12,L
1903,12,25.11,26.2,-1.09,-1.28,L
1904,1,24.72,26.28,-1.56,-1.38,L
1904,2,24.85,26.34,-1.5,-1.46,L
1904,3,25.41,26.74,-1.33,-1.14,L
1904,4,26.74,27.33,-0.59,-0.73,L
1904,5,27.21,27.49,-0.29,-0.3,N
1904,6,27.15,27.18,-0.03,-0.07,N
1904,7,26.78,26.69,0.09,0.09,N
1904,8,26.47,26.26,0.22,0.16,N
1904,9,26.31,26.13,0.18,0.27,N
1904,10,26.51,26.09,0.42,0.48,N
1904,11,26.97,26.14,0.84,0.74,E
1904,12,27.16,26.2,0.96,0.9,E
1905,1,27.19,26.28,0.9,0.98,E
1905,2,27.43,26.34,1.09,1.06,E
1905,3,27.91,26.74,1.17,1.15,E
1905,4,28.51,27.33,1.18,1.19,E
1905,5,28.7,27.49,1.21,1.21,E
1905,6,28.43,27.18,1.25,1.31,E
1905,7,28.15,26.69,1.46,1.45,E
1905,8,27.91,26.26,1.65,1.65,E
1905,9,27.95,26.13,1.82,1.62,E
1905,10,27.47,26.09,1.38,1.46,E
1905,11,27.32,26.14,1.18,1.25,E
1905,12,27.39,26.2,1.19,1.11,E
1906,1,27.22,26.25,0.97,0.92,E
1906,2,26.93,26.35,0.59,0.7,E
1906,3,27.28,26.73,0.55,0.43,N
1906,4,27.4,27.25,0.14,0.16,N
1906,5,27.26,27.48,-0.22,-0.16,N
1906,6,26.77,27.18,-0.41,-0.39,N
1906,7,26.18,26.73,-0.55,-0.58,L
1906,8,25.46,26.24,-0.78,-0.62,L
1906,9,25.59,26.12,-0.53,-0.51,L
1906,10,25.88,26.09,-0.21,-0.4,N
1906,11,25.67,26.13,-0.46,-0.5,N
1906,12,25.39,26.21,-0.82,-0.73,L
1907,1,25.35,26.25,-0.9,-0.86,L
1907,2,25.49,26.35,-0.86,-0.8,L
1907,3,26.1,26.73,-0.64,-0.63,L
1907,4,26.85,27.25,-0.41,-0.42,N
1907,5,27.26,27.48,-0.22,-0.23,N
1907,6,27.11,27.18,-0.07,-0.13,N
1907,7,26.62,26.73,-0.1,0.07,N
1907,8,26.62,26.24,0.38,0.15,N
1907,9,26.3,26.12,0.17,0.27,N
1907,10,26.35,26.09,0.26,0.12,N
1907,11,26.06,26.13,-0.08,-0.01,N
1907,12,26.01,26.21,-0.2,-0.06,N
1908,1,26.33,26.25,0.08,0,N
1908,2,26.46,26.35,0.11,0.04,N
1908,3,26.67,26.73,-0.06,-0.2,N
1908,4,26.59,27.25,-0.66,-0.46,N
1908,5,26.81,27.48,-0.67,-0.61,L
1908,6,26.68,27.18,-0.5,-0.51,L
1908,7,26.37,26.73,-0.36,-0.43,N
1908,8,25.8,26.24,-0.44,-0.47,N
1908,9,25.5,26.12,-0.63,-0.63,L
1908,10,25.27,26.09,-0.82,-0.77,L
1908,11,25.26,26.13,-0.87,-1.01,L
1908,12,24.87,26.21,-1.34,-1.24,L
1909,1,24.73,26.25,-1.52,-1.34,L
1909,2,25.2,26.35,-1.15,-1.06,L
1909,3,26.21,26.73,-0.52,-0.75,L
1909,4,26.66,27.25,-0.6,-0.58,L
1909,5,26.85,27.48,-0.63,-0.62,L
1909,6,26.55,27.18,-0.64,-0.66,L
1909,7,26.02,26.73,-0.7,-0.66,L
1909,8,25.6,26.24,-0.64,-0.86,L
1909,9,24.89,26.12,-1.23,-1.07,L
1909,10,24.76,26.09,-1.33,-1.28,L
1909,11,24.87,26.13,-1.26,-1.32,L
1909,12,24.83,26.21,-1.37,-1.39,L
1910,1,24.72,26.25,-1.53,-1.48,L
1910,2,24.8,26.35,-1.55,-1.59,L
1910,3,25.04,26.73,-1.7,-1.4,L
1910,4,26.3,27.25,-0.95,-1.17,L
1910,5,26.62,27.48,-0.86,-0.86,L
1910,6,26.42,27.18,-0.76,-0.86,L
1910,7,25.77,26.73,-0.96,-0.9,L
1910,8,25.27,26.24,-0.97,-1.01,L
1910,9,25.02,26.12,-1.1,-1.01,L
1910,10,25.14,26.09,-0.95,-0.97,L
1910,11,25.27,26.13,-0.87,-0.97,L
1910,12,25.12,26.21,-1.09,-1.03,L
1911,1,25.14,26.29,-1.15,-1.05,L
1911,2,25.41,26.32,-0.91,-0.94,L
1911,3,26,26.77,-0.77,-0.73,L
1911,4,26.72,27.22,-0.5,-0.57,L
1911,5,27.03,27.47,-0.44,-0.25,N
1911,6,27.33,27.15,0.18,0.09,N
1911,7,27.27,26.74,0.53,0.45,N
1911,8,26.92,26.29,0.63,0.51,E
1911,9,26.55,26.17,0.38,0.72,E
1911,10,27.34,26.2,1.14,0.89,E
1911,11,27.4,26.26,1.14,1.2,E
1911,12,27.62,26.31,1.31,1.26,E
1912,1,27.63,26.29,1.34,1.33,E
1912,2,27.64,26.32,1.32,1.32,E
1912,3,28.06,26.77,1.29,1.18,E
1912,4,28.16,27.22,0.94,0.93,E
1912,5,28.05,27.47,0.58,0.51,E
1912,6,27.15,27.15,0,0.16,N
1912,7,26.65,26.74,-0.09,0.03,N
1912,8,26.48,26.29,0.19,-0.11,N
1912,9,25.75,26.17,-0.42,-0.25,N
1912,10,25.69,26.2,-0.51,-0.55,L
1912,11,25.55,26.26,-0.71,-0.64,L
1912,12,25.59,26.31,-0.71,-0.63,L
1913,1,25.83,26.29,-0.46,-0.47,N
1913,2,26.07,26.32,-0.25,-0.31,N
1913,3,26.55,26.77,-0.22,-0.13,N
1913,4,27.32,27.22,0.1,0.03,N
1913,5,27.67,27.47,0.2,0.19,N
1913,6,27.41,27.15,0.25,0.24,N
1913,7,26.99,26.74,0.25,0.25,N
1913,8,26.54,26.29,0.25,0.21,N
1913,9,26.29,26.17,0.12,0.15,N
1913,10,26.28,26.2,0.08,0.27,N
1913,11,26.86,26.26,0.6,0.59,E
1913,12,27.4,26.31,1.1,0.98,E
1914,1,27.52,26.29,1.23,1.08,E
1914,2,27.24,26.32,0.92,0.99,E
1914,3,27.6,26.77,0.83,0.76,E
1914,4,27.75,27.22,0.53,0.71,E
1914,5,28.24,27.47,0.77,0.59,E
1914,6,27.63,27.15,0.48,0.71,E
1914,7,27.62,26.74,0.88,0.81,E
1914,8,27.37,26.29,1.08,1.16,E
1914,9,27.68,26.17,1.51,1.41,E
1914,10,27.85,26.2,1.65,1.47,E
1914,11,27.5,26.26,1.24,1.44,E
1914,12,27.75,26.31,1.44,1.37,E
1915,1,27.7,26.29,1.41,1.4,E
1915,2,27.65,26.32,1.34,1.15,E
1915,3,27.49,26.77,0.72,1.07,E
1915,4,28.37,27.22,1.15,0.99,E
1915,5,28.57,27.47,1.1,1,E
1915,6,27.91,27.15,0.76,0.68,E
1915,7,26.91,26.74,0.17,0.24,N
1915,8,26.07,26.29,-0.22,-0.14,N
1915,9,25.78,26.17,-0.39,-0.49,N
1915,10,25.35,26.2,-0.85,-0.82,L
1915,11,25.05,26.26,-1.21,-1.09,L
1915,12,25.1,26.31,-1.21,-0.96,L
1916,1,25.78,26.23,-0.45,-0.73,L
1916,2,25.74,26.28,-0.54,-0.38,N
1916,3,26.63,26.77,-0.14,-0.55,L
1916,4,26.2,27.17,-0.98,-0.51,L
1916,5,27.01,27.42,-0.41,-0.75,L
1916,6,26.24,27.12,-0.88,-0.58,L
1916,7,26.24,26.71,-0.47,-0.69,L
1916,8,25.56,26.28,-0.72,-0.73,L
1916,9,25.13,26.15,-1.02,-1.18,L
1916,10,24.36,26.18,-1.82,-1.71,L
1916,11,23.92,26.22,-2.3,-2.11,L
1916,12,24.05,26.25,-2.21,-2.3,L
1917,1,23.83,26.23,-2.4,-2.09,L
1917,2,24.62,26.28,-1.66,-1.8,L
1917,3,25.43,26.77,-1.34,-1.21,L
1917,4,26.55,27.17,-0.63,-0.89,L
1917,5,26.71,27.42,-0.71,-0.74,L
1917,6,26.25,27.12,-0.87,-0.87,L
1917,7,25.68,26.71,-1.02,-1.08,L
1917,8,24.93,26.28,-1.35,-1.14,L
1917,9,25.1,26.15,-1.05,-1.4,L
1917,10,24.36,26.18,-1.81,-1.53,L
1917,11,24.5,26.22,-1.72,-1.56,L
1917,12,25.11,26.25,-1.15,-1.2,L
1918,1,25.49,26.23,-0.74,-0.74,L
1918,2,25.96,26.28,-0.32,-0.59,L
1918,3,26.06,26.77,-0.71,-0.48,N
1918,4,26.75,27.17,-0.42,-0.3,N
1918,5,27.65,27.42,0.23,0.13,N
1918,6,27.7,27.12,0.58,0.36,N
1918,7,26.97,26.71,0.27,0.46,N
1918,8,26.82,26.28,0.54,0.5,E
1918,9,26.86,26.15,0.71,0.92,E
1918,10,27.69,26.18,1.51,1.45,E
1918,11,28.37,26.22,2.14,1.86,E
1918,12,28.18,26.25,1.93,1.89,E
1919,1,27.83,26.23,1.6,1.58,E
1919,2,27.49,26.28,1.21,1.35,E
1919,3,28,26.77,1.23,0.67,E
1919,4,26.74,27.17,-0.43,0.2,N
1919,5,27.22,27.42,-0.2,-0.34,N
1919,6,26.74,27.12,-0.38,-0.29,N
1919,7,26.41,26.71,-0.3,-0.5,N
1919,8,25.46,26.28,-0.82,-0.32,N
1919,9,26.32,26.15,0.17,0.01,N
1919,10,26.85,26.18,0.68,0.39,N
1919,11,26.54,26.22,0.31,0.66,E
1919,12,27.24,26.25,0.99,0.68,E
1920,1,26.97,26.23,0.74,0.91,E
1920,2,27.29,26.28,1.01,0.8,E
1920,3,27.42,26.77,0.65,0.65,E
1920,4,27.47,27.17,0.29,0.29,N
1920,5,27.33,27.42,-0.09,0.2,N
1920,6,27.5,27.12,0.38,0.28,N
1920,7,27.27,26.71,0.56,0.47,N
1920,8,26.76,26.28,0.48,0.36,N
1920,9,26.19,26.15,0.04,0.08,N
1920,10,25.89,26.18,-0.29,-0.11,N
1920,11,26.14,26.22,-0.08,-0.26,N
1920,12,25.84,26.25,-0.41,-0.26,N
1921,1,25.82,26.12,-0.3,-0.62,L
1921,2,25.05,26.2,-1.14,-1.13,L
1921,3,24.76,26.71,-1.95,-1.48,L
1921,4,25.73,27.08,-1.35,-1.25,L
1921,5,26.89,27.35,-0.46,-0.78,L
1921,6,26.52,27.04,-0.52,-0.31,N
1921,7,26.67,26.61,0.06,0.03,N
1921,8,26.72,26.16,0.55,0.4,N
1921,9,26.59,25.99,0.6,0.79,E
1921,10,27.22,26.01,1.21,1.06,E
1921,11,27.41,26.04,1.37,1.14,E
1921,12,26.9,26.05,0.84,0.92,E
1922,1,26.66,26.12,0.54,0.32,N
1922,2,25.78,26.2,-0.42,0.07,N
1922,3,26.8,26.71,0.09,-0.26,N
1922,4,26.62,27.08,-0.46,-0.16,N
1922,5,27.22,27.35,-0.13,-0.34,N
1922,6,26.61,27.04,-0.43,-0.46,N
1922,7,25.78,26.61,-0.83,-0.76,L
1922,8,25.15,26.16,-1.02,-0.95,L
1922,9,24.97,25.99,-1.02,-0.99,L
1922,10,25.07,26.01,-0.95,-0.79,L
1922,11,25.64,26.04,-0.4,-0.64,L
1922,12,25.46,26.05,-0.59,-0.59,L
1923,1,25.34,26.12,-0.78,-0.72,L
1923,2,25.41,26.2,-0.78,-0.49,N
1923,3,26.79,26.71,0.08,-0.19,N
1923,4,27.21,27.08,0.14,0.15,N
1923,5,27.57,27.35,0.22,0.25,N
1923,6,27.43,27.04,0.39,0.3,N
1923,7,26.9,26.61,0.29,0.41,N
1923,8,26.72,26.16,0.56,0.55,E
1923,9,26.79,25.99,0.8,0.8,E
1923,10,27.05,26.01,1.04,0.96,E
1923,11,27.08,26.04,1.04,1.03,E
1923,12,27.07,26.05,1.01,0.98,E
1924,1,27,26.12,0.88,0.87,E
1924,2,26.91,26.2,0.71,0.73,E
1924,3,27.32,26.71,0.61,0.54,E
1924,4,27.38,27.08,0.3,0.28,N
1924,5,27.28,27.35,-0.07,-0.1,N
1924,6,26.52,27.04,-0.52,-0.49,N
1924,7,25.73,26.61,-0.88,-0.77,L
1924,8,25.26,26.16,-0.9,-0.95,L
1924,9,24.93,25.99,-1.06,-1.07,L
1924,10,24.78,26.01,-1.23,-1.22,L
1924,11,24.67,26.04,-1.37,-1.34,L
1924,12,24.63,26.05,-1.42,-1.39,L
1925,1,24.74,26.12,-1.38,-1.34,L
1925,2,24.98,26.2,-1.22,-0.96,L
1925,3,26.43,26.71,-0.27,-0.53,L
1925,4,26.97,27.08,-0.11,-0.2,N
1925,5,27.11,27.35,-0.24,-0.17,N
1925,6,26.87,27.04,-0.16,-0.05,N
1925,7,26.87,26.61,0.26,0.23,N
1925,8,26.76,26.16,0.6,0.55,E
1925,9,26.79,25.99,0.8,0.84,E
1925,10,27.12,26.01,1.11,1.13,E
1925,11,27.53,26.04,1.49,1.42,E
1925,12,27.71,26.05,1.66,1.58,E
1926,1,27.74,26.14,1.6,1.52,E
1926,2,27.55,26.24,1.3,1.42,E
1926,3,28.17,26.81,1.36,1.3,E
1926,4,28.37,27.15,1.22,1.09,E
1926,5,28.11,27.43,0.69,0.8,E
1926,6,27.58,27.1,0.48,0.48,N
1926,7,26.93,26.67,0.26,0.25,N
1926,8,26.26,26.27,0,-0.05,N
1926,9,25.73,26.13,-0.4,-0.44,N
1926,10,25.22,26.13,-0.91,-0.73,L
1926,11,25.29,26.17,-0.88,-0.83,L
1926,12,25.55,26.23,-0.68,-0.68,L
1927,1,25.67,26.14,-0.47,-0.46,N
1927,2,26.01,26.24,-0.23,-0.33,N
1927,3,26.51,26.81,-0.3,-0.33,N
1927,4,26.7,27.15,-0.45,-0.41,N
1927,5,26.93,27.43,-0.5,-0.34,N
1927,6,27.01,27.1,-0.09,-0.24,N
1927,7,26.54,26.67,-0.13,-0.1,N
1927,8,26.19,26.27,-0.07,0.02,N
1927,9,26.38,26.13,0.26,0.22,N
1927,10,26.6,26.13,0.47,0.3,N
1927,11,26.34,26.17,0.17,0.23,N
1927,12,26.28,26.23,0.06,0.2,N
1928,1,26.51,26.14,0.37,0.23,N
1928,2,26.5,26.24,0.26,0.19,N
1928,3,26.76,26.81,-0.05,0.08,N
1928,4,27.17,27.15,0.03,-0.02,N
1928,5,27.37,27.43,-0.05,-0.07,N
1928,6,26.92,27.1,-0.17,-0.03,N
1928,7,26.79,26.67,0.12,0.02,N
1928,8,26.38,26.27,0.11,0.08,N
1928,9,26.13,26.13,0.01,-0.02,N
1928,10,25.95,26.13,-0.18,-0.11,N
1928,11,26,26.17,-0.17,-0.18,N
1928,12,26.04,26.23,-0.19,-0.25,N
1929,1,25.76,26.14,-0.38,-0.32,N
1929,2,25.87,26.24,-0.38,-0.33,N
1929,3,26.57,26.81,-0.24,-0.26,N
1929,4,26.99,27.15,-0.16,-0.21,N
1929,5,27.18,27.43,-0.25,-0.15,N
1929,6,27.04,27.1,-0.06,-0.07,N
1929,7,26.76,26.67,0.09,0.04,N
1929,8,26.36,26.27,0.09,0.15,N
1929,9,26.4,26.13,0.27,0.21,N
1929,10,26.39,26.13,0.26,0.26,N
1929,11,26.41,26.17,0.24,0.26,N
1929,12,26.51,26.23,0.28,0.35,N
1930,1,26.67,26.14,0.53,0.49,N
1930,2,26.9,26.24,0.65,0.54,E
1930,3,27.24,26.81,0.43,0.53,E
1930,4,27.64,27.15,0.49,0.43,N
1930,5,27.8,27.43,0.38,0.58,E
1930,6,27.98,27.1,0.88,0.69,E
1930,7,27.49,26.67,0.82,0.87,E
1930,8,27.18,26.27,0.91,0.99,E
1930,9,27.36,26.13,1.23,1.21,E
1930,10,27.64,26.13,1.5,1.43,E
1930,11,27.71,26.17,1.54,1.48,E
1930,12,27.62,26.23,1.39,1.5,E
1931,1,27.61,26.06,1.56,1.48,E
1931,2,27.69,26.19,1.5,1.32,E
1931,3,27.7,26.79,0.91,1.12,E
1931,4,28.07,27.13,0.94,0.84,E
1931,5,28.09,27.4,0.69,0.72,E
1931,6,27.59,27.06,0.54,0.55,E
1931,7,27.03,26.61,0.42,0.39,N
1931,8,26.39,26.2,0.2,0.07,N
1931,9,25.64,26.05,-0.41,-0.29,N
1931,10,25.32,25.97,-0.65,-0.58,L
1931,11,25.42,26.09,-0.67,-0.65,L
1931,12,25.48,26.11,-0.63,-0.62,L
1932,1,25.48,26.06,-0.57,-0.48,N
1932,2,25.94,26.19,-0.25,-0.25,N
1932,3,26.87,26.79,0.08,0.09,N
1932,4,27.57,27.13,0.44,0.29,N
1932,5,27.76,27.4,0.36,0.39,N
1932,6,27.44,27.06,0.38,0.35,N
1932,7,26.92,26.61,0.31,0.25,N
1932,8,26.25,26.2,0.05,0.09,N
1932,9,25.95,26.05,-0.1,-0.01,N
1932,10,25.98,25.97,0.01,-0.06,N
1932,11,25.98,26.09,-0.1,-0.17,N
1932,12,25.69,26.11,-0.42,-0.31,N
1933,1,25.65,26.06,-0.41,-0.43,N
1933,2,25.73,26.19,-0.47,-0.47,N
1933,3,26.27,26.79,-0.53,-0.45,N
1933,4,26.78,27.13,-0.35,-0.5,N
1933,5,26.79,27.4,-0.61,-0.6,L
1933,6,26.23,27.06,-0.83,-0.82,L
1933,7,25.6,26.61,-1.01,-0.99,L
1933,8,25.05,26.2,-1.15,-1.09,L
1933,9,24.92,26.05,-1.13,-1.18,L
1933,10,24.69,25.97,-1.28,-1.3,L
1933,11,24.6,26.09,-1.49,-1.41,L
1933,12,24.65,26.11,-1.46,-1.33,L
1934,1,25.01,26.06,-1.05,-1.07,L
1934,2,25.5,26.19,-0.7,-0.86,L
1934,3,25.96,26.79,-0.84,-0.7,L
1934,4,26.58,27.13,-0.56,-0.56,L
1934,5,27.1,27.4,-0.3,-0.27,N
1934,6,27.11,27.06,0.05,-0.03,N
1934,7,26.75,26.61,0.14,0.09,N
1934,8,26.27,26.2,0.08,-0.01,N
1934,9,25.81,26.05,-0.24,-0.05,N
1934,10,25.98,25.97,0.02,-0.11,N
1934,11,25.96,26.09,-0.12,-0.09,N
1934,12,25.94,26.11,-0.16,-0.17,N
1935,1,25.82,26.06,-0.24,-0.18,N
1935,2,26.05,26.19,-0.14,-0.2,N
1935,3,26.57,26.79,-0.23,-0.25,N
1935,4,26.75,27.13,-0.38,-0.33,N
1935,5,27.02,27.4,-0.38,-0.31,N
1935,6,26.89,27.06,-0.17,-0.2,N
1935,7,26.56,26.61,-0.05,-0.03,N
1935,8,26.33,26.2,0.13,0.12,N
1935,9,26.33,26.05,0.29,0.26,N
1935,10,26.34,25.97,0.37,0.25,N
1935,11,26.17,26.09,0.09,0.11,N
1935,12,25.99,26.11,-0.12,-0.05,N
1936,1,25.93,26.06,-0.12,-0.07,N
1936,2,26.2,26.16,0.04,-0.07,N
1936,3,26.63,26.76,-0.13,0,N
1936,4,27.3,27.21,0.09,-0.03,N
1936,5,27.39,27.42,-0.04,0.01,N
1936,6,27.01,27.03,-0.02,-0.06,N
1936,7,26.43,26.55,-0.13,-0.05,N
1936,8,26.14,26.15,-0.02,0,N
1936,9,26.14,25.99,0.15,0.08,N
1936,10,26.01,25.9,0.11,0.02,N
1936,11,25.77,25.98,-0.2,-0.18,N
1936,12,25.63,26.06,-0.43,-0.39,N
1937,1,25.51,26.06,-0.54,-0.32,N
1937,2,26.17,26.16,0.01,-0.18,N
1937,3,26.76,26.76,0,-0.06,N
1937,4,27.01,27.21,-0.2,-0.14,N
1937,5,27.21,27.42,-0.21,-0.1,N
1937,6,27.15,27.03,0.11,-0.01,N
1937,7,26.63,26.55,0.07,0.17,N
1937,8,26.49,26.15,0.33,0.29,N
1937,9,26.46,25.99,0.47,0.42,N
1937,10,26.37,25.9,0.47,0.39,N
1937,11,26.22,25.98,0.24,0.21,N
1937,12,25.97,26.06,-0.09,-0.15,N
1938,1,25.46,26.06,-0.59,-0.46,N
1938,2,25.45,26.16,-0.71,-0.65,L
1938,3,26.12,26.76,-0.64,-0.73,L
1938,4,26.36,27.21,-0.85,-0.77,L
1938,5,26.61,27.42,-0.81,-0.93,L
1938,6,25.9,27.03,-1.13,-1.15,L
1938,7,25.05,26.55,-1.51,-1.36,L
1938,8,24.71,26.15,-1.45,-1.28,L
1938,9,25.11,25.99,-0.88,-0.97,L
1938,10,25.31,25.9,-0.59,-0.75,L
1938,11,25.21,25.98,-0.77,-0.8,L
1938,12,25.02,26.06,-1.03,-1.02,L
1939,1,24.81,26.06,-1.25,-1.11,L
1939,2,25.1,26.16,-1.06,-0.84,L
1939,3,26.54,26.76,-0.22,-0.42,N
1939,4,27.22,27.21,0.01,0.01,N
1939,5,27.66,27.42,0.23,0.18,N
1939,6,27.34,27.03,0.31,0.37,N
1939,7,27.13,26.55,0.57,0.54,E
1939,8,26.88,26.15,0.73,0.55,E
1939,9,26.35,25.99,0.36,0.5,N
1939,10,26.3,25.9,0.4,0.23,N
1939,11,25.92,25.98,-0.06,0.21,N
1939,12,26.35,26.06,0.29,0.48,N
1940,1,27.27,26.06,1.22,0.93,E
1940,2,27.44,26.16,1.28,1.3,E
1940,3,28.17,26.76,1.42,1.15,E
1940,4,27.97,27.21,0.76,0.98,E
1940,5,28.2,27.42,0.78,0.8,E
1940,6,27.89,27.03,0.86,0.86,E
1940,7,27.51,26.55,0.95,1.09,E
1940,8,27.61,26.15,1.45,1.26,E
1940,9,27.37,25.99,1.38,1.32,E
1940,10,27.02,25.9,1.12,1.48,E
1940,11,27.93,25.98,1.96,1.83,E
1940,12,28.46,26.06,2.41,2.21,E
1941,1,28.38,26.11,2.27,2.36,E
1941,2,28.69,26.3,2.39,2.14,E
1941,3,28.59,26.85,1.75,1.81,E
1941,4,28.58,27.3,1.28,1.42,E
1941,5,28.73,27.48,1.25,1.2,E
1941,6,28.18,27.11,1.07,1.12,E
1941,7,27.66,26.62,1.04,1.07,E
1941,8,27.26,26.17,1.09,1.05,E
1941,9,27.03,26.02,1.01,1.17,E
1941,10,27.28,25.86,1.42,1.37,E
1941,11,27.58,25.9,1.69,1.56,E
1941,12,27.59,26,1.59,1.4,E
1942,1,27.03,26.11,0.92,1.04,E
1942,2,26.9,26.3,0.6,0.7,E
1942,3,27.43,26.85,0.59,0.6,E
1942,4,27.91,27.3,0.6,0.45,N
1942,5,27.63,27.48,0.15,0.21,N
1942,6,26.99,27.11,-0.12,-0.27,N
1942,7,25.78,26.62,-0.83,-0.7,L
1942,8,25.04,26.17,-1.13,-1.14,L
1942,9,24.57,26.02,-1.45,-1.31,L
1942,10,24.52,25.86,-1.34,-1.4,L
1942,11,24.48,25.9,-1.42,-1.43,L
1942,12,24.46,26,-1.54,-1.58,L
1943,1,24.33,26.11,-1.79,-1.68,L
1943,2,24.59,26.3,-1.71,-1.55,L
1943,3,25.71,26.85,-1.14,-1.18,L
1943,4,26.62,27.3,-0.68,-0.71,L
1943,5,27.17,27.48,-0.31,-0.29,N
1943,6,27.23,27.11,0.12,0.01,N
1943,7,26.85,26.62,0.23,0.24,N
1943,8,26.54,26.17,0.37,0.19,N
1943,9,25.99,26.02,-0.03,0.06,N
1943,10,25.7,25.86,-0.16,-0.08,N
1943,11,25.85,25.9,-0.04,-0.11,N
1943,12,25.86,26,-0.14,-0.13,N
1944,1,25.9,26.11,-0.21,-0.06,N
1944,2,26.47,26.3,0.17,0.19,N
1944,3,27.46,26.85,0.62,0.5,E
1944,4,28.02,27.3,0.71,0.55,E
1944,5,27.79,27.48,0.31,0.45,N
1944,6,27.43,27.11,0.32,0.39,N
1944,7,27.16,26.62,0.54,0.39,N
1944,8,26.48,26.17,0.31,0.27,N
1944,9,25.98,26.02,-0.05,-0.08,N
1944,10,25.37,25.86,-0.49,-0.27,N
1944,11,25.63,25.9,-0.26,-0.36,N
1944,12,25.67,26,-0.33,-0.34,N
1945,1,25.67,26.11,-0.44,-0.42,N
1945,2,25.8,26.3,-0.5,-0.54,L
1945,3,26.16,26.85,-0.69,-0.6,L
1945,4,26.68,27.3,-0.62,-0.45,N
1945,5,27.43,27.48,-0.05,-0.46,N
1945,6,26.39,27.11,-0.72,-0.39,N
1945,7,26.23,26.62,-0.39,-0.46,N
1945,8,25.92,26.17,-0.25,-0.2,N
1945,9,26.05,26.02,0.03,-0.48,N
1945,10,24.65,25.86,-1.2,-0.26,N
1945,11,26.28,25.9,0.39,-0.18,N
1945,12,26.27,26,0.27,0.26,N
1946,1,26.26,26.13,0.12,-0.17,N
1946,2,25.43,26.34,-0.91,-0.46,N
1946,3,26.31,26.9,-0.59,-0.57,L
1946,4,27.16,27.36,-0.21,-0.26,N
1946,5,27.57,27.55,0.02,-0.26,N
1946,6,26.55,27.15,-0.6,-0.47,N
1946,7,25.8,26.63,-0.83,-0.92,L
1946,8,24.85,26.19,-1.34,-1.05,L
1946,9,25.03,26.02,-0.99,-0.79,L
1946,10,25.82,25.87,-0.05,-0.35,N
1946,11,25.9,25.91,-0.01,0.29,N
1946,12,26.94,26.02,0.92,0.36,N
1947,1,26.31,26.13,0.18,0.44,N
1947,2,26.58,26.34,0.24,0.2,N
1947,3,27.09,26.9,0.2,0.19,N
1947,4,27.5,27.36,0.14,0.26,N
1947,5,27.99,27.55,0.44,0.26,N
1947,6,27.37,27.15,0.22,0.23,N
1947,7,26.65,26.63,0.02,0.03,N
1947,8,26.04,26.19,-0.15,-0.03,N
1947,9,26.05,26.02,0.03,-0.33,N
1947,10,25,25.87,-0.86,-0.64,L
1947,11,24.81,25.91,-1.1,-0.54,L
1947,12,26.36,26.02,0.35,-0.04,N
1948,1,26.76,26.13,0.63,0.56,E
1948,2,27.06,26.34,0.72,0.29,N
1948,3,26.41,26.9,-0.49,0.22,N
1948,4,27.8,27.36,0.43,0.15,N
1948,5,28.05,27.55,0.51,0.24,N
1948,6,26.94,27.15,-0.21,-0.1,N
1948,7,26.03,26.63,-0.6,-0.47,N
1948,8,25.59,26.19,-0.61,-0.63,L
1948,9,25.35,26.02,-0.67,-0.65,L
1948,10,25.18,25.87,-0.69,-0.74,L
1948,11,25.05,25.91,-0.86,-0.57,L
1948,12,25.87,26.02,-0.15,-0.4,N
1949,1,25.95,26.13,-0.18,-0.23,N
1949,2,25.99,26.34,-0.35,-0.22,N
1949,3,26.78,26.9,-0.12,-0.16,N
1949,4,27.35,27.36,-0.01,-0.26,N
1949,5,26.89,27.55,-0.65,-0.47,N
1949,6,26.4,27.15,-0.75,-0.64,L
1949,7,26.12,26.63,-0.51,-0.5,L
1949,8,25.94,26.19,-0.25,-0.32,N
1949,9,25.83,26.02,-0.19,-0.28,N
1949,10,25.45,25.87,-0.41,-0.5,L
1949,11,25.01,25.91,-0.9,-0.94,L
1949,12,24.52,26.02,-1.5,-1.32,L
1950,1,24.56,26.13,-1.57,-1.45,L
1950,2,25.07,26.34,-1.27,-1.29,L
1950,3,25.88,26.9,-1.02,-1.12,L
1950,4,26.29,27.36,-1.08,-1.15,L
1950,5,26.19,27.55,-1.35,-1.04,L
1950,6,26.47,27.15,-0.68,-0.8,L
1950,7,26.28,26.63,-0.35,-0.45,N
1950,8,25.88,26.19,-0.31,-0.32,N
1950,9,25.73,26.02,-0.29,-0.26,N
1950,10,25.68,25.87,-0.18,-0.3,N
1950,11,25.46,25.91,-0.45,-0.45,N
1950,12,25.29,26.02,-0.73,-0.7,L
1951,1,25.25,26.18,-0.93,-0.77,L
1951,2,25.72,26.39,-0.66,-0.54,L
1951,3,26.91,26.95,-0.04,-0.17,N
1951,4,27.59,27.39,0.2,0.18,N
1951,5,27.93,27.56,0.36,0.36,N
1951,6,27.73,27.21,0.52,0.58,E
1951,7,27.59,26.72,0.87,0.7,E
1951,8,27.01,26.3,0.71,0.89,E
1951,9,27.22,26.14,1.08,0.99,E
1951,10,27.2,26.01,1.19,1.15,E
1951,11,27.25,26.06,1.19,1.04,E
1951,12,26.92,26.18,0.74,0.81,E
1952,1,26.67,26.18,0.49,0.53,E
1952,2,26.75,26.39,0.37,0.37,N
1952,3,27.19,26.95,0.24,0.34,N
1952,4,27.81,27.39,0.42,0.29,N
1952,5,27.79,27.56,0.23,0.2,N
1952,6,27.18,27.21,-0.03,0,N
1952,7,26.53,26.72,-0.2,-0.08,N
1952,8,26.3,26.3,0,0,N
1952,9,26.35,26.14,0.21,0.15,N
1952,10,26.25,26.01,0.25,0.1,N
1952,11,25.92,26.06,-0.14,0.04,N
1952,12,26.21,26.18,0.03,0.15,N
1953,1,26.74,26.18,0.56,0.4,N
1953,2,27,26.39,0.61,0.6,E
1953,3,27.57,26.95,0.62,0.63,E
1953,4,28.03,27.39,0.64,0.66,E
1953,5,28.28,27.56,0.71,0.75,E
1953,6,28.12,27.21,0.9,0.77,E
1953,7,27.42,26.72,0.7,0.75,E
1953,8,26.93,26.3,0.63,0.73,E
1953,9,27,26.14,0.85,0.78,E
1953,10,26.87,26.01,0.86,0.84,E
1953,11,26.88,26.06,0.82,0.84,E
1953,12,27.01,26.18,0.83,0.81,E
1954,1,26.98,26.18,0.8,0.76,E
1954,2,27.03,26.39,0.64,0.47,N
1954,3,26.91,26.95,-0.04,-0.05,N
1954,4,26.65,27.39,-0.74,-0.41,N
1954,5,27.11,27.56,-0.45,-0.54,L
1954,6,26.79,27.21,-0.42,-0.5,N
1954,7,26.1,26.72,-0.62,-0.64,L
1954,8,25.42,26.3,-0.88,-0.84,L
1954,9,25.11,26.14,-1.03,-0.9,L
1954,10,25.22,26.01,-0.78,-0.77,L
1954,11,25.56,26.06,-0.5,-0.73,L
1954,12,25.26,26.18,-0.91,-0.66,L
1955,1,25.62,26.18,-0.56,-0.68,L
1955,2,25.82,26.39,-0.57,-0.62,L
1955,3,26.23,26.95,-0.72,-0.69,L
1955,4,26.61,27.39,-0.78,-0.8,L
1955,5,26.65,27.56,-0.91,-0.79,L
1955,6,26.54,27.21,-0.67,-0.72,L
1955,7,26.14,26.72,-0.58,-0.68,L
1955,8,25.5,26.3,-0.8,-0.75,L
1955,9,25.28,26.14,-0.87,-1.09,L
1955,10,24.41,26.01,-1.6,-1.42,L
1955,11,24.25,26.06,-1.81,-1.67,L
1955,12,24.57,26.18,-1.61,-1.47,L
1956,1,25.34,26.33,-0.99,-1.11,L
1956,2,25.77,26.51,-0.74,-0.76,L
1956,3,26.47,27.01,-0.54,-0.63,L
1956,4,26.86,27.46,-0.6,-0.54,L
1956,5,27.13,27.59,-0.46,-0.52,L
1956,6,26.81,27.29,-0.48,-0.51,L
1956,7,26.22,26.8,-0.58,-0.57,L
1956,8,25.67,26.32,-0.65,-0.55,L
1956,9,25.72,26.15,-0.43,-0.46,N
1956,10,25.74,26.03,-0.29,-0.42,N
1956,11,25.56,26.1,-0.54,-0.43,N
1956,12,25.71,26.18,-0.47,-0.43,N
1957,1,26.04,26.33,-0.29,-0.25,N
1957,2,26.54,26.51,0.02,0.06,N
1957,3,27.46,27.01,0.45,0.41,N
1957,4,28.23,27.46,0.77,0.72,E
1957,5,28.54,27.59,0.94,0.92,E
1957,6,28.35,27.29,1.05,1.11,E
1957,7,28.15,26.8,1.34,1.25,E
1957,8,27.68,26.32,1.36,1.32,E
1957,9,27.42,26.15,1.27,1.33,E
1957,10,27.41,26.03,1.37,1.39,E
1957,11,27.61,26.1,1.52,1.53,E
1957,12,27.89,26.18,1.71,1.74,E
1958,1,28.32,26.33,1.98,1.81,E
1958,2,28.24,26.51,1.72,1.66,E
1958,3,28.27,27.01,1.26,1.27,E
1958,4,28.28,27.46,0.81,0.93,E
1958,5,28.3,27.59,0.71,0.74,E
1958,6,27.98,27.29,0.69,0.64,E
1958,7,27.31,26.8,0.51,0.57,E
1958,8,26.84,26.32,0.52,0.43,N
1958,9,26.4,26.15,0.25,0.39,N
1958,10,26.45,26.03,0.41,0.44,N
1958,11,26.75,26.1,0.65,0.5,N
1958,12,26.61,26.18,0.44,0.61,E
1959,1,27.07,26.33,0.74,0.61,E
1959,2,27.18,26.51,0.67,0.62,E
1959,3,27.47,27.01,0.46,0.51,E
1959,4,27.88,27.46,0.42,0.33,N
1959,5,27.69,27.59,0.1,0.2,N
1959,6,27.36,27.29,0.07,-0.07,N
1959,7,26.43,26.8,-0.37,-0.18,N
1959,8,26.09,26.32,-0.24,-0.28,N
1959,9,25.92,26.15,-0.23,-0.09,N
1959,10,26.24,26.03,0.2,-0.03,N
1959,11,26.04,26.1,-0.06,0.05,N
1959,12,26.18,26.18,0,-0.04,N
1960,1,26.26,26.33,-0.07,-0.1,N
1960,2,26.29,26.51,-0.22,-0.1,N
1960,3,26.99,27.01,-0.02,-0.07,N
1960,4,27.49,27.46,0.03,0.03,N
1960,5,27.68,27.59,0.08,0.02,N
1960,6,27.23,27.29,-0.06,0.03,N
1960,7,26.87,26.8,0.07,0.13,N
1960,8,26.69,26.32,0.36,0.24,N
1960,9,26.43,26.15,0.28,0.27,N
1960,10,26.21,26.03,0.18,0.2,N
1960,11,26.25,26.1,0.15,0.12,N
1960,12,26.22,26.18,0.04,0.05,N
1961,1,26.23,26.27,-0.03,0.04,N
1961,2,26.56,26.45,0.1,0.03,N
1961,3,26.94,26.92,0.02,0.04,N
1961,4,27.37,27.37,0,0.09,N
1961,5,27.75,27.49,0.26,0.23,N
1961,6,27.66,27.22,0.44,0.27,N
1961,7,26.87,26.76,0.11,0.14,N
1961,8,26.18,26.3,-0.12,-0.13,N
1961,9,25.78,26.16,-0.38,-0.3,N
1961,10,25.7,26.09,-0.38,-0.26,N
1961,11,26.06,26.08,-0.01,-0.19,N
1961,12,25.98,26.14,-0.16,-0.16,N
1962,1,25.96,26.27,-0.3,-0.24,N
1962,2,26.2,26.45,-0.26,-0.22,N
1962,3,26.81,26.92,-0.11,-0.2,N
1962,4,27.13,27.37,-0.24,-0.26,N
1962,5,27.05,27.49,-0.44,-0.28,N
1962,6,27.08,27.22,-0.14,-0.2,N
1962,7,26.75,26.76,0,-0.04,N
1962,8,26.32,26.3,0.02,-0.07,N
1962,9,25.93,26.16,-0.23,-0.11,N
1962,10,25.96,26.09,-0.13,-0.22,N
1962,11,25.75,26.08,-0.32,-0.31,N
1962,12,25.67,26.14,-0.47,-0.43,N
1963,1,25.77,26.27,-0.5,-0.4,N
1963,2,26.23,26.45,-0.22,-0.15,N
1963,3,27.18,26.92,0.26,0.15,N
1963,4,27.79,27.37,0.41,0.27,N
1963,5,27.63,27.49,0.14,0.32,N
1963,6,27.61,27.22,0.39,0.52,E
1963,7,27.77,26.76,1.01,0.86,E
1963,8,27.47,26.3,1.17,1.14,E
1963,9,27.39,26.16,1.23,1.22,E
1963,10,27.35,26.09,1.26,1.29,E
1963,11,27.46,26.08,1.39,1.37,E
1963,12,27.61,26.14,1.47,1.31,E
1964,1,27.33,26.27,1.06,1.07,E
1964,2,27.13,26.45,0.68,0.62,E
1964,3,27.02,26.92,0.1,0.12,N
1964,4,26.95,27.37,-0.42,-0.33,N
1964,5,26.82,27.49,-0.67,-0.58,L
1964,6,26.58,27.22,-0.64,-0.58,L
1964,7,26.33,26.76,-0.43,-0.59,L
1964,8,25.58,26.3,-0.72,-0.66,L
1964,9,25.32,26.16,-0.84,-0.76,L
1964,10,25.36,26.09,-0.73,-0.8,L
1964,11,25.26,26.08,-0.82,-0.82,L
1964,12,25.22,26.14,-0.92,-0.78,L
1965,1,25.66,26.27,-0.61,-0.59,L
1965,2,26.2,26.45,-0.25,-0.28,N
1965,3,26.95,26.92,0.03,-0.07,N
1965,4,27.38,27.37,0.01,0.18,N
1965,5,27.99,27.49,0.5,0.46,N
1965,6,28.08,27.22,0.86,0.83,E
1965,7,27.89,26.76,1.14,1.22,E
1965,8,27.96,26.3,1.66,1.54,E
1965,9,28,26.16,1.84,1.85,E
1965,10,28.15,26.09,2.06,1.98,E
1965,11,28.11,26.08,2.03,1.97,E
1965,12,27.95,26.14,1.81,1.72,E
1966,1,27.66,26.36,1.31,1.37,E
1966,2,27.55,26.56,1,1.17,E
1966,3,28.21,27.02,1.19,0.98,E
1966,4,28.16,27.4,0.76,0.66,E
1966,5,27.55,27.53,0.02,0.35,N
1966,6,27.63,27.35,0.29,0.24,N
1966,7,27.32,26.9,0.42,0.24,N
1966,8,26.48,26.46,0.02,0.12,N
1966,9,26.27,26.34,-0.07,-0.05,N
1966,10,26.22,26.33,-0.1,-0.1,N
1966,11,26.23,26.35,-0.12,-0.18,N
1966,12,26.02,26.33,-0.31,-0.3,N
1967,1,25.88,26.36,-0.48,-0.41,N
1967,2,26.12,26.56,-0.44,-0.48,N
1967,3,26.51,27.02,-0.51,-0.54,L
1967,4,26.75,27.4,-0.66,-0.45,N
1967,5,27.35,27.53,-0.18,-0.24,N
1967,6,27.46,27.35,0.12,0,N
1967,7,26.96,26.9,0.06,0.05,N
1967,8,26.43,26.46,-0.04,-0.16,N
1967,9,25.85,26.34,-0.49,-0.3,N
1967,10,25.97,26.33,-0.36,-0.38,N
1967,11,26.08,26.35,-0.28,-0.34,N
1967,12,25.95,26.33,-0.38,-0.44,N
1968,1,25.69,26.36,-0.67,-0.64,L
1968,2,25.69,26.56,-0.86,-0.74,L
1968,3,26.34,27.02,-0.68,-0.62,L
1968,4,27.1,27.4,-0.3,-0.44,N
1968,5,27.19,27.53,-0.34,-0.04,N
1968,6,27.87,27.35,0.52,0.28,N
1968,7,27.57,26.9,0.66,0.58,E
1968,8,27,26.46,0.54,0.53,E
1968,9,26.72,26.34,0.38,0.45,N
1968,10,26.75,26.33,0.42,0.55,E
1968,11,27.2,26.35,0.85,0.73,E
1968,12,27.27,26.33,0.94,0.98,E
1969,1,27.5,26.36,1.14,1.13,E
1969,2,27.86,26.56,1.31,1.08,E
1969,3,27.83,27.02,0.81,0.95,E
1969,4,28.14,27.4,0.73,0.77,E
1969,5,28.29,27.53,0.76,0.61,E
1969,6,27.69,27.35,0.35,0.43,N
1969,7,27.08,26.9,0.18,0.36,N
1969,8,27.02,26.46,0.56,0.51,E
1969,9,27.15,26.34,0.81,0.79,E
1969,10,27.34,26.33,1.01,0.86,E
1969,11,27.11,26.35,0.76,0.81,E
1969,12,26.98,26.33,0.66,0.63,E
1970,1,26.84,26.36,0.48,0.51,E
1970,2,26.96,26.56,0.41,0.34,N
1970,3,27.15,27.02,0.13,0.29,N
1970,4,27.75,27.4,0.34,0.19,N
1970,5,27.63,27.53,0.1,0.05,N
1970,6,27.03,27.35,-0.31,-0.3,N
1970,7,26.21,26.9,-0.7,-0.63,L
1970,8,25.59,26.46,-0.87,-0.76,L
1970,9,25.64,26.34,-0.71,-0.77,L
1970,10,25.59,26.33,-0.74,-0.74,L
1970,11,25.57,26.35,-0.78,-0.86,L
1970,12,25.27,26.33,-1.06,-1.15,L
1971,1,24.82,26.42,-1.59,-1.36,L
1971,2,25.2,26.61,-1.42,-1.38,L
1971,3,25.93,27.06,-1.13,-1.12,L
1971,4,26.64,27.44,-0.8,-0.85,L
1971,5,26.95,27.56,-0.61,-0.73,L
1971,6,26.6,27.38,-0.78,-0.74,L
1971,7,26.12,26.94,-0.82,-0.8,L
1971,8,25.74,26.54,-0.79,-0.77,L
1971,9,25.71,26.42,-0.71,-0.82,L
1971,10,25.47,26.43,-0.96,-0.85,L
1971,11,25.55,26.43,-0.88,-0.96,L
1971,12,25.37,26.4,-1.03,-0.9,L
1972,1,25.63,26.42,-0.78,-0.71,L
1972,2,26.31,26.61,-0.3,-0.35,N
1972,3,27.09,27.06,0.03,0.06,N
1972,4,27.9,27.44,0.45,0.41,N
1972,5,28.31,27.56,0.75,0.67,E
1972,6,28.18,27.38,0.8,0.92,E
1972,7,28.14,26.94,1.2,1.13,E
1972,8,27.94,26.54,1.4,1.37,E
1972,9,27.94,26.42,1.52,1.58,E
1972,10,28.25,26.43,1.83,1.84,E
1972,11,28.6,26.43,2.17,2.09,E
1972,12,28.68,26.4,2.28,2.12,E
1973,1,28.33,26.42,1.92,1.84,E
1973,2,27.95,26.61,1.34,1.25,E
1973,3,27.56,27.06,0.49,0.55,E
1973,4,27.25,27.44,-0.19,-0.1,N
1973,5,26.97,27.56,-0.59,-0.54,L
1973,6,26.55,27.38,-0.83,-0.87,L
1973,7,25.76,26.94,-1.18,-1.11,L
1973,8,25.23,26.54,-1.31,-1.28,L
1973,9,25.06,26.42,-1.36,-1.45,L
1973,10,24.74,26.43,-1.69,-1.71,L
1973,11,24.34,26.43,-2.09,-1.95,L
1973,12,24.34,26.4,-2.06,-2.03,L
1974,1,24.47,26.42,-1.95,-1.84,L
1974,2,25.11,26.61,-1.5,-1.55,L
1974,3,25.86,27.06,-1.21,-1.23,L
1974,4,26.48,27.44,-0.97,-1.03,L
1974,5,26.65,27.56,-0.91,-0.91,L
1974,6,26.53,27.38,-0.85,-0.77,L
1974,7,26.39,26.94,-0.55,-0.53,L
1974,8,26.33,26.54,-0.21,-0.37,N
1974,9,26.07,26.42,-0.35,-0.41,N
1974,10,25.77,26.43,-0.66,-0.61,L
1974,11,25.61,26.43,-0.82,-0.75,L
1974,12,25.63,26.4,-0.78,-0.64,L
1975,1,26.1,26.42,-0.32,-0.54,L
1975,2,26.08,26.61,-0.53,-0.57,L
1975,3,26.2,27.06,-0.86,-0.65,L
1975,4,26.87,27.44,-0.58,-0.73,L
1975,5,26.8,27.56,-0.76,-0.83,L
1975,6,26.23,27.38,-1.15,-0.98,L
1975,7,25.9,26.94,-1.04,-1.13,L
1975,8,25.34,26.54,-1.2,-1.2,L
1975,9,25.05,26.42,-1.37,-1.37,L
1975,10,24.89,26.43,-1.54,-1.43,L
1975,11,25.05,26.43,-1.38,-1.55,L
1975,12,24.67,26.4,-1.73,-1.65,L
1976,1,24.54,26.39,-1.84,-1.56,L
1976,2,25.49,26.59,-1.09,-1.17,L
1976,3,26.46,27.04,-0.58,-0.73,L
1976,4,26.89,27.42,-0.53,-0.47,N
1976,5,27.2,27.51,-0.31,-0.28,N
1976,6,27.35,27.35,0,-0.05,N
1976,7,27.12,26.95,0.17,0.18,N
1976,8,26.98,26.59,0.38,0.35,N
1976,9,27.02,26.51,0.5,0.62,E
1976,10,27.46,26.48,0.98,0.81,E
1976,11,27.41,26.46,0.95,0.86,E
1976,12,27.08,26.43,0.66,0.85,E
1977,1,27.32,26.39,0.93,0.71,E
1977,2,27.13,26.59,0.55,0.64,E
1977,3,27.48,27.04,0.44,0.34,N
1977,4,27.45,27.42,0.03,0.23,N
1977,5,27.72,27.51,0.22,0.21,N
1977,6,27.74,27.35,0.39,0.34,N
1977,7,27.38,26.95,0.42,0.35,N
1977,8,26.84,26.59,0.25,0.42,N
1977,9,27.11,26.51,0.6,0.57,E
1977,10,27.34,26.48,0.86,0.73,E
1977,11,27.18,26.46,0.72,0.81,E
1977,12,27.29,26.43,0.86,0.79,E
1978,1,27.17,26.39,0.78,0.69,E
1978,2,27.01,26.59,0.42,0.42,N
1978,3,27.1,27.04,0.06,0.06,N
1978,4,27.12,27.42,-0.3,-0.18,N
1978,5,27.2,27.51,-0.31,-0.31,N
1978,6,27.02,27.35,-0.33,-0.29,N
1978,7,26.74,26.95,-0.22,-0.36,N
1978,8,26.07,26.59,-0.53,-0.42,N
1978,9,26.01,26.51,-0.5,-0.42,N
1978,10,26.25,26.48,-0.23,-0.29,N
1978,11,26.32,26.46,-0.14,-0.08,N
1978,12,26.54,26.43,0.11,0,N
1979,1,26.42,26.39,0.03,0.03,N
1979,2,26.54,26.59,-0.04,0.07,N
1979,3,27.28,27.04,0.23,0.2,N
1979,4,27.84,27.42,0.42,0.28,N
1979,5,27.69,27.51,0.19,0.23,N
1979,6,27.43,27.35,0.08,0.05,N
1979,7,26.83,26.95,-0.13,0.04,N
1979,8,26.75,26.59,0.16,0.17,N
1979,9,26.99,26.51,0.48,0.33,N
1979,10,26.83,26.48,0.35,0.45,N
1979,11,26.99,26.46,0.53,0.52,E
1979,12,27.11,26.43,0.69,0.64,E
1980,1,27.09,26.39,0.7,0.59,E
1980,2,26.98,26.59,0.39,0.46,N
1980,3,27.32,27.04,0.28,0.34,N
1980,4,27.76,27.42,0.34,0.38,N
1980,5,28.02,27.51,0.51,0.48,N
1980,6,27.94,27.35,0.59,0.46,N
1980,7,27.23,26.95,0.28,0.25,N
1980,8,26.48,26.59,-0.11,0.03,N
1980,9,26.44,26.51,-0.07,-0.07,N
1980,10,26.46,26.48,-0.02,0.02,N
1980,11,26.6,26.46,0.14,0.11,N
1980,12,26.65,26.43,0.22,-0.01,N
1981,1,26.19,26.57,-0.38,-0.26,N
1981,2,26.12,26.75,-0.62,-0.5,L
1981,3,26.66,27.17,-0.51,-0.47,N
1981,4,27.3,27.59,-0.29,-0.37,N
1981,5,27.36,27.66,-0.3,-0.26,N
1981,6,27.27,27.46,-0.19,-0.29,N
1981,7,26.65,27.02,-0.37,-0.3,N
1981,8,26.32,26.64,-0.32,-0.25,N
1981,9,26.52,26.56,-0.04,-0.16,N
1981,10,26.42,26.53,-0.11,-0.13,N
1981,11,26.29,26.52,-0.23,-0.15,N
1981,12,26.4,26.51,-0.11,-0.08,N
1982,1,26.68,26.57,0.11,-0.05,N
1982,2,26.6,26.75,-0.15,0.07,N
1982,3,27.42,27.17,0.25,0.19,N
1982,4,28.03,27.59,0.45,0.47,N
1982,5,28.39,27.66,0.72,0.66,E
1982,6,28.26,27.46,0.8,0.72,E
1982,7,27.66,27.02,0.64,0.79,E
1982,8,27.58,26.64,0.93,1.07,E
1982,9,28.2,26.56,1.64,1.58,E
1982,10,28.69,26.53,2.16,1.97,E
1982,11,28.61,26.52,2.09,2.18,E
1982,12,28.79,26.51,2.28,2.23,E
1983,1,28.88,26.57,2.32,2.18,E
1983,2,28.69,26.75,1.94,1.92,E
1983,3,28.67,27.17,1.49,1.54,E
1983,4,28.77,27.59,1.19,1.29,E
1983,5,28.84,27.66,1.18,1.06,E
1983,6,28.28,27.46,0.82,0.72,E
1983,7,27.19,27.02,0.17,0.31,N
1983,8,26.6,26.64,-0.05,-0.08,N
1983,9,26.2,26.56,-0.36,-0.45,N
1983,10,25.57,26.53,-0.96,-0.81,L
1983,11,25.42,26.52,-1.1,-1,L
1983,12,25.58,26.51,-0.94,-0.91,L
1984,1,25.88,26.57,-0.69,-0.6,L
1984,2,26.57,26.75,-0.18,-0.42,N
1984,3,26.78,27.17,-0.39,-0.34,N
1984,4,27.15,27.59,-0.44,-0.43,N
1984,5,27.2,27.66,-0.46,-0.51,L
1984,6,26.83,27.46,-0.63,-0.45,N
1984,7,26.78,27.02,-0.24,-0.3,N
1984,8,26.6,26.64,-0.04,-0.16,N
1984,9,26.38,26.56,-0.19,-0.24,N
1984,10,26.04,26.53,-0.49,-0.56,L
1984,11,25.52,26.52,-1,-0.92,L
1984,12,25.26,26.51,-1.25,-1.14,L
1985,1,25.39,26.57,-1.17,-1.04,L
1985,2,26.04,26.75,-0.71,-0.85,L
1985,3,26.5,27.17,-0.67,-0.77,L
1985,4,26.65,27.59,-0.93,-0.78,L
1985,5,26.91,27.66,-0.75,-0.78,L
1985,6,26.81,27.46,-0.65,-0.63,L
1985,7,26.55,27.02,-0.47,-0.49,N
1985,8,26.29,26.64,-0.35,-0.46,N
1985,9,26.02,26.56,-0.55,-0.4,N
1985,10,26.23,26.53,-0.3,-0.35,N
1985,11,26.33,26.52,-0.19,-0.27,N
1985,12,26.19,26.51,-0.32,-0.36,N
1986,1,25.89,26.46,-0.56,-0.49,N
1986,2,26.07,26.66,-0.6,-0.47,N
1986,3,26.88,27.14,-0.26,-0.31,N
1986,4,27.49,27.58,-0.08,-0.2,N
1986,5,27.41,27.68,-0.27,-0.12,N
1986,6,27.42,27.43,-0.01,-0.04,N
1986,7,27.18,27.01,0.17,0.22,N
1986,8,27.17,26.66,0.51,0.44,N
1986,9,27.24,26.59,0.65,0.71,E
1986,10,27.51,26.54,0.98,0.94,E
1986,11,27.7,26.5,1.2,1.14,E
1986,12,27.71,26.47,1.24,1.22,E
1987,1,27.68,26.46,1.22,1.23,E
1987,2,27.89,26.66,1.23,1.19,E
1987,3,28.27,27.14,1.14,1.06,E
1987,4,28.4,27.58,0.82,0.95,E
1987,5,28.56,27.68,0.88,0.97,E
1987,6,28.64,27.43,1.21,1.22,E
1987,7,28.58,27.01,1.57,1.51,E
1987,8,28.41,26.66,1.76,1.7,E
1987,9,28.36,26.59,1.77,1.65,E
1987,10,27.95,26.54,1.41,1.48,E
1987,11,27.77,26.5,1.27,1.25,E
1987,12,27.54,26.47,1.07,1.11,E
1988,1,27.45,26.46,0.99,0.81,E
1988,2,27.04,26.66,0.37,0.54,E
1988,3,27.39,27.14,0.25,0.14,N
1988,4,27.38,27.58,-0.2,-0.31,N
1988,5,26.68,27.68,-1,-0.88,L
1988,6,25.99,27.43,-1.44,-1.3,L
1988,7,25.56,27.01,-1.45,-1.3,L
1988,8,25.67,26.66,-0.99,-1.11,L
1988,9,25.72,26.59,-0.87,-1.19,L
1988,10,24.82,26.54,-1.71,-1.48,L
1988,11,24.66,26.5,-1.85,-1.8,L
1988,12,24.64,26.47,-1.83,-1.85,L
1989,1,24.59,26.46,-1.87,-1.69,L
1989,2,25.29,26.66,-1.37,-1.43,L
1989,3,26.09,27.14,-1.05,-1.08,L
1989,4,26.75,27.58,-0.82,-0.83,L
1989,5,27.07,27.68,-0.61,-0.58,L
1989,6,27.14,27.43,-0.29,-0.4,N
1989,7,26.72,27.01,-0.3,-0.31,N
1989,8,26.32,26.66,-0.33,-0.27,N
1989,9,26.41,26.59,-0.18,-0.24,N
1989,10,26.32,26.54,-0.22,-0.22,N
1989,11,26.25,26.5,-0.25,-0.16,N
1989,12,26.46,26.47,-0.01,-0.05,N
1990,1,26.56,26.46,0.11,0.14,N
1990,2,26.98,26.66,0.31,0.21,N
1990,3,27.34,27.14,0.2,0.28,N
1990,4,27.9,27.58,0.33,0.29,N
1990,5,28.02,27.68,0.34,0.29,N
1990,6,27.65,27.43,0.21,0.31,N
1990,7,27.38,27.01,0.37,0.33,N
1990,8,27.07,26.66,0.42,0.38,N
1990,9,26.94,26.59,0.35,0.39,N
1990,10,26.93,26.54,0.4,0.35,N
1990,11,26.81,26.5,0.31,0.4,N
1990,12,26.96,26.47,0.48,0.41,N
1991,1,27.04,26.59,0.45,0.41,N
1991,2,27.08,26.79,0.29,0.26,N
1991,3,27.33,27.28,0.05,0.22,N
1991,4,28.02,27.7,0.32,0.26,N
1991,5,28.2,27.8,0.4,0.45,N
1991,6,28.25,27.6,0.65,0.64,E
1991,7,28.05,27.19,0.86,0.73,E
1991,8,27.53,26.84,0.69,0.64,E
1991,9,27.14,26.78,0.36,0.62,E
1991,10,27.58,26.76,0.82,0.79,E
1991,11,27.89,26.7,1.19,1.21,E
1991,12,28.28,26.66,1.62,1.53,E
1992,1,28.37,26.59,1.78,1.71,E
1992,2,28.53,26.79,1.74,1.63,E
1992,3,28.66,27.28,1.38,1.48,E
1992,4,29.02,27.7,1.32,1.29,E
1992,5,28.97,27.8,1.16,1.06,E
1992,6,28.3,27.6,0.7,0.73,E
1992,7,27.51,27.19,0.33,0.37,N
1992,8,26.91,26.84,0.07,0.09,N
1992,9,26.66,26.78,-0.13,-0.13,N
1992,10,26.42,26.76,-0.34,-0.25,N
1992,11,26.42,26.7,-0.28,-0.28,N
1992,12,26.45,26.66,-0.21,-0.13,N
1993,1,26.7,26.59,0.1,0.09,N
1993,2,27.17,26.79,0.38,0.3,N
1993,3,27.68,27.28,0.4,0.5,N
1993,4,28.41,27.7,0.71,0.67,E
1993,5,28.71,27.8,0.91,0.7,E
1993,6,28.08,27.6,0.48,0.57,E
1993,7,27.51,27.19,0.33,0.32,N
1993,8,26.99,26.84,0.15,0.25,N
1993,9,27.07,26.78,0.29,0.15,N
1993,10,26.78,26.76,0.02,0.1,N
1993,11,26.71,26.7,0.01,0.04,N
1993,12,26.76,26.66,0.1,0.06,N
1994,1,26.65,26.59,0.06,0.06,N
1994,2,26.82,26.79,0.03,0.07,N
1994,3,27.39,27.28,0.11,0.17,N
1994,4,28.08,27.7,0.38,0.31,N
1994,5,28.24,27.8,0.43,0.42,N
1994,6,28.04,27.6,0.44,0.41,N
1994,7,27.54,27.19,0.35,0.44,N
1994,8,27.38,26.84,0.54,0.43,N
1994,9,27.19,26.78,0.41,0.55,E
1994,10,27.47,26.76,0.71,0.74,E
1994,11,27.81,26.7,1.11,1.01,E
1994,12,27.85,26.66,1.19,1.09,E
1995,1,27.57,26.59,0.98,0.96,E
1995,2,27.49,26.79,0.71,0.72,E
1995,3,27.76,27.28,0.48,0.53,E
1995,4,28.11,27.7,0.41,0.3,N
1995,5,27.83,27.8,0.02,0.14,N
1995,6,27.59,27.6,-0.01,-0.03,N
1995,7,27.08,27.19,-0.11,-0.24,N
1995,8,26.23,26.84,-0.61,-0.54,L
1995,9,25.88,26.78,-0.9,-0.81,L
1995,10,25.84,26.76,-0.91,-0.97,L
1995,11,25.61,26.7,-1.1,-1,L
1995,12,25.66,26.66,-1,-0.98,L
1996,1,25.7,26.56,-0.86,-0.9,L
1996,2,25.9,26.75,-0.85,-0.75,L
1996,3,26.69,27.24,-0.56,-0.59,L
1996,4,27.36,27.72,-0.36,-0.39,N
1996,5,27.55,27.81,-0.26,-0.31,N
1996,6,27.29,27.59,-0.3,-0.3,N
1996,7,26.85,27.18,-0.32,-0.27,N
1996,8,26.64,26.83,-0.2,-0.33,N
1996,9,26.27,26.73,-0.45,-0.35,N
1996,10,26.27,26.67,-0.4,-0.4,N
1996,11,26.29,26.63,-0.34,-0.45,N
1996,12,25.96,26.56,-0.61,-0.49,N
1997,1,26.02,26.56,-0.54,-0.5,L
1997,2,26.39,26.75,-0.36,-0.36,N
1997,3,27.05,27.24,-0.2,-0.1,N
1997,4,27.99,27.72,0.27,0.28,N
1997,5,28.58,27.81,0.76,0.75,E
1997,6,28.81,27.59,1.22,1.22,E
1997,7,28.85,27.18,1.67,1.6,E
1997,8,28.74,26.83,1.91,1.9,E
1997,9,28.84,26.73,2.12,2.14,E
1997,10,29.07,26.67,2.4,2.33,E
1997,11,29.11,26.63,2.48,2.4,E
1997,12,28.89,26.56,2.32,2.39,E
1998,1,28.93,26.56,2.37,2.24,E
1998,2,28.79,26.75,2.03,1.93,E
1998,3,28.63,27.24,1.38,1.44,E
1998,4,28.61,27.72,0.9,0.99,E
1998,5,28.52,27.81,0.7,0.45,N
1998,6,27.35,27.59,-0.24,-0.13,N
1998,7,26.32,27.18,-0.86,-0.78,L
1998,8,25.59,26.83,-1.25,-1.12,L
1998,9,25.47,26.73,-1.26,-1.31,L
1998,10,25.26,26.67,-1.41,-1.35,L
1998,11,25.25,26.63,-1.38,-1.48,L
1998,12,24.92,26.56,-1.64,-1.57,L
1999,1,24.87,26.56,-1.69,-1.55,L
1999,2,25.44,26.75,-1.31,-1.3,L
1999,3,26.34,27.24,-0.9,-1.07,L
1999,4,26.71,27.72,-1,-0.98,L
1999,5,26.79,27.81,-1.02,-1.02,L
1999,6,26.54,27.59,-1.05,-1.04,L
1999,7,26.13,27.18,-1.05,-1.1,L
1999,8,25.64,26.83,-1.19,-1.11,L
1999,9,25.63,26.73,-1.09,-1.16,L
1999,10,25.48,26.67,-1.19,-1.26,L
1999,11,25.13,26.63,-1.5,-1.46,L
1999,12,24.87,26.56,-1.7,-1.66,L
2000,1,24.79,26.56,-1.77,-1.66,L
2000,2,25.23,26.75,-1.53,-1.41,L
2000,3,26.31,27.24,-0.93,-1.07,L
2000,4,26.96,27.72,-0.75,-0.81,L
2000,5,27.08,27.81,-0.74,-0.71,L
2000,6,26.95,27.59,-0.64,-0.64,L
2000,7,26.63,27.18,-0.55,-0.55,L
2000,8,26.37,26.83,-0.47,-0.51,L
2000,9,26.2,26.73,-0.52,-0.55,L
2000,10,26.02,26.67,-0.65,-0.63,L
2000,11,25.92,26.63,-0.71,-0.75,L
2000,12,25.69,26.56,-0.88,-0.74,L
2001,1,25.82,26.45,-0.63,-0.68,L
2001,2,26.14,26.66,-0.53,-0.52,L
2001,3,26.82,27.21,-0.39,-0.44,N
2001,4,27.34,27.73,-0.39,-0.34,N
2001,5,27.61,27.85,-0.24,-0.25,N
2001,6,27.54,27.65,-0.11,-0.12,N
2001,7,27.25,27.26,-0.01,-0.07,N
2001,8,26.8,26.91,-0.1,-0.13,N
2001,9,26.52,26.8,-0.28,-0.19,N
2001,10,26.57,26.75,-0.18,-0.29,N
2001,11,26.34,26.75,-0.41,-0.35,N
2001,12,26.2,26.65,-0.46,-0.31,N
2002,1,26.4,26.45,-0.05,-0.15,N
2002,2,26.72,26.66,0.06,0.03,N
2002,3,27.3,27.21,0.09,0.09,N
2002,4,27.85,27.73,0.12,0.2,N
2002,5,28.24,27.85,0.4,0.43,N
2002,6,28.44,27.65,0.79,0.65,E
2002,7,28.03,27.26,0.77,0.79,E
2002,8,27.72,26.91,0.81,0.86,E
2002,9,27.81,26.8,1.01,1.01,E
2002,10,27.96,26.75,1.2,1.21,E
2002,11,28.16,26.75,1.41,1.31,E
2002,12,27.97,26.65,1.32,1.14,E
2003,1,27.16,26.45,0.7,0.92,E
2003,2,27.4,26.66,0.74,0.63,E
2003,3,27.66,27.21,0.45,0.38,N
2003,4,27.69,27.73,-0.05,-0.04,N
2003,5,27.33,27.85,-0.52,-0.26,N
2003,6,27.44,27.65,-0.21,-0.16,N
2003,7,27.5,27.26,0.24,0.08,N
2003,8,27.11,26.91,0.2,0.21,N
2003,9,26.98,26.8,0.19,0.26,N
2003,10,27.14,26.75,0.38,0.29,N
2003,11,27.04,26.75,0.29,0.35,N
2003,12,27.04,26.65,0.39,0.35,N
2004,1,26.83,26.45,0.37,0.37,N
2004,2,27,26.66,0.34,0.31,N
2004,3,27.41,27.21,0.21,0.23,N
2004,4,27.89,27.73,0.16,0.17,N
2004,5,27.99,27.85,0.14,0.17,N
2004,6,27.85,27.65,0.2,0.28,N
2004,7,27.77,27.26,0.51,0.47,N
2004,8,27.6,26.91,0.7,0.64,E
2004,9,27.52,26.8,0.73,0.7,E
2004,10,27.44,26.75,0.68,0.67,E
2004,11,27.36,26.75,0.61,0.66,E
2004,12,27.34,26.65,0.69,0.69,E
2005,1,27.21,26.45,0.76,0.64,E
2005,2,27.12,26.66,0.46,0.58,E
2005,3,27.74,27.21,0.53,0.45,N
2005,4,28.09,27.73,0.35,0.43,N
2005,5,28.24,27.85,0.39,0.29,N
2005,6,27.77,27.65,0.12,0.11,N
2005,7,27.07,27.26,-0.19,-0.06,N
2005,8,26.8,26.91,-0.1,-0.14,N
2005,9,26.68,26.8,-0.11,-0.11,N
2005,10,26.65,26.75,-0.1,-0.28,N
2005,11,26.11,26.75,-0.64,-0.57,L
2005,12,25.68,26.65,-0.97,-0.84,L
2006,1,25.64,26.55,-0.91,-0.85,L
2006,2,26.09,26.77,-0.67,-0.77,L
2006,3,26.58,27.3,-0.71,-0.57,L
2006,4,27.51,27.83,-0.32,-0.37,N
2006,5,27.85,27.94,-0.09,-0.14,N
2006,6,27.73,27.73,0,-0.03,N
2006,7,27.3,27.29,0,0.1,N
2006,8,27.16,26.86,0.3,0.3,N
2006,9,27.32,26.72,0.6,0.53,E
2006,10,27.42,26.72,0.7,0.76,E
2006,11,27.7,26.7,0.99,0.94,E
2006,12,27.74,26.6,1.14,0.94,E
2007,1,27.25,26.55,0.7,0.66,E
2007,2,26.9,26.77,0.13,0.22,N
2007,3,27.12,27.3,-0.18,-0.12,N
2007,4,27.51,27.83,-0.31,-0.32,N
2007,5,27.46,27.94,-0.47,-0.38,N
2007,6,27.37,27.73,-0.36,-0.47,N
2007,7,26.7,27.29,-0.59,-0.56,L
2007,8,26.13,26.86,-0.72,-0.81,L
2007,9,25.61,26.72,-1.11,-1.08,L
2007,10,25.33,26.72,-1.39,-1.34,L
2007,11,25.17,26.7,-1.53,-1.5,L
2007,12,25.02,26.6,-1.58,-1.6,L
2008,1,24.87,26.55,-1.68,-1.64,L
2008,2,25.1,26.77,-1.67,-1.52,L
2008,3,26.09,27.3,-1.21,-1.29,L
2008,4,26.84,27.83,-0.99,-1.01,L
2008,5,27.09,27.94,-0.84,-0.84,L
2008,6,27.04,27.73,-0.69,-0.61,L
2008,7,26.99,27.29,-0.3,-0.37,N
2008,8,26.72,26.86,-0.13,-0.23,N
2008,9,26.47,26.72,-0.25,-0.25,N
2008,10,26.37,26.72,-0.35,-0.35,N
2008,11,26.25,26.7,-0.46,-0.56,L
2008,12,25.74,26.6,-0.86,-0.74,L
2009,1,25.67,26.55,-0.89,-0.85,L
2009,2,25.97,26.77,-0.79,-0.79,L
2009,3,26.6,27.3,-0.7,-0.61,L
2009,4,27.48,27.83,-0.35,-0.33,N
2009,5,27.99,27.94,0.06,0.01,N
2009,6,28.04,27.73,0.31,0.28,N
2009,7,27.77,27.29,0.48,0.45,N
2009,8,27.42,26.86,0.56,0.57,E
2009,9,27.4,26.72,0.68,0.71,E
2009,10,27.61,26.72,0.89,1.01,E
2009,11,28.15,26.7,1.45,1.36,E
2009,12,28.33,26.6,1.73,1.56,E
2010,1,28.06,26.55,1.51,1.5,E
2010,2,28.01,26.77,1.25,1.22,E
2010,3,28.19,27.3,0.9,0.84,E
2010,4,28.21,27.83,0.39,0.36,N
2010,5,27.72,27.94,-0.22,-0.17,N
2010,6,27.04,27.73,-0.69,-0.66,L
2010,7,26.23,27.29,-1.07,-1.05,L
2010,8,25.47,26.86,-1.38,-1.35,L
2010,9,25.13,26.72,-1.59,-1.55,L
2010,10,25.03,26.72,-1.69,-1.64,L
2010,11,25.06,26.7,-1.64,-1.64,L
2010,12,25,26.6,-1.6,-1.59,L
2011,1,25.02,26.55,-1.54,-1.41,L
2011,2,25.66,26.77,-1.1,-1.18,L
2011,3,26.38,27.3,-0.91,-0.92,L
2011,4,27.07,27.83,-0.76,-0.73,L
2011,5,27.42,27.94,-0.52,-0.55,L
2011,6,27.35,27.73,-0.38,-0.44,N
2011,7,26.87,27.29,-0.42,-0.48,N
2011,8,26.22,26.86,-0.64,-0.62,L
2011,9,25.92,26.72,-0.79,-0.83,L
2011,10,25.67,26.72,-1.05,-1.01,L
2011,11,25.53,26.7,-1.18,-1.09,L
2011,12,25.55,26.6,-1.06,-1.03,L
2012,1,25.69,26.55,-0.87,-0.87,L
2012,2,26.09,26.77,-0.67,-0.72,L
2012,3,26.68,27.3,-0.61,-0.6,L
2012,4,27.33,27.83,-0.5,-0.48,N
2012,5,27.61,27.94,-0.32,-0.27,N
2012,6,27.75,27.73,0.02,-0.02,N
2012,7,27.54,27.29,0.24,0.24,N
2012,8,27.32,26.86,0.46,0.36,N
2012,9,27.1,26.72,0.38,0.36,N
2012,10,26.98,26.72,0.26,0.26,N
2012,11,26.86,26.7,0.15,0.05,N
2012,12,26.34,26.6,-0.26,-0.21,N
2013,1,26.03,26.55,-0.52,-0.43,N
2013,2,26.25,26.77,-0.51,-0.43,N
2013,3,27.04,27.3,-0.25,-0.34,N
2013,4,27.58,27.83,-0.25,-0.3,N
2013,5,27.54,27.94,-0.4,-0.36,N
2013,6,27.3,27.73,-0.43,-0.41,N
2013,7,26.9,27.29,-0.39,-0.4,N
2013,8,26.47,26.86,-0.38,-0.32,N
2013,9,26.54,26.72,-0.18,-0.26,N
2013,10,26.52,26.72,-0.2,-0.18,N
2013,11,26.56,26.7,-0.14,-0.17,N
2013,12,26.44,26.6,-0.16,-0.27,N
2014,1,26.05,26.55,-0.51,-0.43,N
2014,2,26.14,26.77,-0.63,-0.47,N
2014,3,27.01,27.3,-0.29,-0.28,N
2014,4,27.9,27.83,0.08,0.03,N
2014,5,28.24,27.94,0.31,0.2,N
2014,6,27.94,27.73,0.21,0.15,N
2014,7,27.22,27.29,-0.07,0.03,N
2014,8,26.82,26.86,-0.04,0.05,N
2014,9,27,26.72,0.28,0.22,N
2014,10,27.15,26.72,0.43,0.48,N
2014,11,27.45,26.7,0.74,0.62,E
2014,12,27.3,26.6,0.7,0.65,E
2015,1,27.07,26.55,0.52,0.55,E
2015,2,27.2,26.77,0.43,0.48,N
2015,3,27.78,27.3,0.48,0.54,E
2015,4,28.53,27.83,0.7,0.7,E
2015,5,28.86,27.94,0.92,0.93,E
2015,6,28.9,27.73,1.17,1.18,E
2015,7,28.74,27.29,1.45,1.51,E
2015,8,28.78,26.86,1.92,1.86,E
2015,9,28.92,26.72,2.2,2.16,E
2015,10,29.07,26.72,2.35,2.42,E
2015,11,29.41,26.7,2.71,2.57,E
2015,12,29.26,26.6,2.66,2.64,E
2016,1,29.12,26.55,2.56,2.49,E
2016,2,29.02,26.77,2.25,2.15,E
2016,3,28.92,27.3,1.62,1.59,E
2016,4,28.74,27.83,0.91,0.95,E
2016,5,28.25,27.94,0.32,0.4,N
2016,6,27.72,27.73,-0.01,-0.05,N
2016,7,26.83,27.29,-0.46,-0.35,N
2016,8,26.3,26.86,-0.56,-0.53,L
2016,9,26.16,26.72,-0.56,-0.62,L
2016,10,25.99,26.72,-0.73,-0.68,L
2016,11,25.96,26.7,-0.75,-0.66,L
2016,12,26.11,26.6,-0.49,-0.56,L
2017,1,26.13,26.55,-0.43,-0.33,N
2017,2,26.68,26.77,-0.08,-0.16,N
2017,3,27.33,27.3,0.03,0.05,N
2017,4,28.03,27.83,0.21,0.2,N
2017,5,28.29,27.94,0.36,0.3,N
2017,6,28.06,27.73,0.33,0.32,N
2017,7,27.55,27.29,0.26,0.15,N
2017,8,26.71,26.86,-0.15,-0.11,N
2017,9,26.29,26.72,-0.43,-0.38,N
2017,10,26.15,26.72,-0.56,-0.65,L
2017,11,25.75,26.7,-0.96,-0.84,L
2017,12,25.61,26.6,-0.99,-0.98,L
2018,1,25.58,26.55,-0.97,-0.91,L
2018,2,25.99,26.77,-0.78,-0.85,L
2018,3,26.5,27.3,-0.79,-0.69,L
2018,4,27.33,27.83,-0.5,-0.5,N
2018,5,27.75,27.94,-0.19,-0.21,N
2018,6,27.79,27.73,0.06,0.01,N
2018,7,27.44,27.29,0.14,0.11,N
2018,8,26.97,26.86,0.11,0.25,N
2018,9,27.21,26.72,0.49,0.51,E
2018,10,27.64,26.72,0.92,0.78,E
2018,11,27.63,26.7,0.92,0.91,E
2018,12,27.5,26.6,0.9,0.83,E
2019,1,27.21,26.55,0.66,0.76,E
2019,2,27.49,26.77,0.72,0.73,E
2019,3,28.11,27.3,0.82,0.72,E
2019,4,28.46,27.83,0.63,0.67,E
2019,5,28.5,27.94,0.56,0.55,E
2019,6,28.19,27.73,0.46,0.46,N
2019,7,27.65,27.29,0.36,0.29,N
2019,8,26.91,26.86,0.05,0.15,N
2019,9,26.77,26.72,0.05,0.2,N
2019,10,27.22,26.72,0.5,0.36,N
2019,11,27.24,26.7,0.54,0.52,E
2019,12,27.13,26.6,0.53,0.56,E
2020,1,27.16,26.55,0.61,0.5,E
2020,2,27.14,26.77,0.37,0.49,N
2020,3,27.78,27.3,0.48,0.41,N
2020,4,28.2,27.83,0.37,0.2,N
2020,5,27.67,27.94,-0.27,-0.08,N
2020,6,27.4,27.73,-0.33,-0.3,N
2020,7,27,27.29,-0.29,-0.4,N
2020,8,26.28,26.86,-0.58,-0.56,L
2020,9,25.9,26.72,-0.82,-0.88,L
2020,10,25.48,26.72,-1.24,-1.16,L
2020,11,25.3,26.7,-1.41,-1.26,L
2020,12,25.46,26.6,-1.14,-1.18,L
2021,1,25.56,26.55,-1,-1.05,L
2021,2,25.76,26.77,-1,-0.93,L
2021,3,26.5,27.3,-0.8,-0.84,L
2021,4,27.11,27.83,-0.72,-0.66,L
2021,5,27.48,27.94,-0.46,-0.49,N
2021,6,27.45,27.73,-0.28,-0.38,N
2021,7,26.9,27.29,-0.39,-0.4,N
2021,8,26.32,26.86,-0.53,-0.49,N
2021,9,26.16,26.72,-0.55,-0.68,L
2021,10,25.78,26.72,-0.94,-0.81,L
2021,11,25.76,26.7,-0.94,-0.98,L
2021,12,25.54,26.6,-1.06,-0.99,L
2022,1,25.6,26.55,-0.95,-0.97,L
2022,2,25.87,26.77,-0.9,-0.94,L
2022,3,26.32,27.3,-0.98,-1,L
2022,4,26.7,27.83,-1.13,-99.99,M
2022,5,-99.99,27.94,-99.99,-99.99,M
2022,6,-99.99,27.73,-99.99,-99.99,M
2022,7,-99.99,27.29,-99.99,-99.99,M
2022,8,-99.99,26.86,-99.99,-99.99,M
2022,9,-99.99,26.72,-99.99,-99.99,M
2022,10,-99.99,26.72,-99.99,-99.99,M
2022,11,-99.99,26.7,-99.99,-99.99,M
2022,12,-99.99,26.6,-99.99,-99.99,M