###,Series metadata
written by,Pyleoclim 1.0.0b0
time_unit,kyr BP
time_name,Age
value_unit,ppm
value_name,$CO_2$
label,EPICA Dome C CO2
lat,
lon,
archiveType,
importedFrom,
log,"({0: 'clean_ts', 'applied': True, 'verbose': False},)"
###,end metadata
Age [kyr BP],$CO_2$ [ppm]
-0.05103,368.02
-0.048,361.78
-0.04628,359.65
-0.04441,357.11
-0.04308,353.95
-0.04231,353.72
-0.04113,352.42
-0.03997,350.81
-0.039409999999999994,349.8
-0.03897,349.28
-0.03807,347.6
-0.03721,345.44
-0.03662,344.72
-0.03614,343.97
-0.03576,343.11
-0.03492,342.05
-0.03308,341.33
-0.033030000000000004,339.46
-0.02914,334.85
-0.0268,335.55
-0.026670000000000003,332.37
-0.02557,332.37
-0.02413,331.55
-0.02209,328.42
-0.02204,330.35
-0.02087,326.31
-0.02066,326.65
-0.020640000000000002,324.91
-0.02022,324.56
-0.019420000000000003,324.71
-0.01898,325.08
-0.01881,324.09
-0.018539999999999997,320.38
-0.01679,320.49
-0.016550000000000002,322.17
-0.01587,320.98
-0.015300000000000001,319.2
-0.01523,319.89
-0.013560000000000001,319.12
-0.0132,319.07
-0.01262,318.61
-0.012539999999999999,317.45
-0.0124,319.14
-0.012320000000000001,317.52
-0.011720000000000001,316.59
-0.01057,318.21
-0.01031,313.09
-0.009089999999999999,311.98
-0.00856,316.33
-0.0081,316.1
-0.00787,314.57
-0.00726,315.27
-0.0072,316.33
-0.0070999999999999995,314.44
-0.0061600000000000005,315.34
-0.0048,314.71
-0.00379,313.17
-0.0037099999999999998,312.8
-0.0035600000000000002,312.22
-0.0023799999999999997,312.18
-0.00025,312.0
0.00033,313.66
0.00123,309.69
0.00229,311.57
0.0033399999999999997,310.36
0.00337,312.87
0.00438,312.56
0.00444,311.97
0.00461,311.81
0.00504,310.44
0.00524,311.28
0.00549,310.22
0.00643,312.36
0.00779,311.88
0.00796,312.84
0.00822,312.39
0.00916,311.8
0.00925,307.74
0.010029999999999999,309.8
0.01041,310.95
0.01078,311.21
0.01103,310.46
0.01184,308.48
0.011869999999999999,311.94
0.01213,311.52
0.012230000000000001,312.33
0.01314,307.41
0.01413,309.34
0.014289999999999999,307.26
0.01494,306.32
0.016120000000000002,309.63
0.01641,307.08
0.01722,305.94
0.01746,308.28
0.01771,308.26
0.019170000000000003,305.74
0.02061,305.38
0.02126,305.78
0.02146,305.71
0.02184,305.67
0.0222,308.02
0.02469,304.97
0.02525,304.72
0.02716,306.2
0.027489999999999997,303.18
0.030289999999999997,301.88
0.03133,304.61
0.032130000000000006,303.85
0.034210000000000004,301.92
0.03561,300.7
0.03748,301.3
0.03871,299.26
0.0389,297.73
0.03928,298.11
0.040240000000000005,297.87
0.041479999999999996,301.5
0.04423,299.63
0.04446,297.33
0.044649999999999995,299.02
0.046090000000000006,295.99
0.048299999999999996,295.61
0.04982,294.22
0.05106,297.05
0.051340000000000004,295.28
0.056240000000000005,293.81
0.05634,293.17
0.05694,295.32
0.05712,294.86
0.05761,295.17
0.06013,290.92
0.06099,292.34
0.06261,294.34
0.0644,288.12
0.06581999999999999,289.23
0.06620999999999999,289.76
0.06708,292.46
0.07005,287.77
0.07309,289.33
0.07626000000000001,291.56
0.07717,286.66
0.07995999999999999,286.33
0.08034000000000001,287.99
0.08159000000000001,289.54
0.08227,287.99
0.08326,285.05
0.08587,286.65
0.08702,285.35
0.08817,287.17
0.09115999999999999,286.63
0.09337999999999999,283.16
0.09528,285.57
0.09629,288.05
0.09889,285.47
0.09917000000000001,288.79
0.09974,284.0
0.10268000000000001,286.84
0.1041,283.62
0.10535,283.18
0.10554000000000001,283.53
0.10671,281.58
0.10917,283.65
0.1133,284.15
0.11682,283.82
0.11713,285.09
0.12308,285.91
0.12526,281.36
0.13634000000000002,284.43
0.15066,282.8
0.15353,280.4
0.15406,282.3
0.1559,281.62
0.1697,273.07
0.17051,280.24
0.17654,277.86
0.18630000000000002,276.4
0.18712,277.16
0.19787000000000002,278.0
0.19807,276.46
0.20088,277.6
0.20874,276.81
0.21613,278.31
0.22699,277.01
0.22713999999999998,278.27
0.25593,277.36
0.26026,276.32
0.26811,276.66
0.3009,278.02
0.31019,276.69
0.32139999999999996,273.78
0.34054,271.11
0.34658,275.07
0.35901,279.36
0.36182,281.11
0.37699,282.57
0.39014,281.83
0.40035000000000004,283.53
0.42031999999999997,283.95
0.44847000000000004,283.12
0.4806,280.31
0.50084,282.23
0.5212,279.73
0.53914,279.7
0.55967,280.91
0.60115,278.36
0.61988,284.07
0.64255,281.58
0.6718,278.43
0.69049,282.2
0.6987300000000001,282.41
0.73905,283.69
0.75019,284.54
0.7840199999999999,283.97
0.80371,284.51
0.83439,282.84
0.8505900000000001,283.09
0.8797999999999999,282.84
0.9008200000000001,280.97
0.90992,280.92
0.9307300000000001,280.06
0.9324199999999999,279.8
0.96735,278.74
0.9923500000000001,277.41
1.0358699999999998,280.11
1.07459,279.42
1.1276700000000002,278.62
1.1569,279.72
1.1877,279.29
1.21957,279.99
1.24875,277.1
1.2808199999999998,278.45
1.313,279.59
1.33548,277.87
1.3675899999999999,276.2
1.39253,278.46
1.3983800000000002,276.56
1.43204,276.79
1.4618699999999998,277.11
1.5130599999999998,280.0
1.5436400000000001,279.13
1.5657699999999999,277.25
1.59267,277.8
1.63245,281.69
1.6544,280.91
1.67556,280.24
1.6839000000000002,278.31
1.7094,280.25
1.77547,277.56
1.79647,278.07
1.814,278.1
1.846,277.5
1.894,277.4
1.92,277.9
1.949,276.7
1.99971,278.0
2.09336,276.9
2.23424,276.7
2.26555,276.7
2.41432,277.6
2.5261199999999997,277.9
2.62802,273.9
2.70848,278.9
2.8017600000000003,275.3
2.90455,274.7
2.94882,276.3
3.0566,274.6
3.2557300000000002,276.3
3.28366,273.1
3.43112,274.0
3.52829,275.0
3.64446,273.4
3.6934099999999996,273.0
3.80686,271.5
3.85617,275.4
3.96895,274.9
4.10867,271.7
4.20584,271.6
4.27508,272.8
4.34282,271.5
4.4943599999999995,271.1
4.59282,269.1
4.64746,269.8
4.773,271.5
4.9212,270.7
4.98158,269.3
5.08679,268.6
5.21857,269.8
5.31118,267.6
5.35755,265.3
5.53329,265.2
5.581300000000001,267.6
5.75761,265.9
5.85226,265.5
5.93409,260.7
5.99938,266.7
6.089810000000001,265.5
6.30196,263.2
6.33721,262.7
6.40124,261.2
6.57229,261.1
6.68255,259.4
6.7696499999999995,262.1
6.880310000000001,262.9
6.97008,258.1
7.038270000000001,257.6
7.18807,262.3
7.2740100000000005,263.0
7.40532,260.7
7.49787,258.4
7.66137,260.1
7.71959,260.4
7.860180000000001,259.7
7.9263699999999995,259.2
7.97585,260.8
8.11628,259.6
8.194799999999999,259.3
8.35188,258.3
8.45968,261.3
8.54658,260.7
8.71068,261.8
8.78128,259.0
8.911850000000001,260.9
8.992989999999999,260.4
9.06017,259.3
9.14301,262.0
9.295309999999999,263.7
9.361120000000001,263.8
9.4367,265.2
9.51806,260.6
9.52444,260.9
9.555860000000001,263.0
9.57327,263.8
9.90104,264.4
9.99261,264.2
10.1345,264.0
10.192950000000002,263.4
10.29955,265.7
10.36656,264.9
10.50555,267.5
10.68048,266.9
10.80181,266.0
10.83574,265.1
10.95448,267.6
11.08962,264.8
11.161059999999999,264.8
11.185870000000001,265.0
11.20058,265.3
11.25657,264.4
11.31698,264.1
11.33937,264.81
11.38316,264.84
11.39986,268.16
11.41745,264.48
11.43593,270.14
11.453059999999999,268.87
11.4728,269.1
11.490450000000001,267.17
11.50723,267.66
11.52393,269.51
11.5436,266.9
11.559610000000001,262.74
11.57641,267.09
11.59224,260.7
11.61131,261.3
11.628969999999999,266.22
11.647920000000001,257.13
11.66454,247.55
11.68282,254.62
11.70144,253.99
11.719719999999999,256.04
11.74065,255.89
11.75921,258.74
11.780719999999999,258.25
11.802790000000002,258.53
11.8205,257.17
11.84333,254.31
11.86312,253.63
11.88317,251.56
11.90491,255.9
11.92696,258.57
11.94809,248.92
11.96955,253.99
11.99069,255.39
12.0159,247.85
12.03732,248.41
12.0588,253.1
12.07985,251.03
12.10525,255.66
12.12458,253.02
12.1465,251.14
12.168479999999999,251.42
12.19041,250.97
12.21134,249.65
12.23292,249.23
12.25648,248.95
12.28077,249.38
12.30104,248.92
12.32128,250.73
12.34312,246.97
12.36528,244.31
12.388309999999999,243.0
12.409379999999999,246.4
12.43193,247.67
12.45482,245.83
12.475389999999999,246.18
12.49584,244.42
12.52135,246.74
12.543719999999999,249.92
12.564620000000001,244.27
12.5866,247.02
12.60764,248.09
12.629850000000001,246.94
12.65364,243.95
12.6739,242.53
12.69714,244.24
12.7198,241.59
12.73991,247.3
12.76258,240.02
12.78563,241.5
12.80927,242.23
12.83015,242.15
12.852709999999998,239.35
12.87398,241.24
12.893379999999999,239.44
12.917110000000001,238.79
12.93923,238.18
12.95975,240.71
12.980879999999999,237.15
13.001059999999999,239.42
13.02192,234.68
13.04369,238.86
13.06659,237.91
13.08822,241.56
13.12845,234.82
13.17267,236.91
13.2162,239.41
13.266969999999999,240.42
13.30415,236.86
13.4181,237.83
13.48674,240.25
13.53175,235.83
13.60081,243.86
13.64535,238.55
13.71283,241.59
13.75873,241.11
13.827200000000001,239.08
13.87157,237.95
13.94023,240.57
14.001790000000002,235.92
14.022860000000001,237.87
14.06009,241.27
14.08447,232.88
14.120059999999999,236.4
14.156600000000001,239.24
14.179549999999999,239.36
14.20556,238.36
14.23745,236.6
14.27302,240.21
14.29872,239.04
14.30861,235.8
14.34316,242.08
14.354479999999999,238.39
14.37499,240.33
14.4106,242.55
14.422229999999999,242.6
14.443280000000001,240.95
14.46358,238.61
14.497209999999999,242.06
14.520850000000001,241.14
14.5313,243.17
14.54166,235.83
14.55293,241.73
14.56352,239.86
14.57593,239.77
14.58619,237.97
14.595469999999999,235.31
14.606209999999999,237.59
14.61939,237.97
14.62999,240.1
14.6452,238.12
14.65226,234.62
14.66409,233.42
14.675120000000001,234.34
14.68637,237.49
14.69669,228.91
14.706959999999999,228.18
14.71812,230.53
14.730879999999999,234.54
14.74319,231.48
14.75852,227.9
14.76341,224.64
14.77628,227.39
14.78783,227.79
14.79914,228.5
14.81061,227.58
14.822389999999999,226.51
14.83475,228.4
14.84477,227.87
14.85753,233.17
14.86918,232.22
14.88066,227.85
14.89246,230.63
14.904209999999999,228.72
14.91591,228.36
14.929020000000001,228.47
14.95366,228.89
14.976479999999999,229.79
14.987260000000001,227.65
15.011479999999999,228.37
15.034780000000001,225.38
15.07253,228.99
15.09581,234.47
15.13353,229.67
15.15652,228.81
15.18111,227.84
15.218879999999999,230.18
15.24344,228.27
15.28074,225.77
15.32094,227.64
15.34524,228.92
15.382850000000001,225.39
15.41008,224.74
15.46293,223.27
15.5464,223.53
15.64943,222.76
15.704790000000001,222.16
15.76768,224.86
15.84495,222.36
15.92025,223.51
15.93652,223.77
15.99549,223.72
15.99898,224.41
16.01467,222.39
16.03378,224.48
16.083,224.24
16.11414,222.41
16.15121,224.86
16.16671,226.19
16.187459999999998,221.49
16.20871,227.32
16.22296,223.24
16.24056,220.49
16.26073,218.56
16.27874,214.22
16.29696,212.84
16.31743,214.6
16.33725,212.43
16.35423,214.83
16.37489,211.21
16.39189,209.51
16.410709999999998,212.95
16.43132,211.79
16.458380000000002,217.19
16.47203,213.94
16.50993,207.95
16.55351,208.65
16.59001,208.46
16.65588,213.15
16.73353,210.25
16.797549999999998,205.53
16.86932,205.19
16.92883,202.93
16.99477,204.32
17.091849999999997,202.1
17.163700000000002,198.63
17.23625,198.29
17.2879,195.88
17.31187,194.65
17.3605,190.5
17.3853,193.02
17.41003,191.89
17.43497,190.76
17.460990000000002,193.0
17.48529,191.48
17.51087,191.59
17.53459,192.37
17.56146,192.62
17.58625,196.96
17.612,195.79
17.637880000000003,193.21
17.66506,194.38
17.691209999999998,191.52
17.71705,189.52
17.74375,190.41
17.76971,191.7
17.79757,187.25
17.82543,191.21
17.854599999999998,189.52
17.881,190.26
17.90716,191.72
17.93599,188.54
17.96583,188.66
17.99204,188.96
18.02445,187.79
18.05009,187.73
18.081599999999998,188.64
18.11063,188.59
18.13976,184.88
18.17316,189.01
18.201790000000003,185.65
18.23218,188.88
18.264680000000002,188.52
18.295810000000003,189.03
18.32439,187.12
18.360349999999997,188.73
18.39116,188.21
18.42243,188.47
18.45783,187.45
18.48659,187.09
18.51999,187.67
18.582939999999997,188.57
18.677400000000002,193.9
18.747049999999998,191.27
18.803639999999998,192.97
18.835150000000002,188.44
18.86691,188.5
18.99382,192.71
19.15279,191.09
19.28216,191.58
19.44273,191.52
19.568150000000003,188.95
19.62949,191.42
19.79119,193.6
19.88388,196.06
20.0187,193.72
20.21331,190.47
20.4076,189.99
20.5368,193.93
20.666490000000003,187.76
20.82839,192.66
20.96443,190.87
21.06769,188.4
21.2127,190.05
21.34518,187.24
21.562849999999997,185.23
21.79059,187.96
21.91363,190.78
22.05559,187.38
22.23089,191.27
22.2922,187.22
22.3476,187.02
22.550099999999997,184.68
22.6041,185.21
22.6508,188.49
22.749299999999998,190.01
22.833599999999997,186.13
22.994,189.4
23.0138,190.53
23.1073,190.08
23.185,188.6
23.2767,197.67
23.358400000000003,193.53
23.4452,186.78
23.6005,187.99
23.8738,183.13
24.0777,184.68
24.2698,186.73
24.6436,180.57
25.1636,180.69
25.3511,182.66
25.543599999999998,183.38
25.786,186.54
26.016,184.52
26.2545,184.57
26.315,183.77
26.4607,186.01
26.5371,185.51
26.7037,185.44
26.8578,186.43
26.954900000000002,188.08
27.042,187.39
27.084799999999998,186.27
27.1702,194.93
27.280099999999997,190.06
27.4419,191.95
27.5028,191.23
27.5497,191.53
27.5864,191.95
27.6613,191.46
27.687,192.71
27.7141,190.61
27.7186,189.3
27.820700000000002,187.59
27.866400000000002,190.58
27.885,189.28
27.9271,188.99
27.973200000000002,189.29
28.0973,189.96
28.2141,191.82
28.2716,191.59
28.3697,192.63
28.4139,189.16
28.4269,189.65
28.5774,193.1
28.6264,192.82
28.7243,193.8
28.841900000000003,193.89
28.9027,192.69
28.9486,193.26
29.0089,192.87
29.1507,192.26
29.205299999999998,188.1
29.249599999999997,192.39
29.323900000000002,191.01
29.3661,189.83
29.4102,189.21
29.6092,189.24
29.6812,189.77
29.7428,191.28
29.837799999999998,190.97
29.952099999999998,191.38
29.999,191.57
30.1015,188.25
30.1817,188.48
30.277900000000002,186.52
30.3127,185.99
30.4005,184.3
30.5288,182.94
30.713,187.14
30.7757,190.33
31.1052,188.0
31.3564,188.48
31.524099999999997,189.95
31.792099999999998,193.71
31.8184,192.93
31.9339,192.51
32.026900000000005,193.33
32.0796,193.91
32.1475,196.42
32.1506,196.91
32.307900000000004,192.47
32.361200000000004,195.25
32.4348,194.11
32.5111,194.61
32.5946,194.43
32.6778,195.08
32.7141,195.94
32.8131,199.3
32.880900000000004,196.7
33.009,196.33
33.148300000000006,197.65
33.4175,196.9
33.4914,197.13
33.5553,197.8
33.7581,200.03
33.841,195.63
33.8857,195.27
33.9075,194.46
33.9259,194.47
33.957,196.47
33.9915,195.41
34.0642,195.93
34.1903,194.89
34.250800000000005,195.79
34.3128,196.27
34.3344,196.2
34.5569,199.65
34.602599999999995,199.49
34.62,200.29
34.647800000000004,198.89
34.7106,197.16
34.8256,202.8
34.866800000000005,203.09
35.0896,198.78
35.165800000000004,203.6
35.281699999999994,205.38
35.337,204.47
35.3594,203.62
35.383,201.36
35.445800000000006,200.3
35.497099999999996,201.06
35.5085,202.04
35.530699999999996,201.89
35.568,201.83
35.6725,201.81
35.7016,200.5
35.8546,203.29
35.9483,198.8
36.0865,204.12
36.1731,201.78
36.2618,200.09
36.5063,198.96
36.591800000000006,205.1
36.669599999999996,203.77
36.7128,203.75
36.8202,202.76
36.939800000000005,203.51
37.0234,206.36
37.1186,210.16
37.1432,207.35
37.2965,208.25
37.302,209.66
37.3381,206.59
37.431,212.51
37.4613,209.84
37.6186,214.3
37.6475,212.14
37.7772,212.09
37.895,214.21
38.0003,211.21
38.0885,214.36
38.1656,208.34
38.1924,206.52
38.2842,207.41
38.359199999999994,208.0
38.412800000000004,210.79
38.4729,207.23
38.533199999999994,210.08
38.5736,208.23
38.6218,204.79
38.6708,204.46
38.7234,206.54
38.812599999999996,206.09
38.8747,205.65
38.9556,205.99
38.976800000000004,202.34
39.053599999999996,204.28
39.1205,207.32
39.265699999999995,208.69
39.3032,209.5
39.319900000000004,209.33
39.339800000000004,207.87
39.379400000000004,204.78
39.4029,191.53
39.4544,198.14
39.5154,200.4
39.621,195.7
39.709199999999996,196.67
39.7571,193.58
39.885,193.87
39.9005,197.55
40.042699999999996,192.6
40.1121,193.08
40.145300000000006,193.69
40.3084,197.9
40.485949999999995,201.32
40.55344,201.48
40.7543,200.47
40.90739,200.97
41.1679,201.53
41.30359,204.19
41.60597,205.49
41.759209999999996,201.12
41.900690000000004,199.89
42.31582,200.9
42.6283,204.83
42.84987,206.35
42.96808,204.26
43.17189,203.16
43.350660000000005,201.66
43.51582,204.22
43.66116,203.18
43.80901,201.69
44.0952,204.31
44.204449999999994,202.0
44.35047,206.22
44.4905,204.83
44.65554,212.29
44.81601,210.44
44.99616,211.49
45.142019999999995,207.95
45.28039,213.92
45.46032,214.5
45.696059999999996,217.51
45.87711,222.72
46.05733,221.77
46.18126,219.25
46.308550000000004,218.35
46.6359,216.42
46.74644,214.18
46.88794,210.84
47.08628,210.27
47.314980000000006,207.6
47.52436,204.26
47.71039,203.79
47.94375,205.66
48.22318,206.18
48.42786,200.98
48.98795,201.58
49.302980000000005,200.12
49.46266000000001,204.06
49.72832,203.87
50.00651,204.38
50.22055,206.74
50.52741,207.41
51.02917,207.64
51.43145,211.57
51.77953,215.08
52.08682,213.82
52.38478,219.08
52.57368,220.72
52.80074,221.15
53.10825,223.72
53.40045,223.26
53.80625,221.14
54.1566,220.37
54.38713,217.96
54.69461,213.89
55.014489999999995,216.86
55.293459999999996,208.19
55.553129999999996,214.78
55.90954,210.27
56.23713,207.67
56.50358,212.44
57.21094,215.7
57.47627,217.38
57.843720000000005,223.72
58.21701,224.35
58.43332,223.15
59.10507,231.29
59.380410000000005,226.35
59.733470000000004,223.45
60.10988,216.66
60.373059999999995,212.87
60.51663,217.25
60.817620000000005,213.78
61.06088,207.95
61.23484,210.57
61.55411,210.9
61.90072,206.38
62.55201,202.56
62.77457,202.71
62.9609,200.15
63.55579,197.4
63.896879999999996,197.24
64.11378,199.73
64.65729,203.7
64.86742,201.67
65.04672000000001,199.17
65.54645,208.98
65.76451,198.17
65.93723,200.59
66.43930999999999,204.39
66.95971,207.21
67.31459,201.14
67.72967999999999,203.76
68.14619,200.17
68.61999,203.43
69.08153,205.42
69.59202,211.26
70.05216,215.55
70.42725999999999,220.33
70.92886999999999,225.17
71.27917,235.02
71.69364999999999,237.56
72.09281,239.46
72.49015,232.79
72.86604,232.33
73.21932000000001,230.89
73.75096,232.74
74.22148,231.33
74.52565,241.24
75.06795,243.27
75.54513,249.52
75.85064999999999,249.94
76.24747,239.34
76.69674,238.01
77.05648,231.68
77.61592,224.92
78.08075,226.65
78.50795,224.14
78.96954,227.3
79.41036,229.26
79.87776,234.74
80.33036,230.6
80.72179,233.92
81.20694,230.33
81.71143,234.13
82.06878999999999,238.89
82.52672,240.87
82.98826,246.32
83.55411,247.1
83.9409,250.79
84.35744,243.16
84.93677000000001,238.42
85.36747,234.69
85.89069,228.76
86.49832,223.38
87.02764,221.06
87.58117999999999,223.63
88.13618,217.8
88.70105000000001,223.99
89.24472,227.38
89.69626,228.88
90.31729,229.74
90.83402000000001,231.56
91.44503,231.12
91.94974,233.74
92.66782,232.46
93.42471,235.16
93.82321,238.21
94.56855,242.41
95.23411,242.91
95.92148,246.2
96.47488,245.76
97.27089,242.35
97.92746000000001,239.86
98.58372,243.18
99.36142,242.99
100.07685000000001,245.63
100.54317999999999,247.87
101.32567999999999,244.76
101.97189,240.07
102.76478,237.07
103.30874,240.68
104.27433,247.76
104.33122999999999,238.88
104.96645,242.36
105.50715,248.78
105.98987,257.58
106.25638000000001,241.4
106.36825,244.83
106.97482000000001,240.34
108.40191,236.43
109.12942,244.44
109.83997000000001,244.13
110.55536000000001,246.69
111.8768,257.93
112.63606,256.79
112.94172999999999,263.12
113.11927,264.75
113.67864,260.58
114.25,267.9
114.81539,275.07
115.44667,276.96
115.90858,273.16
116.47558000000001,273.63
117.18555,274.03
117.61936,274.98
118.65827,277.72
119.24252,267.74
119.7155,274.59
120.14412,268.73
120.54291,276.82
121.42602000000001,279.48
121.84197,276.61
122.1,278.25
122.29236,279.0
123.01395,279.16
123.63091,274.6
123.95948,275.87
124.40452,281.54
124.81745,275.52
125.29263,276.81
126.0137,275.15
126.69991,273.02
126.96203,274.93
127.31383,275.78
127.50355,276.88
128.02447999999998,276.03
128.17267,280.72
128.46672999999998,285.76
128.878,271.08
129.07804,268.44
129.65564,260.61
130.37303,251.84
130.81836,250.84
131.3222,241.13
131.97624,232.28
132.70988,228.0
132.93196,224.63
133.77581,222.74
134.52228,212.43
136.56555,203.74
137.76342000000002,199.18
138.83429999999998,198.55
139.94997,192.75
142.36056,196.51
143.6513,194.59
144.79959,196.02
146.10824,193.59
148.23347,195.81
149.46615,201.78
150.59488000000002,202.51
151.44485,202.35
153.77466,198.78
154.88913,196.3
156.30682000000002,189.38
158.666,189.0
159.716,185.5
160.155,187.5
163.858,204.3
164.33464999999998,196.5
166.143,191.6
166.784,190.1
167.91410000000002,186.7
168.7455,183.8
169.5144,196.6
171.939,197.8
174.442,197.7
175.83335,196.0
176.853,190.3
177.53393,189.4
177.7295,190.1
179.873,207.7
181.302,213.2
182.196,217.7
183.258,198.1
184.371,199.7
186.411,203.4
188.437,210.7
189.8065,231.3
191.2545,231.4
191.96408,220.3
193.0745,218.0
195.1265,226.5
195.7995,220.0
197.58735000000001,226.4
198.32745,241.2
198.938,242.6
201.752,250.9
202.7445,239.1
203.842,247.6
205.20328,244.4
205.57576,231.9
205.94457999999997,232.2
206.35994,228.6
206.89685,226.3
207.2403,229.4
207.62289,231.4
208.10878,238.1
208.27453,237.2
208.82157,230.0
209.08226000000002,240.5
209.44504,242.2
209.96609,244.6
210.17517,243.9
210.83207000000002,247.2
211.05847,252.0
211.57784,246.9
212.07875,239.5
212.53307999999998,257.4
213.33035,243.4
214.15881,251.2
215.08075,241.4
215.91234,240.3
216.30615,242.6
216.86497,247.5
217.41564000000002,251.7
217.69495999999998,251.1
218.20079,245.3
219.06760999999997,240.5
220.93562,214.1
221.69745999999998,216.1
222.53958,207.1
223.12904,208.8
224.27151,205.6
226.25983,203.3
226.84984,215.7
227.71998000000002,235.5
228.43942,234.5
228.76699,233.1
229.57205,224.5
231.12966,232.4
232.19177,233.9
232.85605999999999,241.6
235.99086,245.2
236.42601000000002,252.1
236.8508,241.4
237.39166,247.4
237.90553,243.1
238.42534,239.1
239.00826,245.6
239.38704,245.8
239.73866,247.4
240.19037,252.8
241.33305,259.7
241.8554,263.2
242.68545999999998,279.0
243.13852,280.2
244.12177,263.7
244.58234,252.3
245.05701000000002,249.9
245.564,236.7
246.18881,230.4
246.87049,219.4
249.09986999999998,214.7
251.39057,200.2
252.13226,213.9
252.95372,195.4
253.75668,196.7
254.58711,195.4
256.29866,199.0
257.06059,201.9
257.90807,204.0
259.3969,203.9
260.89423999999997,209.6
261.29392,205.7
262.05458,208.9
262.8171,214.6
264.58376,228.1
266.13445,199.9
267.007,211.7
268.25783,188.7
268.9955,187.2
269.94046999999995,194.2
271.03603999999996,198.8
272.14964000000003,184.7
273.16583,190.4
274.16408,193.9
275.15464000000003,194.1
276.25771999999995,198.4
277.443,193.2
278.59090999999995,202.2
279.61905,204.5
280.55895000000004,211.0
281.40074,215.3
282.59289,223.7
284.43468,231.3
285.93132,228.0
286.60996,226.4
287.44386,231.4
287.82005,230.4
288.28643,231.0
290.1845,234.9
290.86379,220.4
291.56287,217.1
292.81831,207.6
293.65074,206.0
294.45529,206.7
295.36422999999996,212.7
296.82887,213.1
298.70462,217.1
299.37628,224.4
300.11587,231.0
301.02562,236.1
302.08419,239.0
303.116,236.0
304.10092,240.2
305.09981,240.7
305.77815000000004,250.2
306.58112,248.6
307.46327,244.8
308.3257,225.8
309.42373,227.8
310.01097999999996,226.2
310.7761,233.2
311.67003000000005,237.8
312.59343,239.0
313.34313000000003,241.9
314.05185,251.6
314.83621,256.7
315.65752000000003,257.1
316.45072,246.8
317.14987,272.6
317.93255,251.6
318.8526,245.2
319.82966,233.4
320.91634000000005,255.8
321.81745,249.2
323.38334999999995,257.2
324.16692,260.4
325.00741,260.3
325.823,260.5
326.59109,266.2
327.43584000000004,264.0
328.08681,266.1
328.77075,270.1
329.41429,271.9
330.05333,275.1
331.29355,265.0
332.14412,271.7
332.79861999999997,272.6
333.50009,273.1
333.99756,282.4
334.3495,289.1
334.54389000000003,288.4
335.10231,298.6
335.70751,278.1
336.37753999999995,285.8
336.86782,278.6
337.51667,270.5
338.2135,255.7
338.99144,241.9
339.98389000000003,239.6
340.73508000000004,234.2
342.79156,250.1
343.92359000000005,200.7
345.00084999999996,205.2
346.32090999999997,204.8
347.54481,211.9
349.13909,220.3
351.67634999999996,221.1
353.1746,216.2
354.41298,209.4
355.81777,209.2
359.01038,193.0
360.68384000000003,186.1
362.56759999999997,185.8
365.19023,201.2
368.0659,206.3
371.38587,201.9
373.45762,199.9
375.20459999999997,214.7
377.03488,224.6
378.76024,229.6
382.93149,227.0
384.55745,240.0
386.28371000000004,239.1
387.82482,246.8
389.41021,245.8
392.28725,258.1
392.97715000000005,259.5
394.00369,273.6
394.9061,260.7
398.27513,276.3
399.92616,277.1
400.71008,283.2
402.14092,283.1
402.85984,275.7
404.31329999999997,276.5
405.06263,280.5
406.5428,279.6
407.2825,285.6
408.81872,284.5
409.59824,274.7
410.4538,282.6
411.34797,283.5
413.25865000000005,274.9
414.21085999999997,264.9
415.17959,271.6
415.94561,276.4
416.42532,271.7
417.44044,273.4
417.95678000000004,271.8
418.5053,274.6
419.57578,273.7
420.13376,271.2
420.70176000000004,273.8
421.91215,268.6
422.53265000000005,266.4
423.2255,270.6
424.50775,267.7
425.13226000000003,268.3
425.74091,270.8
426.23727,270.0
426.62156,265.4
427.15496,255.3
427.94140000000004,252.1
428.84020000000004,248.2
429.17836,242.5
431.02376,219.7
432.17931,227.2
433.8503,211.5
434.37907,207.6
435.93969,209.8
437.48542,207.5
439.06342,200.3
440.65958,201.7
442.23078000000004,201.3
443.84465,202.0
445.33173,199.1
447.21918,201.1
448.45918,203.5
449.57104,208.1
450.64289,201.7
451.74728000000005,201.2
452.73584000000005,204.9
453.77564,201.9
454.86431,198.4
456.00160999999997,193.3
457.11444,192.5
457.74513,199.1
458.20829,204.3
458.79401,203.3
459.21155,208.3
460.25221000000005,202.4
461.28606,195.5
462.41409999999996,190.7
463.52665,194.4
464.59947,199.9
465.26536,205.2
465.60173,210.0
466.6323,208.1
467.70664,204.4
468.87771000000004,203.4
470.04013,205.5
470.72598,206.5
471.20079,215.5
471.82453000000004,218.7
472.26307,229.2
472.86327,232.7
473.21782,243.7
473.80084999999997,243.9
474.09236,245.6
474.97411,241.2
475.9252,233.1
476.9498,232.8
477.941,236.6
478.89246,239.1
479.40295000000003,236.5
479.77569,231.3
480.3283,220.8
480.72668,218.8
481.66296,223.8
482.58096,223.4
483.39538,227.3
484.17978999999997,231.4
484.93618,231.4
485.66752,231.2
486.39867,233.0
487.12925,232.9
487.84807,231.3
488.56545,237.1
489.30209,242.0
489.71979,240.9
490.02628999999996,252.8
490.49490999999995,249.3
490.73395,242.6
491.45108,243.3
492.15455,246.7
492.86378,243.7
493.59310999999997,239.7
494.30039,239.1
495.02413,238.3
495.72569,238.5
496.44407,237.6
497.18763,236.4
497.96598,236.5
498.73742,232.8
499.52678000000003,230.6
500.30478000000005,230.8
501.08396000000005,228.2
501.86142,230.8
502.63764000000003,231.2
503.41893,232.0
504.17719,232.2
504.91178,234.1
505.68424,233.9
506.48373,235.5
507.3124,236.0
508.11771999999996,238.2
508.94097999999997,237.0
509.78497999999996,240.3
510.65233,233.4
511.51245,236.4
512.36378,235.2
513.20474,242.0
514.0331199999999,238.2
514.8477800000001,239.2
515.65078,241.5
516.42098,243.0
517.15498,247.2
517.8760100000001,246.2
518.60046,245.5
519.32913,245.3
520.07336,247.7
520.82181,245.5
521.57447,243.5
523.80182,241.9
524.57087,236.8
525.337,235.8
526.107,233.7
526.8958100000001,230.3
527.6986899999999,227.8
528.5166899999999,224.7
529.4034300000001,222.7
530.29051,221.2
531.20138,220.3
532.07876,220.7
532.59253,214.5
532.98757,211.4
533.55437,204.4
533.93224,200.0
534.66818,195.1
535.0435600000001,193.8
535.69505,190.5
536.17847,199.8
537.33447,199.4
538.44076,205.0
539.5138199999999,206.4
540.58382,212.9
541.65382,211.2
542.7402099999999,205.0
543.84487,203.6
544.88599,208.1
545.86491,210.3
546.83015,209.6
547.80668,209.7
548.7707800000001,204.6
549.72011,202.5
550.23073,208.8
550.5825500000001,213.6
551.38109,215.2
552.11109,219.9
552.6815600000001,221.7
553.02092,222.3
553.24599,226.3
553.6193900000001,222.1
553.8086500000001,220.3
554.47962,223.6
555.1583499999999,224.3
555.84235,226.7
556.40702,233.9
556.9232900000001,241.0
557.19865,243.0
557.3850500000001,249.1
557.65714,244.0
557.83821,250.5
558.1545600000001,245.6
558.30602,240.4
558.7776899999999,238.1
559.31601,234.5
559.63676,229.7
559.87262,230.2
560.43662,230.3
560.9656,228.3
561.45074,231.6
561.88807,231.9
562.31049,234.6
562.6555999999999,234.1
563.13485,240.1
563.53574,242.3
563.9279,245.7
564.31056,245.8
564.7243599999999,247.6
565.1343,251.4
565.53896,252.4
565.89564,252.6
566.2453,251.4
566.58864,253.7
566.91835,254.3
567.23949,253.9
567.5486500000001,254.5
567.88489,253.2
568.20414,253.9
568.53424,252.8
568.93015,253.0
569.31459,250.2
569.68393,251.3
570.06725,250.0
570.4634599999999,251.3
570.86213,251.8
571.26144,251.8
571.63336,249.6
571.9746899999999,251.6
572.3155,250.3
572.66987,246.31
573.05352,247.66
573.47575,249.19
573.9130200000001,248.72
574.36465,251.77
574.806,251.86
575.2339599999999,252.08
575.65453,248.86
576.11285,252.54
576.5991,252.9
577.1151,251.3
577.6538499999999,251.34
578.1963499999999,251.08
578.74235,249.06
579.2805500000001,252.92
579.83312,251.47
580.2105,244.14
580.40178,243.81
580.814,236.17
581.11865,230.26
581.5465300000001,225.21
581.9283,219.41
582.45453,215.45
582.8363,209.88
583.57425,206.68
583.9588,210.64
586.72084,223.96
587.17185,225.99
587.88867,234.4
588.27935,238.78
588.9409,246.35
589.42535,250.2
590.04015,248.1
590.4888000000001,243.56
591.01947,237.38
592.38347,225.68
592.78552,229.39
593.56125,233.16
594.04675,238.15
594.8638100000001,237.98
595.43647,232.92
596.2215600000001,221.22
596.79113,216.44
597.8036099999999,216.27
598.32975,219.02
599.21822,225.97
599.81463,229.38
601.2551500000001,232.45
602.60075,237.86
603.94915,239.14
605.3031500000001,244.53
606.62591,248.48
607.9793000000001,254.58
609.2473,259.22
610.4295,257.74
611.55101,257.82
611.60063,259.68
612.76197,258.14
613.9428,256.19
615.1406,252.75
616.29912,252.9
616.3566,252.73
617.60957,252.64
618.95375,248.29
620.28375,245.89
621.65145,243.53
622.95073,243.89
623.05495,239.19
624.49695,237.93
625.39792,235.02
626.0475,228.51
626.9694300000001,215.71
627.8301,205.76
629.13962,199.52
629.76985,205.27
629.8661,200.78
631.5263199999999,200.46
632.3569399999999,196.5
634.07754,193.1
634.88114,195.95
635.00903,194.86
636.52156,194.0
637.71437,195.33
639.41827,188.85
640.37225,190.18
642.0746,191.38
642.8566500000001,191.56
644.3008299999999,195.31
645.15065,195.82
646.37695,189.89
647.25485,191.85
648.61242,193.48
649.1911,196.17
650.3484599999999,189.25
650.9471,193.44
652.10426,187.27
652.70895,186.79
653.73025,192.87
654.43865,194.82
655.52435,200.0
656.13265,200.35
657.1810899999999,192.93
657.6542099999999,189.23
657.722,190.88
658.7641,184.1
659.29382,187.38
659.4119000000001,185.68
660.46355,188.43
661.1183199999999,193.97
661.2159,191.59
662.28218,189.69
662.79661,193.91
662.87755,190.86
663.9375200000001,191.02
664.3204000000001,192.55
664.40809,187.77
665.3219399999999,180.17
665.8365200000001,180.54
666.7533599999999,174.77
667.40986,173.71
668.41526,177.71
668.9155400000001,180.67
669.8193,187.66
670.2963199999999,191.51
671.07075,194.88
671.45793,196.83
672.15088,194.79
672.76138,197.13
673.69611,201.12
674.22938,204.67
675.0284,211.69
675.40653,216.12
676.53074,222.57
677.15231,219.96
677.60074,216.59
678.3281800000001,218.21
678.74162,220.09
679.45537,229.16
679.73517,232.7
680.3125799999999,233.61
680.62761,233.11
681.22567,225.81
681.66993,227.9
682.34371,221.31
682.74009,219.14
683.45786,220.24
683.82875,222.7
684.4236800000001,225.64
684.75806,224.36
685.29484,221.82
685.67987,220.62
686.26911,220.63
686.58181,222.62
687.15404,222.7
687.4455,222.97
688.00038,226.73
688.30013,227.65
688.80987,227.64
689.15783,230.67
689.69326,232.07
689.9514499999999,232.27
690.47465,235.8
690.73639,236.45
691.22183,239.29
691.46767,238.42
691.96796,239.38
692.3183399999999,243.56
692.83246,239.3
693.07709,238.47
693.5740400000001,243.7
693.8212900000001,237.76
694.28035,239.34
694.5368199999999,240.46
694.94914,239.31
695.25926,239.8
695.7323100000001,236.8
695.98188,238.74
696.43489,238.05
696.64483,238.13
697.09029,239.44
697.34245,238.42
697.7466800000001,239.88
698.039,241.03
698.50554,240.9
698.75323,241.83
699.21575,238.86
699.43902,239.01
699.86471,239.73
700.1036899999999,237.21
700.48502,236.72
700.81484,236.61
701.26853,235.42
701.52452,232.46
701.99315,230.88
702.20092,232.16
702.73427,232.18
703.0099799999999,230.59
703.46852,233.35
703.79607,232.28
704.25052,232.83
704.58181,233.54
705.0533399999999,234.04
705.24391,235.09
705.72695,237.18
706.0532,237.66
706.49295,236.05
706.71074,236.05
707.3107,238.85
707.64373,233.51
708.1996800000001,233.58
708.4134499999999,233.11
708.95915,234.84
709.45379,231.43
709.9095500000001,230.51
710.4564499999999,227.03
710.98336,224.9
711.39904,225.39
712.02147,224.12
712.24373,224.0
713.3125,223.89
714.06558,227.64
714.4038,227.08
715.11573,223.14
715.56538,227.58
716.31016,213.6
716.58591,210.51
717.3482700000001,198.43
717.95548,189.88
718.7783499999999,193.46
719.28718,200.82
720.08729,212.03
720.59076,217.04
721.40752,219.2
721.68986,218.96
722.5058100000001,216.1
722.99459,212.11
723.78023,212.55
724.142,214.01
724.97536,210.48
725.4744300000001,211.49
726.24959,211.08
726.57686,211.43
727.8985,210.07
728.5939000000001,210.24
728.98753,211.08
729.8369399999999,210.01
730.26031,212.17
730.90831,210.16
731.18423,210.7
731.861,211.62
732.32175,213.73
732.9935,208.11
733.329,207.72
734.02223,210.6
734.46262,216.15
735.1345699999999,214.66
735.4099100000001,217.88
736.1073100000001,217.19
736.52222,213.14
737.26982,206.92
737.66012,204.52
738.58099,191.74
739.17456,185.61
740.10645,185.4
740.46092,183.39
741.3299000000001,184.77
741.87413,189.14
742.64475,188.65
743.06217,187.33
743.95908,188.18
744.52314,188.97
745.67105,187.29
746.6199300000001,190.24
747.17704,187.92
747.9402,187.95
748.33688,187.54
749.2629300000001,188.68
749.8141800000001,190.17
750.7064399999999,192.08
751.03625,191.3
751.97387,193.55
752.56588,197.5
753.48907,195.43
753.93465,203.9
755.1145799999999,199.05
755.58683,203.3
756.56617,208.1
756.85068,209.45
757.78545,213.61
758.36242,218.35
759.13569,222.72
759.56188,226.94
759.87821,223.02
760.1082700000001,225.37
760.51606,225.62
760.93994,222.71
761.86449,216.64
762.1660400000001,214.69
763.1018,214.0
763.77058,219.95
764.67688,223.89
765.1818199999999,222.93
765.58664,233.66
765.85148,229.41
766.1885,232.12
766.8089100000001,230.62
767.74716,224.86
768.11726,223.82
769.06138,221.64
769.65142,225.87
770.59915,230.63
771.02067,229.56
771.51933,236.32
771.81267,234.24
772.17526,239.71
772.4745600000001,243.89
772.7379599999999,246.49
772.99564,243.85
773.24982,246.03
773.6844699999999,237.78
774.04414,239.23
774.9588100000001,238.39
775.53801,241.74
776.33226,245.32
776.7827,248.92
777.68175,247.3
778.23279,252.46
779.0579799999999,254.93
779.36755,254.69
780.18892,254.43
780.71944,252.52
781.56283,257.21
781.8866800000001,251.51
782.72845,257.44
783.19853,255.02
784.26176,260.92
785.0340799999999,255.85
785.51905,259.66
786.1895999999999,262.23
786.56326,264.35
787.35551,269.36
787.8035699999999,266.0
788.47924,257.2
788.69187,257.02
789.49404,238.64
789.9530100000001,235.49
790.63941,227.38
791.05688,230.55
792.03078,224.69
792.6173,214.45
793.51939,213.36
793.85276,218.39
795.12245,208.79
795.68732,204.62
796.85259,198.79
797.3788199999999,197.91
798.6813000000001,200.49
801.2360600000001,198.68
802.87209,198.66
803.70925,202.65
803.92528,202.92
804.00987,207.5
804.5226700000001,204.86
805.13244,202.23
805.66887,207.29
